model,corruption,cls,kind,layer,mean,std,count,norm,mean_drop
Qwen3-30B-A3B-Base,IOI (i) S2 -> IO,S2,attn_layer,0,0.001953125,0.13407936286257824,64,0.00015605493133583021,12.515625
Qwen3-30B-A3B-Base,IOI (i) S2 -> IO,S2,attn_layer,1,0.2578125,0.37951972050733834,64,0.020599250936329586,12.515625
Qwen3-30B-A3B-Base,IOI (i) S2 -> IO,S2,attn_layer,2,-0.0224609375,0.13146344487647388,64,-0.0017946317103620475,12.515625
Qwen3-30B-A3B-Base,IOI (i) S2 -> IO,S2,attn_layer,3,3.20703125,2.408696704956491,64,0.2562421972534332,12.515625
Qwen3-30B-A3B-Base,IOI (i) S2 -> IO,S2,attn_layer,4,-0.0341796875,0.13589872417225565,64,-0.002730961298377029,12.515625
Qwen3-30B-A3B-Base,IOI (i) S2 -> IO,S2,attn_layer,5,0.0126953125,0.12947337218386912,64,0.0010143570536828965,12.515625
Qwen3-30B-A3B-Base,IOI (i) S2 -> IO,S2,attn_layer,6,-0.1435546875,0.2789933024909763,64,-0.01147003745318352,12.515625
Qwen3-30B-A3B-Base,IOI (i) S2 -> IO,S2,attn_layer,7,-0.0048828125,0.11695578944211261,64,-0.0003901373283395755,12.515625
Qwen3-30B-A3B-Base,IOI (i) S2 -> IO,S2,attn_layer,8,0.3388671875,0.307762640994589,64,0.027075530586766542,12.515625
Qwen3-30B-A3B-Base,IOI (i) S2 -> IO,S2,attn_layer,9,0.005859375,0.11979166666666667,64,0.00046816479400749064,12.515625
Qwen3-30B-A3B-Base,IOI (i) S2 -> IO,S2,attn_layer,10,-0.0078125,0.1093927139850542,64,-0.0006242197253433209,12.515625
Qwen3-30B-A3B-Base,IOI (i) S2 -> IO,S2,attn_layer,11,0.048828125,0.13614444997839845,64,0.0039013732833957553,12.515625
Qwen3-30B-A3B-Base,IOI (i) S2 -> IO,S2,attn_layer,12,-0.0126953125,0.12003001004337166,64,-0.0010143570536828965,12.515625
Qwen3-30B-A3B-Base,IOI (i) S2 -> IO,S2,attn_layer,13,0.0244140625,0.13802083333333331,64,0.0019506866416978776,12.515625
Qwen3-30B-A3B-Base,IOI (i) S2 -> IO,S2,attn_layer,14,0.0283203125,0.16664050668952632,64,0.002262796504369538,12.515625
Qwen3-30B-A3B-Base,IOI (i) S2 -> IO,S2,attn_layer,15,0.0068359375,0.12799835857973785,64,0.0005461922596754058,12.515625
Qwen3-30B-A3B-Base,IOI (i) S2 -> IO,S2,attn_layer,16,0.0107421875,0.1324911495153574,64,0.0008583021223470662,12.515625
Qwen3-30B-A3B-Base,IOI (i) S2 -> IO,S2,attn_layer,17,0.01171875,0.1278809861824037,64,0.0009363295880149813,12.515625
Qwen3-30B-A3B-Base,IOI (i) S2 -> IO,S2,attn_layer,18,-0.05859375,0.1514132334437937,64,-0.0046816479400749065,12.515625
Qwen3-30B-A3B-Base,IOI (i) S2 -> IO,S2,attn_layer,19,0.013671875,0.13338389573285456,64,0.0010923845193508116,12.515625
Qwen3-30B-A3B-Base,IOI (i) S2 -> IO,S2,attn_layer,20,0.0625,0.14689241284825078,64,0.004993757802746567,12.515625
Qwen3-30B-A3B-Base,IOI (i) S2 -> IO,S2,attn_layer,21,0.0400390625,0.10760238036133124,64,0.0031991260923845194,12.515625
Qwen3-30B-A3B-Base,IOI (i) S2 -> IO,S2,attn_layer,22,0.021484375,0.1131368383703052,64,0.0017166042446941324,12.515625
Qwen3-30B-A3B-Base,IOI (i) S2 -> IO,S2,attn_layer,23,0.046875,0.12450298013899935,64,0.003745318352059925,12.515625
Qwen3-30B-A3B-Base,IOI (i) S2 -> IO,S2,attn_layer,24,0.0400390625,0.1256763386668089,64,0.0031991260923845194,12.515625
Qwen3-30B-A3B-Base,IOI (i) S2 -> IO,S2,attn_layer,25,0.0390625,0.12866646619772193,64,0.003121098626716604,12.515625
Qwen3-30B-A3B-Base,IOI (i) S2 -> IO,S2,attn_layer,26,0.0205078125,0.125522068261066,64,0.0016385767790262173,12.515625
Qwen3-30B-A3B-Base,IOI (i) S2 -> IO,S2,attn_layer,27,0.0546875,0.10175786307904022,64,0.004369538077403246,12.515625
Qwen3-30B-A3B-Base,IOI (i) S2 -> IO,S2,attn_layer,28,-0.0185546875,0.11873156054622572,64,-0.001482521847690387,12.515625
Qwen3-30B-A3B-Base,IOI (i) S2 -> IO,S2,attn_layer,29,0.0654296875,0.11379855032927111,64,0.005227840199750312,12.515625
Qwen3-30B-A3B-Base,IOI (i) S2 -> IO,S2,attn_layer,30,0.2080078125,0.3700155991154828,64,0.016619850187265917,12.515625
Qwen3-30B-A3B-Base,IOI (i) S2 -> IO,S2,attn_layer,31,-0.0068359375,0.11197916666666666,64,-0.0005461922596754058,12.515625
Qwen3-30B-A3B-Base,IOI (i) S2 -> IO,S2,attn_layer,32,0.279296875,0.17322253140658336,64,0.02231585518102372,12.515625
Qwen3-30B-A3B-Base,IOI (i) S2 -> IO,S2,attn_layer,33,0.0849609375,0.13380088572699872,64,0.006788389513108614,12.515625
Qwen3-30B-A3B-Base,IOI (i) S2 -> IO,S2,attn_layer,34,0.1318359375,0.13824526900506123,64,0.010533707865168539,12.515625
Qwen3-30B-A3B-Base,IOI (i) S2 -> IO,S2,attn_layer,35,-0.0537109375,0.14598936699396164,64,-0.004291510611735331,12.515625
Qwen3-30B-A3B-Base,IOI (i) S2 -> IO,S2,attn_layer,36,0.140625,0.11993715285482072,64,0.011235955056179775,12.515625
Qwen3-30B-A3B-Base,IOI (i) S2 -> IO,S2,attn_layer,37,0.0283203125,0.08833901002368255,64,0.002262796504369538,12.515625
Qwen3-30B-A3B-Base,IOI (i) S2 -> IO,S2,attn_layer,38,0.4091796875,0.2375181925728541,64,0.032693508114856426,12.515625
Qwen3-30B-A3B-Base,IOI (i) S2 -> IO,S2,attn_layer,39,0.0361328125,0.08168358630305948,64,0.002887016229712859,12.515625
Qwen3-30B-A3B-Base,IOI (i) S2 -> IO,S2,attn_layer,40,0.0166015625,0.0864321084007512,64,0.0013264669163545568,12.515625
Qwen3-30B-A3B-Base,IOI (i) S2 -> IO,S2,attn_layer,41,0.0390625,0.08296047538551402,64,0.003121098626716604,12.515625
Qwen3-30B-A3B-Base,IOI (i) S2 -> IO,S2,attn_layer,42,-0.0634765625,0.2410326729760185,64,-0.005071785268414482,12.515625
Qwen3-30B-A3B-Base,IOI (i) S2 -> IO,S2,attn_layer,43,0.0087890625,0.05878564806272668,64,0.0007022471910112359,12.515625
Qwen3-30B-A3B-Base,IOI (i) S2 -> IO,S2,attn_layer,44,-0.0546875,0.09416245249735936,64,-0.004369538077403246,12.515625
Qwen3-30B-A3B-Base,IOI (i) S2 -> IO,S2,attn_layer,45,0.0009765625,0.049164885333953474,64,7.802746566791511e-05,12.515625
Qwen3-30B-A3B-Base,IOI (i) S2 -> IO,S2,attn_layer,46,0.0107421875,0.03617823955585886,64,0.0008583021223470662,12.515625
Qwen3-30B-A3B-Base,IOI (i) S2 -> IO,S2,attn_layer,47,0.00390625,0.026991602897644427,64,0.00031210986267166043,12.515625
Qwen3-30B-A3B-Base,IOI (i) S2 -> IO,S2,layer,0,0.466796875,0.9761521955509644,64,0.03729712858926342,12.515625
Qwen3-30B-A3B-Base,IOI (i) S2 -> IO,S2,layer,1,-0.017578125,0.1466679983367575,64,-0.0014044943820224719,12.515625
Qwen3-30B-A3B-Base,IOI (i) S2 -> IO,S2,layer,2,0.08984375,0.3207975784034596,64,0.00717852684144819,12.515625
Qwen3-30B-A3B-Base,IOI (i) S2 -> IO,S2,layer,3,-0.01171875,0.15141323344379368,64,-0.0009363295880149813,12.515625
Qwen3-30B-A3B-Base,IOI (i) S2 -> IO,S2,layer,4,-0.009765625,0.14226883139642627,64,-0.000780274656679151,12.515625
Qwen3-30B-A3B-Base,IOI (i) S2 -> IO,S2,layer,5,-0.044921875,0.142377745350289,64,-0.003589263420724095,12.515625
Qwen3-30B-A3B-Base,IOI (i) S2 -> IO,S2,layer,6,0.0009765625,0.14195182587954167,64,7.802746566791511e-05,12.515625
Qwen3-30B-A3B-Base,IOI (i) S2 -> IO,S2,layer,7,-0.0263671875,0.14208825901774733,64,-0.002106741573033708,12.515625
Qwen3-30B-A3B-Base,IOI (i) S2 -> IO,S2,layer,8,-0.033203125,0.13454101040999675,64,-0.0026529338327091136,12.515625
Qwen3-30B-A3B-Base,IOI (i) S2 -> IO,S2,layer,9,0.00390625,0.1438534824213926,64,0.00031210986267166043,12.515625
Qwen3-30B-A3B-Base,IOI (i) S2 -> IO,S2,layer,10,-0.083984375,0.15638634923859113,64,-0.006710362047440699,12.515625
Qwen3-30B-A3B-Base,IOI (i) S2 -> IO,S2,layer,11,0.0029296875,0.11595749998631134,64,0.00023408239700374532,12.515625
Qwen3-30B-A3B-Base,IOI (i) S2 -> IO,S2,layer,12,-0.05078125,0.15545432328174127,64,-0.004057428214731586,12.515625
Qwen3-30B-A3B-Base,IOI (i) S2 -> IO,S2,layer,13,-0.06640625,0.17461515223166887,64,-0.005305867665418227,12.515625
Qwen3-30B-A3B-Base,IOI (i) S2 -> IO,S2,layer,14,-0.0009765625,0.13010040169549578,64,-7.802746566791511e-05,12.515625
Qwen3-30B-A3B-Base,IOI (i) S2 -> IO,S2,layer,15,-0.0107421875,0.15770343355129923,64,-0.0008583021223470662,12.515625
Qwen3-30B-A3B-Base,IOI (i) S2 -> IO,S2,layer,16,-0.033203125,0.1498050775505311,64,-0.0026529338327091136,12.515625
Qwen3-30B-A3B-Base,IOI (i) S2 -> IO,S2,layer,17,-0.0087890625,0.1546514207563716,64,-0.0007022471910112359,12.515625
Qwen3-30B-A3B-Base,IOI (i) S2 -> IO,S2,layer,18,-0.013671875,0.15408972903232054,64,-0.0010923845193508116,12.515625
Qwen3-30B-A3B-Base,IOI (i) S2 -> IO,S2,layer,19,-0.0673828125,0.15117950914596553,64,-0.0053838951310861425,12.515625
Qwen3-30B-A3B-Base,IOI (i) S2 -> IO,S2,layer,20,-0.052734375,0.18135388032990715,64,-0.004213483146067416,12.515625
Qwen3-30B-A3B-Base,IOI (i) S2 -> IO,S2,layer,21,-0.0029296875,0.14580343549819183,64,-0.00023408239700374532,12.515625
Qwen3-30B-A3B-Base,IOI (i) S2 -> IO,S2,layer,22,-0.0625,0.15669579263200217,64,-0.004993757802746567,12.515625
Qwen3-30B-A3B-Base,IOI (i) S2 -> IO,S2,layer,23,0.017578125,0.12670892837429373,64,0.0014044943820224719,12.515625
Qwen3-30B-A3B-Base,IOI (i) S2 -> IO,S2,layer,24,-0.0146484375,0.18016134038396922,64,-0.0011704119850187266,12.515625
Qwen3-30B-A3B-Base,IOI (i) S2 -> IO,S2,layer,25,-0.0849609375,0.13700632312738312,64,-0.006788389513108614,12.515625
Qwen3-30B-A3B-Base,IOI (i) S2 -> IO,S2,layer,26,-0.048828125,0.18041121939978527,64,-0.0039013732833957553,12.515625
Qwen3-30B-A3B-Base,IOI (i) S2 -> IO,S2,layer,27,-0.009765625,0.12804754724382164,64,-0.000780274656679151,12.515625
Qwen3-30B-A3B-Base,IOI (i) S2 -> IO,S2,layer,28,-0.0068359375,0.11579028164279018,64,-0.0005461922596754058,12.515625
Qwen3-30B-A3B-Base,IOI (i) S2 -> IO,S2,layer,29,0.0185546875,0.1433373509178775,64,0.001482521847690387,12.515625
Qwen3-30B-A3B-Base,IOI (i) S2 -> IO,S2,layer,30,0.0234375,0.13432481067139,64,0.0018726591760299626,12.515625
Qwen3-30B-A3B-Base,IOI (i) S2 -> IO,S2,layer,31,-0.0517578125,0.12626084715895747,64,-0.0041354556803995,12.515625
Qwen3-30B-A3B-Base,IOI (i) S2 -> IO,S2,layer,32,-0.0595703125,0.1361266586672162,64,-0.004759675405742822,12.515625
Qwen3-30B-A3B-Base,IOI (i) S2 -> IO,S2,layer,33,0.0322265625,0.1178470198048509,64,0.0025749063670411983,12.515625
Qwen3-30B-A3B-Base,IOI (i) S2 -> IO,S2,layer,34,-0.037109375,0.17277452204034552,64,-0.002965043695380774,12.515625
Qwen3-30B-A3B-Base,IOI (i) S2 -> IO,S2,layer,35,0.052734375,0.11148058300396875,64,0.004213483146067416,12.515625
Qwen3-30B-A3B-Base,IOI (i) S2 -> IO,S2,layer,36,0.0234375,0.11758777538772865,64,0.0018726591760299626,12.515625
Qwen3-30B-A3B-Base,IOI (i) S2 -> IO,S2,layer,37,0.0849609375,0.15684102012151643,64,0.006788389513108614,12.515625
Qwen3-30B-A3B-Base,IOI (i) S2 -> IO,S2,layer,38,0.1162109375,0.13768349386054535,64,0.009285268414481898,12.515625
Qwen3-30B-A3B-Base,IOI (i) S2 -> IO,S2,layer,39,-0.009765625,0.11313683837030522,64,-0.000780274656679151,12.515625
Qwen3-30B-A3B-Base,IOI (i) S2 -> IO,S2,layer,40,0.0185546875,0.09687560003654418,64,0.001482521847690387,12.515625
Qwen3-30B-A3B-Base,IOI (i) S2 -> IO,S2,layer,41,0.0517578125,0.07839116366766498,64,0.0041354556803995,12.515625
Qwen3-30B-A3B-Base,IOI (i) S2 -> IO,S2,layer,42,0.0087890625,0.0703125,64,0.0007022471910112359,12.515625
Qwen3-30B-A3B-Base,IOI (i) S2 -> IO,S2,layer,43,0.009765625,0.06514135842443686,64,0.000780274656679151,12.515625
Qwen3-30B-A3B-Base,IOI (i) S2 -> IO,S2,layer,44,0.00390625,0.058793887693864316,64,0.00031210986267166043,12.515625
Qwen3-30B-A3B-Base,IOI (i) S2 -> IO,S2,layer,45,0.001953125,0.049762269664303464,64,0.00015605493133583021,12.515625
Qwen3-30B-A3B-Base,IOI (i) S2 -> IO,S2,layer,46,0.005859375,0.0441503086284131,64,0.00046816479400749064,12.515625
Qwen3-30B-A3B-Base,IOI (i) S2 -> IO,S2,layer,47,0.0,0.0,64,0.0,12.515625
Qwen3-30B-A3B-Base,IOI (i) S2 -> IO,after_S2,attn_layer,0,-0.015625,0.2083333333333333,64,-0.0012484394506866417,12.515625
Qwen3-30B-A3B-Base,IOI (i) S2 -> IO,after_S2,attn_layer,1,-0.0048828125,0.20360853238949872,64,-0.0003901373283395755,12.515625
Qwen3-30B-A3B-Base,IOI (i) S2 -> IO,after_S2,attn_layer,2,0.0029296875,0.1838027295509427,64,0.00023408239700374532,12.515625
Qwen3-30B-A3B-Base,IOI (i) S2 -> IO,after_S2,attn_layer,3,-0.0361328125,0.18924606561483506,64,-0.002887016229712859,12.515625
Qwen3-30B-A3B-Base,IOI (i) S2 -> IO,after_S2,attn_layer,4,-0.01953125,0.17847839838612456,64,-0.001560549313358302,12.515625
Qwen3-30B-A3B-Base,IOI (i) S2 -> IO,after_S2,attn_layer,5,0.02734375,0.21095816697697606,64,0.002184769038701623,12.515625
Qwen3-30B-A3B-Base,IOI (i) S2 -> IO,after_S2,attn_layer,6,0.01171875,0.18762396695569167,64,0.0009363295880149813,12.515625
Qwen3-30B-A3B-Base,IOI (i) S2 -> IO,after_S2,attn_layer,7,-0.05859375,0.19791666666666669,64,-0.0046816479400749065,12.515625
Qwen3-30B-A3B-Base,IOI (i) S2 -> IO,after_S2,attn_layer,8,-0.0126953125,0.21134128753972428,64,-0.0010143570536828965,12.515625
Qwen3-30B-A3B-Base,IOI (i) S2 -> IO,after_S2,attn_layer,9,0.01171875,0.17638166308159292,64,0.0009363295880149813,12.515625
Qwen3-30B-A3B-Base,IOI (i) S2 -> IO,after_S2,attn_layer,10,-0.0087890625,0.17246864920279656,64,-0.0007022471910112359,12.515625
Qwen3-30B-A3B-Base,IOI (i) S2 -> IO,after_S2,attn_layer,11,-0.013671875,0.17868454998342126,64,-0.0010923845193508116,12.515625
Qwen3-30B-A3B-Base,IOI (i) S2 -> IO,after_S2,attn_layer,12,0.03125,0.1699819084677814,64,0.0024968789013732834,12.515625
Qwen3-30B-A3B-Base,IOI (i) S2 -> IO,after_S2,attn_layer,13,-0.0087890625,0.1815754424668811,64,-0.0007022471910112359,12.515625
Qwen3-30B-A3B-Base,IOI (i) S2 -> IO,after_S2,attn_layer,14,-0.03515625,0.15822168682750065,64,-0.0028089887640449437,12.515625
Qwen3-30B-A3B-Base,IOI (i) S2 -> IO,after_S2,attn_layer,15,-0.0146484375,0.19150555712620526,64,-0.0011704119850187266,12.515625
Qwen3-30B-A3B-Base,IOI (i) S2 -> IO,after_S2,attn_layer,16,0.0205078125,0.2124751057722214,64,0.0016385767790262173,12.515625
Qwen3-30B-A3B-Base,IOI (i) S2 -> IO,after_S2,attn_layer,17,0.00390625,0.16055575293830893,64,0.00031210986267166043,12.515625
Qwen3-30B-A3B-Base,IOI (i) S2 -> IO,after_S2,attn_layer,18,-0.013671875,0.18682708283053678,64,-0.0010923845193508116,12.515625
Qwen3-30B-A3B-Base,IOI (i) S2 -> IO,after_S2,attn_layer,19,-0.0361328125,0.16509853340247096,64,-0.002887016229712859,12.515625
Qwen3-30B-A3B-Base,IOI (i) S2 -> IO,after_S2,attn_layer,20,0.0166015625,0.19455707082253176,64,0.0013264669163545568,12.515625
Qwen3-30B-A3B-Base,IOI (i) S2 -> IO,after_S2,attn_layer,21,-0.0009765625,0.1672208745059531,64,-7.802746566791511e-05,12.515625
Qwen3-30B-A3B-Base,IOI (i) S2 -> IO,after_S2,attn_layer,22,-0.009765625,0.1645018446548283,64,-0.000780274656679151,12.515625
Qwen3-30B-A3B-Base,IOI (i) S2 -> IO,after_S2,attn_layer,23,0.009765625,0.15717730784432746,64,0.000780274656679151,12.515625
Qwen3-30B-A3B-Base,IOI (i) S2 -> IO,after_S2,attn_layer,24,0.0224609375,0.17795380853949241,64,0.0017946317103620475,12.515625
Qwen3-30B-A3B-Base,IOI (i) S2 -> IO,after_S2,attn_layer,25,0.0224609375,0.15762969728377266,64,0.0017946317103620475,12.515625
Qwen3-30B-A3B-Base,IOI (i) S2 -> IO,after_S2,attn_layer,26,0.0068359375,0.17751774010806748,64,0.0005461922596754058,12.515625
Qwen3-30B-A3B-Base,IOI (i) S2 -> IO,after_S2,attn_layer,27,-0.0205078125,0.15148679790000197,64,-0.0016385767790262173,12.515625
Qwen3-30B-A3B-Base,IOI (i) S2 -> IO,after_S2,attn_layer,28,-0.01953125,0.13541666666666663,64,-0.001560549313358302,12.515625
Qwen3-30B-A3B-Base,IOI (i) S2 -> IO,after_S2,attn_layer,29,0.0322265625,0.16137130430985147,64,0.0025749063670411983,12.515625
Qwen3-30B-A3B-Base,IOI (i) S2 -> IO,after_S2,attn_layer,30,0.0,0.12890718945064114,64,0.0,12.515625
Qwen3-30B-A3B-Base,IOI (i) S2 -> IO,after_S2,attn_layer,31,-0.009765625,0.1637462702531737,64,-0.000780274656679151,12.515625
Qwen3-30B-A3B-Base,IOI (i) S2 -> IO,after_S2,attn_layer,32,0.0048828125,0.15838998340412164,64,0.0003901373283395755,12.515625
Qwen3-30B-A3B-Base,IOI (i) S2 -> IO,after_S2,attn_layer,33,0.0029296875,0.13793657580907442,64,0.00023408239700374532,12.515625
Qwen3-30B-A3B-Base,IOI (i) S2 -> IO,after_S2,attn_layer,34,-0.0107421875,0.13572752210018554,64,-0.0008583021223470662,12.515625
Qwen3-30B-A3B-Base,IOI (i) S2 -> IO,after_S2,attn_layer,35,0.0634765625,0.1694310139543033,64,0.005071785268414482,12.515625
Qwen3-30B-A3B-Base,IOI (i) S2 -> IO,after_S2,attn_layer,36,0.013671875,0.1379541337037509,64,0.0010923845193508116,12.515625
Qwen3-30B-A3B-Base,IOI (i) S2 -> IO,after_S2,attn_layer,37,0.009765625,0.13918464294364233,64,0.000780274656679151,12.515625
Qwen3-30B-A3B-Base,IOI (i) S2 -> IO,after_S2,attn_layer,38,0.01953125,0.12592662498833354,64,0.001560549313358302,12.515625
Qwen3-30B-A3B-Base,IOI (i) S2 -> IO,after_S2,attn_layer,39,0.50390625,0.2950221524504692,64,0.040262172284644196,12.515625
Qwen3-30B-A3B-Base,IOI (i) S2 -> IO,after_S2,attn_layer,40,0.0087890625,0.1288432912029029,64,0.0007022471910112359,12.515625
Qwen3-30B-A3B-Base,IOI (i) S2 -> IO,after_S2,attn_layer,41,0.1337890625,0.15624689977083075,64,0.01068976279650437,12.515625
Qwen3-30B-A3B-Base,IOI (i) S2 -> IO,after_S2,attn_layer,42,0.9169921875,0.505556266726944,64,0.07326779026217228,12.515625
Qwen3-30B-A3B-Base,IOI (i) S2 -> IO,after_S2,attn_layer,43,0.033203125,0.11134144961683308,64,0.0026529338327091136,12.515625
Qwen3-30B-A3B-Base,IOI (i) S2 -> IO,after_S2,attn_layer,44,-0.0185546875,0.11820818725128189,64,-0.001482521847690387,12.515625
Qwen3-30B-A3B-Base,IOI (i) S2 -> IO,after_S2,attn_layer,45,0.0517578125,0.11332079735246837,64,0.0041354556803995,12.515625
Qwen3-30B-A3B-Base,IOI (i) S2 -> IO,after_S2,attn_layer,46,0.0185546875,0.08816336375069464,64,0.001482521847690387,12.515625
Qwen3-30B-A3B-Base,IOI (i) S2 -> IO,after_S2,attn_layer,47,0.005859375,0.04944978764378946,64,0.00046816479400749064,12.515625
Qwen3-30B-A3B-Base,IOI (i) S2 -> IO,after_S2,layer,0,-0.0087890625,0.19219233927318127,64,-0.0007022471910112359,12.515625
Qwen3-30B-A3B-Base,IOI (i) S2 -> IO,after_S2,layer,1,-0.0283203125,0.18261822365963154,64,-0.002262796504369538,12.515625
Qwen3-30B-A3B-Base,IOI (i) S2 -> IO,after_S2,layer,2,-0.0009765625,0.1858365989396501,64,-7.802746566791511e-05,12.515625
Qwen3-30B-A3B-Base,IOI (i) S2 -> IO,after_S2,layer,3,0.0068359375,0.19000221499727063,64,0.0005461922596754058,12.515625
Qwen3-30B-A3B-Base,IOI (i) S2 -> IO,after_S2,layer,4,-0.02734375,0.1832775212664862,64,-0.002184769038701623,12.515625
Qwen3-30B-A3B-Base,IOI (i) S2 -> IO,after_S2,layer,5,-0.0029296875,0.19995959645831907,64,-0.00023408239700374532,12.515625
Qwen3-30B-A3B-Base,IOI (i) S2 -> IO,after_S2,layer,6,0.0126953125,0.20538982713072645,64,0.0010143570536828965,12.515625
Qwen3-30B-A3B-Base,IOI (i) S2 -> IO,after_S2,layer,7,-0.0078125,0.20427596685591926,64,-0.0006242197253433209,12.515625
Qwen3-30B-A3B-Base,IOI (i) S2 -> IO,after_S2,layer,8,0.021484375,0.1799811050212842,64,0.0017166042446941324,12.515625
Qwen3-30B-A3B-Base,IOI (i) S2 -> IO,after_S2,layer,9,-0.0166015625,0.19231328152649285,64,-0.0013264669163545568,12.515625
Qwen3-30B-A3B-Base,IOI (i) S2 -> IO,after_S2,layer,10,0.0,0.1899639690146779,64,0.0,12.515625
Qwen3-30B-A3B-Base,IOI (i) S2 -> IO,after_S2,layer,11,-0.015625,0.16961674819970246,64,-0.0012484394506866417,12.515625
Qwen3-30B-A3B-Base,IOI (i) S2 -> IO,after_S2,layer,12,-0.0068359375,0.18335943655484524,64,-0.0005461922596754058,12.515625
Qwen3-30B-A3B-Base,IOI (i) S2 -> IO,after_S2,layer,13,-0.017578125,0.19494757575221774,64,-0.0014044943820224719,12.515625
Qwen3-30B-A3B-Base,IOI (i) S2 -> IO,after_S2,layer,14,-0.0068359375,0.20985077946097075,64,-0.0005461922596754058,12.515625
Qwen3-30B-A3B-Base,IOI (i) S2 -> IO,after_S2,layer,15,0.029296875,0.15549171158306715,64,0.0023408239700374533,12.515625
Qwen3-30B-A3B-Base,IOI (i) S2 -> IO,after_S2,layer,16,-0.0107421875,0.18685560149755187,64,-0.0008583021223470662,12.515625
Qwen3-30B-A3B-Base,IOI (i) S2 -> IO,after_S2,layer,17,0.0126953125,0.16523930739335993,64,0.0010143570536828965,12.515625
Qwen3-30B-A3B-Base,IOI (i) S2 -> IO,after_S2,layer,18,-0.00390625,0.1717509472952781,64,-0.00031210986267166043,12.515625
Qwen3-30B-A3B-Base,IOI (i) S2 -> IO,after_S2,layer,19,-0.0009765625,0.18583659893965004,64,-7.802746566791511e-05,12.515625
Qwen3-30B-A3B-Base,IOI (i) S2 -> IO,after_S2,layer,20,-0.0107421875,0.1650046173521209,64,-0.0008583021223470662,12.515625
Qwen3-30B-A3B-Base,IOI (i) S2 -> IO,after_S2,layer,21,-0.0126953125,0.18639877922967601,64,-0.0010143570536828965,12.515625
Qwen3-30B-A3B-Base,IOI (i) S2 -> IO,after_S2,layer,22,-0.01953125,0.17066447810631707,64,-0.001560549313358302,12.515625
Qwen3-30B-A3B-Base,IOI (i) S2 -> IO,after_S2,layer,23,-0.0107421875,0.1668728960318587,64,-0.0008583021223470662,12.515625
Qwen3-30B-A3B-Base,IOI (i) S2 -> IO,after_S2,layer,24,0.017578125,0.17196516394062775,64,0.0014044943820224719,12.515625
Qwen3-30B-A3B-Base,IOI (i) S2 -> IO,after_S2,layer,25,0.0009765625,0.1800752803269272,64,7.802746566791511e-05,12.515625
Qwen3-30B-A3B-Base,IOI (i) S2 -> IO,after_S2,layer,26,0.021484375,0.12707540470973466,64,0.0017166042446941324,12.515625
Qwen3-30B-A3B-Base,IOI (i) S2 -> IO,after_S2,layer,27,-0.0078125,0.14019721087278425,64,-0.0006242197253433209,12.515625
Qwen3-30B-A3B-Base,IOI (i) S2 -> IO,after_S2,layer,28,0.0029296875,0.15960862020688366,64,0.00023408239700374532,12.515625
Qwen3-30B-A3B-Base,IOI (i) S2 -> IO,after_S2,layer,29,-0.01953125,0.147681738320394,64,-0.001560549313358302,12.515625
Qwen3-30B-A3B-Base,IOI (i) S2 -> IO,after_S2,layer,30,0.001953125,0.14346233726069565,64,0.00015605493133583021,12.515625
Qwen3-30B-A3B-Base,IOI (i) S2 -> IO,after_S2,layer,31,0.0,0.1526875635521507,64,0.0,12.515625
Qwen3-30B-A3B-Base,IOI (i) S2 -> IO,after_S2,layer,32,0.0068359375,0.14046990455190547,64,0.0005461922596754058,12.515625
Qwen3-30B-A3B-Base,IOI (i) S2 -> IO,after_S2,layer,33,0.029296875,0.1617460953320318,64,0.0023408239700374533,12.515625
Qwen3-30B-A3B-Base,IOI (i) S2 -> IO,after_S2,layer,34,-0.01171875,0.14124367874603905,64,-0.0009363295880149813,12.515625
Qwen3-30B-A3B-Base,IOI (i) S2 -> IO,after_S2,layer,35,-0.01171875,0.16323665445341268,64,-0.0009363295880149813,12.515625
Qwen3-30B-A3B-Base,IOI (i) S2 -> IO,after_S2,layer,36,0.005859375,0.149701567379215,64,0.00046816479400749064,12.515625
Qwen3-30B-A3B-Base,IOI (i) S2 -> IO,after_S2,layer,37,0.015625,0.14940357616679922,64,0.0012484394506866417,12.515625
Qwen3-30B-A3B-Base,IOI (i) S2 -> IO,after_S2,layer,38,-0.0126953125,0.1313749818294733,64,-0.0010143570536828965,12.515625
Qwen3-30B-A3B-Base,IOI (i) S2 -> IO,after_S2,layer,39,0.0234375,0.1291474640103996,64,0.0018726591760299626,12.515625
Qwen3-30B-A3B-Base,IOI (i) S2 -> IO,after_S2,layer,40,-0.01171875,0.15141323344379368,64,-0.0009363295880149813,12.515625
Qwen3-30B-A3B-Base,IOI (i) S2 -> IO,after_S2,layer,41,0.01171875,0.1167277688633237,64,0.0009363295880149813,12.515625
Qwen3-30B-A3B-Base,IOI (i) S2 -> IO,after_S2,layer,42,0.015625,0.12045301395742895,64,0.0012484394506866417,12.515625
Qwen3-30B-A3B-Base,IOI (i) S2 -> IO,after_S2,layer,43,-0.001953125,0.12985069933220802,64,-0.00015605493133583021,12.515625
Qwen3-30B-A3B-Base,IOI (i) S2 -> IO,after_S2,layer,44,0.0009765625,0.10114190995774597,64,7.802746566791511e-05,12.515625
Qwen3-30B-A3B-Base,IOI (i) S2 -> IO,after_S2,layer,45,-0.025390625,0.07852082267305895,64,-0.002028714107365793,12.515625
Qwen3-30B-A3B-Base,IOI (i) S2 -> IO,after_S2,layer,46,0.0009765625,0.08068114931421526,64,7.802746566791511e-05,12.515625
Qwen3-30B-A3B-Base,IOI (i) S2 -> IO,after_S2,layer,47,0.0,0.0,64,0.0,12.515625
Qwen3-30B-A3B-Base,IOI (i) S2 -> IO,final,attn_layer,0,0.0029296875,0.0998695127696795,64,0.00023408239700374532,12.515625
Qwen3-30B-A3B-Base,IOI (i) S2 -> IO,final,attn_layer,1,-0.001953125,0.10143364078126577,64,-0.00015605493133583021,12.515625
Qwen3-30B-A3B-Base,IOI (i) S2 -> IO,final,attn_layer,2,-0.0107421875,0.1053825981910111,64,-0.0008583021223470662,12.515625
Qwen3-30B-A3B-Base,IOI (i) S2 -> IO,final,attn_layer,3,0.0,0.11732382943111323,64,0.0,12.515625
Qwen3-30B-A3B-Base,IOI (i) S2 -> IO,final,attn_layer,4,-0.0068359375,0.11308116395039884,64,-0.0005461922596754058,12.515625
Qwen3-30B-A3B-Base,IOI (i) S2 -> IO,final,attn_layer,5,-0.0107421875,0.0986985547001616,64,-0.0008583021223470662,12.515625
Qwen3-30B-A3B-Base,IOI (i) S2 -> IO,final,attn_layer,6,-0.0185546875,0.08309466380148456,64,-0.001482521847690387,12.515625
Qwen3-30B-A3B-Base,IOI (i) S2 -> IO,final,attn_layer,7,-0.005859375,0.12486041313345533,64,-0.00046816479400749064,12.515625
Qwen3-30B-A3B-Base,IOI (i) S2 -> IO,final,attn_layer,8,-0.0087890625,0.09951967200793752,64,-0.0007022471910112359,12.515625
Qwen3-30B-A3B-Base,IOI (i) S2 -> IO,final,attn_layer,9,-0.0107421875,0.10885559067193432,64,-0.0008583021223470662,12.515625
Qwen3-30B-A3B-Base,IOI (i) S2 -> IO,final,attn_layer,10,-0.0126953125,0.12054547377450488,64,-0.0010143570536828965,12.515625
Qwen3-30B-A3B-Base,IOI (i) S2 -> IO,final,attn_layer,11,-0.001953125,0.12646402081820718,64,-0.00015605493133583021,12.515625
Qwen3-30B-A3B-Base,IOI (i) S2 -> IO,final,attn_layer,12,-0.0224609375,0.1016769044293995,64,-0.0017946317103620475,12.515625
Qwen3-30B-A3B-Base,IOI (i) S2 -> IO,final,attn_layer,13,-0.03125,0.11785113019775792,64,-0.0024968789013732834,12.515625
Qwen3-30B-A3B-Base,IOI (i) S2 -> IO,final,attn_layer,14,-0.0029296875,0.09345501707117605,64,-0.00023408239700374532,12.515625
Qwen3-30B-A3B-Base,IOI (i) S2 -> IO,final,attn_layer,15,-0.015625,0.12147816447594376,64,-0.0012484394506866417,12.515625
Qwen3-30B-A3B-Base,IOI (i) S2 -> IO,final,attn_layer,16,0.0048828125,0.10285163232214338,64,0.0003901373283395755,12.515625
Qwen3-30B-A3B-Base,IOI (i) S2 -> IO,final,attn_layer,17,-0.017578125,0.10591903986513655,64,-0.0014044943820224719,12.515625
Qwen3-30B-A3B-Base,IOI (i) S2 -> IO,final,attn_layer,18,0.0078125,0.09149063183892499,64,0.0006242197253433209,12.515625
Qwen3-30B-A3B-Base,IOI (i) S2 -> IO,final,attn_layer,19,-0.0234375,0.12475173759008742,64,-0.0018726591760299626,12.515625
Qwen3-30B-A3B-Base,IOI (i) S2 -> IO,final,attn_layer,20,-0.005859375,0.09298213980874337,64,-0.00046816479400749064,12.515625
Qwen3-30B-A3B-Base,IOI (i) S2 -> IO,final,attn_layer,21,-0.0029296875,0.10171501064433401,64,-0.00023408239700374532,12.515625
Qwen3-30B-A3B-Base,IOI (i) S2 -> IO,final,attn_layer,22,-0.0048828125,0.09854137565395471,64,-0.0003901373283395755,12.515625
Qwen3-30B-A3B-Base,IOI (i) S2 -> IO,final,attn_layer,23,-0.0048828125,0.10928195447061087,64,-0.0003901373283395755,12.515625
Qwen3-30B-A3B-Base,IOI (i) S2 -> IO,final,attn_layer,24,0.0166015625,0.09399253515139651,64,0.0013264669163545568,12.515625
Qwen3-30B-A3B-Base,IOI (i) S2 -> IO,final,attn_layer,25,-0.0068359375,0.12153796371711996,64,-0.0005461922596754058,12.515625
Qwen3-30B-A3B-Base,IOI (i) S2 -> IO,final,attn_layer,26,-0.033203125,0.11244969664607216,64,-0.0026529338327091136,12.515625
Qwen3-30B-A3B-Base,IOI (i) S2 -> IO,final,attn_layer,27,0.017578125,0.08730757611583442,64,0.0014044943820224719,12.515625
Qwen3-30B-A3B-Base,IOI (i) S2 -> IO,final,attn_layer,28,-0.037109375,0.10837839607648338,64,-0.002965043695380774,12.515625
Qwen3-30B-A3B-Base,IOI (i) S2 -> IO,final,attn_layer,29,-0.0048828125,0.09135817103131227,64,-0.0003901373283395755,12.515625
Qwen3-30B-A3B-Base,IOI (i) S2 -> IO,final,attn_layer,30,0.001953125,0.09577427657555775,64,0.00015605493133583021,12.515625
Qwen3-30B-A3B-Base,IOI (i) S2 -> IO,final,attn_layer,31,-0.0068359375,0.08705754595119053,64,-0.0005461922596754058,12.515625
Qwen3-30B-A3B-Base,IOI (i) S2 -> IO,final,attn_layer,32,-0.00390625,0.09635919388429806,64,-0.00031210986267166043,12.515625
Qwen3-30B-A3B-Base,IOI (i) S2 -> IO,final,attn_layer,33,-0.0166015625,0.10341525860242075,64,-0.0013264669163545568,12.515625
Qwen3-30B-A3B-Base,IOI (i) S2 -> IO,final,attn_layer,34,-0.021484375,0.09848728742193158,64,-0.0017166042446941324,12.515625
Qwen3-30B-A3B-Base,IOI (i) S2 -> IO,final,attn_layer,35,0.57421875,0.2827889991770464,64,0.04588014981273408,12.515625
Qwen3-30B-A3B-Base,IOI (i) S2 -> IO,final,attn_layer,36,0.08984375,0.15141323344379368,64,0.00717852684144819,12.515625
Qwen3-30B-A3B-Base,IOI (i) S2 -> IO,final,attn_layer,37,0.1455078125,0.1893279570872232,64,0.011626092384519351,12.515625
Qwen3-30B-A3B-Base,IOI (i) S2 -> IO,final,attn_layer,38,-0.0458984375,0.13919508348846632,64,-0.00366729088639201,12.515625
Qwen3-30B-A3B-Base,IOI (i) S2 -> IO,final,attn_layer,39,1.90234375,0.6951571243822257,64,0.15199750312109864,12.515625
Qwen3-30B-A3B-Base,IOI (i) S2 -> IO,final,attn_layer,40,-0.001953125,0.3336993433258614,64,-0.00015605493133583021,12.515625
Qwen3-30B-A3B-Base,IOI (i) S2 -> IO,final,attn_layer,41,0.9775390625,0.29195716559991963,64,0.07810549313358302,12.515625
Qwen3-30B-A3B-Base,IOI (i) S2 -> IO,final,attn_layer,42,3.3544921875,1.2259114830295497,64,0.26802434456928836,12.515625
Qwen3-30B-A3B-Base,IOI (i) S2 -> IO,final,attn_layer,43,2.7080078125,0.6493333241186781,64,0.21637016229712858,12.515625
Qwen3-30B-A3B-Base,IOI (i) S2 -> IO,final,attn_layer,44,-1.88232421875,0.6363732599282915,64,-0.15039794007490637,12.515625
Qwen3-30B-A3B-Base,IOI (i) S2 -> IO,final,attn_layer,45,4.1318359375,1.1879498514837974,64,0.33013420724094883,12.515625
Qwen3-30B-A3B-Base,IOI (i) S2 -> IO,final,attn_layer,46,0.59765625,0.5751849038449385,64,0.047752808988764044,12.515625
Qwen3-30B-A3B-Base,IOI (i) S2 -> IO,final,attn_layer,47,0.142578125,0.45034553945910727,64,0.011392009987515606,12.515625
Qwen3-30B-A3B-Base,IOI (i) S2 -> IO,final,layer,0,0.0,0.08407408864181866,64,0.0,12.515625
Qwen3-30B-A3B-Base,IOI (i) S2 -> IO,final,layer,1,0.0146484375,0.09881627491459102,64,0.0011704119850187266,12.515625
Qwen3-30B-A3B-Base,IOI (i) S2 -> IO,final,layer,2,0.00390625,0.12493798064614502,64,0.00031210986267166043,12.515625
Qwen3-30B-A3B-Base,IOI (i) S2 -> IO,final,layer,3,-0.00390625,0.10960505850190654,64,-0.00031210986267166043,12.515625
Qwen3-30B-A3B-Base,IOI (i) S2 -> IO,final,layer,4,-0.0009765625,0.12223742281806493,64,-7.802746566791511e-05,12.515625
Qwen3-30B-A3B-Base,IOI (i) S2 -> IO,final,layer,5,-0.0185546875,0.10662555447249715,64,-0.001482521847690387,12.515625
Qwen3-30B-A3B-Base,IOI (i) S2 -> IO,final,layer,6,-0.01953125,0.12141434615555508,64,-0.001560549313358302,12.515625
Qwen3-30B-A3B-Base,IOI (i) S2 -> IO,final,layer,7,-0.005859375,0.11008133604582987,64,-0.00046816479400749064,12.515625
Qwen3-30B-A3B-Base,IOI (i) S2 -> IO,final,layer,8,0.0029296875,0.09924672107603977,64,0.00023408239700374532,12.515625
Qwen3-30B-A3B-Base,IOI (i) S2 -> IO,final,layer,9,-0.01953125,0.1001456033237574,64,-0.001560549313358302,12.515625
Qwen3-30B-A3B-Base,IOI (i) S2 -> IO,final,layer,10,-0.0185546875,0.1155557694392385,64,-0.001482521847690387,12.515625
Qwen3-30B-A3B-Base,IOI (i) S2 -> IO,final,layer,11,-0.009765625,0.10518475690572973,64,-0.000780274656679151,12.515625
Qwen3-30B-A3B-Base,IOI (i) S2 -> IO,final,layer,12,0.005859375,0.1112021421495593,64,0.00046816479400749064,12.515625
Qwen3-30B-A3B-Base,IOI (i) S2 -> IO,final,layer,13,0.005859375,0.09625859964674521,64,0.00046816479400749064,12.515625
Qwen3-30B-A3B-Base,IOI (i) S2 -> IO,final,layer,14,-0.0029296875,0.11488309679870023,64,-0.00023408239700374532,12.515625
Qwen3-30B-A3B-Base,IOI (i) S2 -> IO,final,layer,15,-0.0126953125,0.11256594600455679,64,-0.0010143570536828965,12.515625
Qwen3-30B-A3B-Base,IOI (i) S2 -> IO,final,layer,16,0.005859375,0.11064315831601546,64,0.00046816479400749064,12.515625
Qwen3-30B-A3B-Base,IOI (i) S2 -> IO,final,layer,17,-0.013671875,0.10766088804889262,64,-0.0010923845193508116,12.515625
Qwen3-30B-A3B-Base,IOI (i) S2 -> IO,final,layer,18,0.017578125,0.10766088804889264,64,0.0014044943820224719,12.515625
Qwen3-30B-A3B-Base,IOI (i) S2 -> IO,final,layer,19,-0.0078125,0.12071011780162644,64,-0.0006242197253433209,12.515625
Qwen3-30B-A3B-Base,IOI (i) S2 -> IO,final,layer,20,-0.013671875,0.11217366138064534,64,-0.0010923845193508116,12.515625
Qwen3-30B-A3B-Base,IOI (i) S2 -> IO,final,layer,21,-0.0068359375,0.11685634426907482,64,-0.0005461922596754058,12.515625
Qwen3-30B-A3B-Base,IOI (i) S2 -> IO,final,layer,22,-0.0029296875,0.11488309679870022,64,-0.00023408239700374532,12.515625
Qwen3-30B-A3B-Base,IOI (i) S2 -> IO,final,layer,23,0.015625,0.1119142599819236,64,0.0012484394506866417,12.515625
Qwen3-30B-A3B-Base,IOI (i) S2 -> IO,final,layer,24,-0.0146484375,0.1353558414219484,64,-0.0011704119850187266,12.515625
Qwen3-30B-A3B-Base,IOI (i) S2 -> IO,final,layer,25,-0.001953125,0.11463405262759142,64,-0.00015605493133583021,12.515625
Qwen3-30B-A3B-Base,IOI (i) S2 -> IO,final,layer,26,-0.00390625,0.09440905908072561,64,-0.00031210986267166043,12.515625
Qwen3-30B-A3B-Base,IOI (i) S2 -> IO,final,layer,27,0.0,0.0989779115971184,64,0.0,12.515625
Qwen3-30B-A3B-Base,IOI (i) S2 -> IO,final,layer,28,0.005859375,0.1187519580039079,64,0.00046816479400749064,12.515625
Qwen3-30B-A3B-Base,IOI (i) S2 -> IO,final,layer,29,0.013671875,0.09609742983985262,64,0.0010923845193508116,12.515625
Qwen3-30B-A3B-Base,IOI (i) S2 -> IO,final,layer,30,0.0029296875,0.0954246510357655,64,0.00023408239700374532,12.515625
Qwen3-30B-A3B-Base,IOI (i) S2 -> IO,final,layer,31,-0.0166015625,0.0953027414988802,64,-0.0013264669163545568,12.515625
Qwen3-30B-A3B-Base,IOI (i) S2 -> IO,final,layer,32,-0.0009765625,0.10995364931424444,64,-7.802746566791511e-05,12.515625
Qwen3-30B-A3B-Base,IOI (i) S2 -> IO,final,layer,33,0.0,0.09250160873761937,64,0.0,12.515625
Qwen3-30B-A3B-Base,IOI (i) S2 -> IO,final,layer,34,0.0,0.11465095407296559,64,0.0,12.515625
Qwen3-30B-A3B-Base,IOI (i) S2 -> IO,final,layer,35,0.01953125,0.12038865220345762,64,0.001560549313358302,12.515625
Qwen3-30B-A3B-Base,IOI (i) S2 -> IO,final,layer,36,0.0546875,0.10882443630227512,64,0.004369538077403246,12.515625
Qwen3-30B-A3B-Base,IOI (i) S2 -> IO,final,layer,37,0.1142578125,0.1462810675776152,64,0.009129213483146067,12.515625
Qwen3-30B-A3B-Base,IOI (i) S2 -> IO,final,layer,38,0.04296875,0.124440713078271,64,0.003433208489388265,12.515625
Qwen3-30B-A3B-Base,IOI (i) S2 -> IO,final,layer,39,0.0234375,0.11329087089687072,64,0.0018726591760299626,12.515625
Qwen3-30B-A3B-Base,IOI (i) S2 -> IO,final,layer,40,0.21875,0.16888405903703702,64,0.017478152309612985,12.515625
Qwen3-30B-A3B-Base,IOI (i) S2 -> IO,final,layer,41,0.1982421875,0.18685560149755187,64,0.015839575530586767,12.515625
Qwen3-30B-A3B-Base,IOI (i) S2 -> IO,final,layer,42,0.1298828125,0.18274550223956176,64,0.010377652933832708,12.515625
Qwen3-30B-A3B-Base,IOI (i) S2 -> IO,final,layer,43,0.09375,0.13316581738807795,64,0.00749063670411985,12.515625
Qwen3-30B-A3B-Base,IOI (i) S2 -> IO,final,layer,44,0.14453125,0.2097792088560112,64,0.011548064918851436,12.515625
Qwen3-30B-A3B-Base,IOI (i) S2 -> IO,final,layer,45,-1.919921875,0.7680910640597847,64,-0.1534019975031211,12.515625
Qwen3-30B-A3B-Base,IOI (i) S2 -> IO,final,layer,46,-0.7333984375,0.5120378999155246,64,-0.05859862671660424,12.515625
Qwen3-30B-A3B-Base,IOI (i) S2 -> IO,final,layer,47,-1.541015625,1.0337927856014026,64,-0.12312734082397003,12.515625
Qwen3-30B-A3B-Base,"IOI (ii) S1, IO -> other names",IO,attn_layer,0,0.00390625,0.23461462617974252,64,0.0004985044865403788,7.8359375
Qwen3-30B-A3B-Base,"IOI (ii) S1, IO -> other names",IO,attn_layer,1,0.927734375,0.6624886520067332,64,0.11839481555333999,7.8359375
Qwen3-30B-A3B-Base,"IOI (ii) S1, IO -> other names",IO,attn_layer,2,0.048828125,0.33675121779808315,64,0.006231306081754736,7.8359375
Qwen3-30B-A3B-Base,"IOI (ii) S1, IO -> other names",IO,attn_layer,3,1.994140625,1.0053008531318075,64,0.2544865403788634,7.8359375
Qwen3-30B-A3B-Base,"IOI (ii) S1, IO -> other names",IO,attn_layer,4,0.02734375,0.20225508165570416,64,0.003489531405782652,7.8359375
Qwen3-30B-A3B-Base,"IOI (ii) S1, IO -> other names",IO,attn_layer,5,0.021484375,0.21193866978912584,64,0.0027417746759720836,7.8359375
Qwen3-30B-A3B-Base,"IOI (ii) S1, IO -> other names",IO,attn_layer,6,-0.03515625,0.25439465769760056,64,-0.00448654037886341,7.8359375
Qwen3-30B-A3B-Base,"IOI (ii) S1, IO -> other names",IO,attn_layer,7,0.009765625,0.18938167912156859,64,0.0012462612163509472,7.8359375
Qwen3-30B-A3B-Base,"IOI (ii) S1, IO -> other names",IO,attn_layer,8,1.26171875,0.8293711610717245,64,0.16101694915254236,7.8359375
Qwen3-30B-A3B-Base,"IOI (ii) S1, IO -> other names",IO,attn_layer,9,0.021484375,0.20479699528018872,64,0.0027417746759720836,7.8359375
Qwen3-30B-A3B-Base,"IOI (ii) S1, IO -> other names",IO,attn_layer,10,0.00390625,0.15425311282907814,64,0.0004985044865403788,7.8359375
Qwen3-30B-A3B-Base,"IOI (ii) S1, IO -> other names",IO,attn_layer,11,0.01171875,0.1522300336166311,64,0.0014955134596211367,7.8359375
Qwen3-30B-A3B-Base,"IOI (ii) S1, IO -> other names",IO,attn_layer,12,0.03125,0.16666666666666663,64,0.003988035892323031,7.8359375
Qwen3-30B-A3B-Base,"IOI (ii) S1, IO -> other names",IO,attn_layer,13,0.01171875,0.22899750249903086,64,0.0014955134596211367,7.8359375
Qwen3-30B-A3B-Base,"IOI (ii) S1, IO -> other names",IO,attn_layer,14,0.05078125,0.4562826146203271,64,0.006480558325024925,7.8359375
Qwen3-30B-A3B-Base,"IOI (ii) S1, IO -> other names",IO,attn_layer,15,0.01953125,0.15625,64,0.0024925224327018943,7.8359375
Qwen3-30B-A3B-Base,"IOI (ii) S1, IO -> other names",IO,attn_layer,16,0.0078125,0.18076529332214544,64,0.0009970089730807576,7.8359375
Qwen3-30B-A3B-Base,"IOI (ii) S1, IO -> other names",IO,attn_layer,17,0.01953125,0.19822970231767087,64,0.0024925224327018943,7.8359375
Qwen3-30B-A3B-Base,"IOI (ii) S1, IO -> other names",IO,attn_layer,18,0.0234375,0.18881811816145117,64,0.0029910269192422734,7.8359375
Qwen3-30B-A3B-Base,"IOI (ii) S1, IO -> other names",IO,attn_layer,19,0.037109375,0.19629465357422599,64,0.004735792622133599,7.8359375
Qwen3-30B-A3B-Base,"IOI (ii) S1, IO -> other names",IO,attn_layer,20,0.2109375,0.28160801728080365,64,0.026919242273180457,7.8359375
Qwen3-30B-A3B-Base,"IOI (ii) S1, IO -> other names",IO,attn_layer,21,-0.00390625,0.20889062367356317,64,-0.0004985044865403788,7.8359375
Qwen3-30B-A3B-Base,"IOI (ii) S1, IO -> other names",IO,attn_layer,22,0.013671875,0.18109727761160116,64,0.001744765702891326,7.8359375
Qwen3-30B-A3B-Base,"IOI (ii) S1, IO -> other names",IO,attn_layer,23,0.005859375,0.13256790619144637,64,0.0007477567298105683,7.8359375
Qwen3-30B-A3B-Base,"IOI (ii) S1, IO -> other names",IO,attn_layer,24,0.001953125,0.2130329305855996,64,0.0002492522432701894,7.8359375
Qwen3-30B-A3B-Base,"IOI (ii) S1, IO -> other names",IO,attn_layer,25,0.005859375,0.13442574715438954,64,0.0007477567298105683,7.8359375
Qwen3-30B-A3B-Base,"IOI (ii) S1, IO -> other names",IO,attn_layer,26,-0.021484375,0.2142663371695321,64,-0.0027417746759720836,7.8359375
Qwen3-30B-A3B-Base,"IOI (ii) S1, IO -> other names",IO,attn_layer,27,0.00390625,0.17390352358670888,64,0.0004985044865403788,7.8359375
Qwen3-30B-A3B-Base,"IOI (ii) S1, IO -> other names",IO,attn_layer,28,0.005859375,0.17737851798025886,64,0.0007477567298105683,7.8359375
Qwen3-30B-A3B-Base,"IOI (ii) S1, IO -> other names",IO,attn_layer,29,0.025390625,0.16693384462757352,64,0.0032402791625124627,7.8359375
Qwen3-30B-A3B-Base,"IOI (ii) S1, IO -> other names",IO,attn_layer,30,0.005859375,0.1627968709175811,64,0.0007477567298105683,7.8359375
Qwen3-30B-A3B-Base,"IOI (ii) S1, IO -> other names",IO,attn_layer,31,-0.0234375,0.1807652933221454,64,-0.0029910269192422734,7.8359375
Qwen3-30B-A3B-Base,"IOI (ii) S1, IO -> other names",IO,attn_layer,32,0.21875,0.2736800936326821,64,0.027916251246261216,7.8359375
Qwen3-30B-A3B-Base,"IOI (ii) S1, IO -> other names",IO,attn_layer,33,0.009765625,0.14656227260787183,64,0.0012462612163509472,7.8359375
Qwen3-30B-A3B-Base,"IOI (ii) S1, IO -> other names",IO,attn_layer,34,0.02734375,0.13264096649249618,64,0.003489531405782652,7.8359375
Qwen3-30B-A3B-Base,"IOI (ii) S1, IO -> other names",IO,attn_layer,35,0.0,0.15268756355215074,64,0.0,7.8359375
Qwen3-30B-A3B-Base,"IOI (ii) S1, IO -> other names",IO,attn_layer,36,0.0,0.1889822365046136,64,0.0,7.8359375
Qwen3-30B-A3B-Base,"IOI (ii) S1, IO -> other names",IO,attn_layer,37,0.0078125,0.14239135373697245,64,0.0009970089730807576,7.8359375
Qwen3-30B-A3B-Base,"IOI (ii) S1, IO -> other names",IO,attn_layer,38,0.177734375,0.31085255230702813,64,0.022681954137587237,7.8359375
Qwen3-30B-A3B-Base,"IOI (ii) S1, IO -> other names",IO,attn_layer,39,0.0,0.10446386175466811,64,0.0,7.8359375
Qwen3-30B-A3B-Base,"IOI (ii) S1, IO -> other names",IO,attn_layer,40,-0.001953125,0.11463405262759141,64,-0.0002492522432701894,7.8359375
Qwen3-30B-A3B-Base,"IOI (ii) S1, IO -> other names",IO,attn_layer,41,-0.009765625,0.13419492363633548,64,-0.0012462612163509472,7.8359375
Qwen3-30B-A3B-Base,"IOI (ii) S1, IO -> other names",IO,attn_layer,42,0.63671875,0.5737818143131653,64,0.08125623130608176,7.8359375
Qwen3-30B-A3B-Base,"IOI (ii) S1, IO -> other names",IO,attn_layer,43,0.009765625,0.10518475690572972,64,0.0012462612163509472,7.8359375
Qwen3-30B-A3B-Base,"IOI (ii) S1, IO -> other names",IO,attn_layer,44,-0.017578125,0.09414187278943197,64,-0.002243270189431705,7.8359375
Qwen3-30B-A3B-Base,"IOI (ii) S1, IO -> other names",IO,attn_layer,45,0.0,0.054554472558998104,64,0.0,7.8359375
Qwen3-30B-A3B-Base,"IOI (ii) S1, IO -> other names",IO,attn_layer,46,-0.001953125,0.06096197870166472,64,-0.0002492522432701894,7.8359375
Qwen3-30B-A3B-Base,"IOI (ii) S1, IO -> other names",IO,attn_layer,47,0.001953125,0.02720610907556878,64,0.0002492522432701894,7.8359375
Qwen3-30B-A3B-Base,"IOI (ii) S1, IO -> other names",IO,layer,0,1.08984375,1.0011077074246704,64,0.1390827517447657,7.8359375
Qwen3-30B-A3B-Base,"IOI (ii) S1, IO -> other names",IO,layer,1,0.150390625,0.3158979450024106,64,0.019192422731804586,7.8359375
Qwen3-30B-A3B-Base,"IOI (ii) S1, IO -> other names",IO,layer,2,1.28125,0.957427107756338,64,0.16350947158524426,7.8359375
Qwen3-30B-A3B-Base,"IOI (ii) S1, IO -> other names",IO,layer,3,-0.01171875,0.32330046316720146,64,-0.0014955134596211367,7.8359375
Qwen3-30B-A3B-Base,"IOI (ii) S1, IO -> other names",IO,layer,4,0.013671875,0.28269991126873245,64,0.001744765702891326,7.8359375
Qwen3-30B-A3B-Base,"IOI (ii) S1, IO -> other names",IO,layer,5,0.091796875,0.34735550517331143,64,0.011714855433698903,7.8359375
Qwen3-30B-A3B-Base,"IOI (ii) S1, IO -> other names",IO,layer,6,0.0234375,0.3117053388281443,64,0.0029910269192422734,7.8359375
Qwen3-30B-A3B-Base,"IOI (ii) S1, IO -> other names",IO,layer,7,0.037109375,0.2234733120096347,64,0.004735792622133599,7.8359375
Qwen3-30B-A3B-Base,"IOI (ii) S1, IO -> other names",IO,layer,8,0.017578125,0.28335713091586917,64,0.002243270189431705,7.8359375
Qwen3-30B-A3B-Base,"IOI (ii) S1, IO -> other names",IO,layer,9,-0.015625,0.22548448720090253,64,-0.0019940179461615153,7.8359375
Qwen3-30B-A3B-Base,"IOI (ii) S1, IO -> other names",IO,layer,10,0.05859375,0.3570219289316767,64,0.007477567298105683,7.8359375
Qwen3-30B-A3B-Base,"IOI (ii) S1, IO -> other names",IO,layer,11,-0.02734375,0.24847625920576175,64,-0.003489531405782652,7.8359375
Qwen3-30B-A3B-Base,"IOI (ii) S1, IO -> other names",IO,layer,12,0.01953125,0.29898866404959024,64,0.0024925224327018943,7.8359375
Qwen3-30B-A3B-Base,"IOI (ii) S1, IO -> other names",IO,layer,13,0.009765625,0.26192272834750324,64,0.0012462612163509472,7.8359375
Qwen3-30B-A3B-Base,"IOI (ii) S1, IO -> other names",IO,layer,14,0.07421875,0.28147037221794396,64,0.009471585244267198,7.8359375
Qwen3-30B-A3B-Base,"IOI (ii) S1, IO -> other names",IO,layer,15,0.046875,0.30820460633332425,64,0.005982053838484547,7.8359375
Qwen3-30B-A3B-Base,"IOI (ii) S1, IO -> other names",IO,layer,16,0.076171875,0.30829889407086336,64,0.009720837487537388,7.8359375
Qwen3-30B-A3B-Base,"IOI (ii) S1, IO -> other names",IO,layer,17,0.01171875,0.3035167142569472,64,0.0014955134596211367,7.8359375
Qwen3-30B-A3B-Base,"IOI (ii) S1, IO -> other names",IO,layer,18,-0.052734375,0.23759364016577175,64,-0.006729810568295114,7.8359375
Qwen3-30B-A3B-Base,"IOI (ii) S1, IO -> other names",IO,layer,19,-0.013671875,0.28269991126873245,64,-0.001744765702891326,7.8359375
Qwen3-30B-A3B-Base,"IOI (ii) S1, IO -> other names",IO,layer,20,-0.001953125,0.23304849482985365,64,-0.0002492522432701894,7.8359375
Qwen3-30B-A3B-Base,"IOI (ii) S1, IO -> other names",IO,layer,21,-0.015625,0.26115965438667027,64,-0.0019940179461615153,7.8359375
Qwen3-30B-A3B-Base,"IOI (ii) S1, IO -> other names",IO,layer,22,0.044921875,0.23608831443403036,64,0.005732801595214357,7.8359375
Qwen3-30B-A3B-Base,"IOI (ii) S1, IO -> other names",IO,layer,23,-0.01171875,0.3010553115213848,64,-0.0014955134596211367,7.8359375
Qwen3-30B-A3B-Base,"IOI (ii) S1, IO -> other names",IO,layer,24,-0.04296875,0.3444707451236342,64,-0.005483549351944167,7.8359375
Qwen3-30B-A3B-Base,"IOI (ii) S1, IO -> other names",IO,layer,25,-0.0078125,0.2735667919951902,64,-0.0009970089730807576,7.8359375
Qwen3-30B-A3B-Base,"IOI (ii) S1, IO -> other names",IO,layer,26,-0.044921875,0.2924031411838907,64,-0.005732801595214357,7.8359375
Qwen3-30B-A3B-Base,"IOI (ii) S1, IO -> other names",IO,layer,27,0.0078125,0.27984104756944056,64,0.0009970089730807576,7.8359375
Qwen3-30B-A3B-Base,"IOI (ii) S1, IO -> other names",IO,layer,28,0.076171875,0.22561334776225464,64,0.009720837487537388,7.8359375
Qwen3-30B-A3B-Base,"IOI (ii) S1, IO -> other names",IO,layer,29,0.00390625,0.24596823376974827,64,0.0004985044865403788,7.8359375
Qwen3-30B-A3B-Base,"IOI (ii) S1, IO -> other names",IO,layer,30,-0.025390625,0.29224406071266085,64,-0.0032402791625124627,7.8359375
Qwen3-30B-A3B-Base,"IOI (ii) S1, IO -> other names",IO,layer,31,-0.056640625,0.21699801529247453,64,-0.007228315054835494,7.8359375
Qwen3-30B-A3B-Base,"IOI (ii) S1, IO -> other names",IO,layer,32,-0.033203125,0.2421814995416415,64,-0.00423728813559322,7.8359375
Qwen3-30B-A3B-Base,"IOI (ii) S1, IO -> other names",IO,layer,33,-0.015625,0.2187854279701084,64,-0.0019940179461615153,7.8359375
Qwen3-30B-A3B-Base,"IOI (ii) S1, IO -> other names",IO,layer,34,-0.00390625,0.20040726143657556,64,-0.0004985044865403788,7.8359375
Qwen3-30B-A3B-Base,"IOI (ii) S1, IO -> other names",IO,layer,35,0.013671875,0.19558265046952028,64,0.001744765702891326,7.8359375
Qwen3-30B-A3B-Base,"IOI (ii) S1, IO -> other names",IO,layer,36,-0.03515625,0.28821834859747214,64,-0.00448654037886341,7.8359375
Qwen3-30B-A3B-Base,"IOI (ii) S1, IO -> other names",IO,layer,37,0.078125,0.2059386177619785,64,0.009970089730807577,7.8359375
Qwen3-30B-A3B-Base,"IOI (ii) S1, IO -> other names",IO,layer,38,0.06640625,0.21474508466758646,64,0.00847457627118644,7.8359375
Qwen3-30B-A3B-Base,"IOI (ii) S1, IO -> other names",IO,layer,39,0.080078125,0.20936315413066287,64,0.010219341974077766,7.8359375
Qwen3-30B-A3B-Base,"IOI (ii) S1, IO -> other names",IO,layer,40,0.25,0.4178554470186724,64,0.031904287138584245,7.8359375
Qwen3-30B-A3B-Base,"IOI (ii) S1, IO -> other names",IO,layer,41,0.17578125,0.39761113924983976,64,0.02243270189431705,7.8359375
Qwen3-30B-A3B-Base,"IOI (ii) S1, IO -> other names",IO,layer,42,0.087890625,0.15378764137886053,64,0.011216350947158525,7.8359375
Qwen3-30B-A3B-Base,"IOI (ii) S1, IO -> other names",IO,layer,43,0.025390625,0.11611196255004141,64,0.0032402791625124627,7.8359375
Qwen3-30B-A3B-Base,"IOI (ii) S1, IO -> other names",IO,layer,44,0.03125,0.10446386175466811,64,0.003988035892323031,7.8359375
Qwen3-30B-A3B-Base,"IOI (ii) S1, IO -> other names",IO,layer,45,0.0,0.07715167498104594,64,0.0,7.8359375
Qwen3-30B-A3B-Base,"IOI (ii) S1, IO -> other names",IO,layer,46,0.00390625,0.06287092313773097,64,0.0004985044865403788,7.8359375
Qwen3-30B-A3B-Base,"IOI (ii) S1, IO -> other names",IO,layer,47,0.0,0.0,64,0.0,7.8359375
Qwen3-30B-A3B-Base,"IOI (ii) S1, IO -> other names",S1,attn_layer,0,0.013671875,0.19935061676046498,64,0.001744765702891326,7.8359375
Qwen3-30B-A3B-Base,"IOI (ii) S1, IO -> other names",S1,attn_layer,1,-0.580078125,0.5300340601420952,64,-0.07402791625124626,7.8359375
Qwen3-30B-A3B-Base,"IOI (ii) S1, IO -> other names",S1,attn_layer,2,0.03515625,0.2899342683442533,64,0.00448654037886341,7.8359375
Qwen3-30B-A3B-Base,"IOI (ii) S1, IO -> other names",S1,attn_layer,3,-0.9921875,0.8745392777987153,64,-0.12662013958125623,7.8359375
Qwen3-30B-A3B-Base,"IOI (ii) S1, IO -> other names",S1,attn_layer,4,0.00390625,0.21704265682338206,64,0.0004985044865403788,7.8359375
Qwen3-30B-A3B-Base,"IOI (ii) S1, IO -> other names",S1,attn_layer,5,-0.015625,0.18700331038577395,64,-0.0019940179461615153,7.8359375
Qwen3-30B-A3B-Base,"IOI (ii) S1, IO -> other names",S1,attn_layer,6,0.029296875,0.23437500000000003,64,0.0037387836490528413,7.8359375
Qwen3-30B-A3B-Base,"IOI (ii) S1, IO -> other names",S1,attn_layer,7,0.0234375,0.1751912220566838,64,0.0029910269192422734,7.8359375
Qwen3-30B-A3B-Base,"IOI (ii) S1, IO -> other names",S1,attn_layer,8,-0.748046875,0.7246003918896177,64,-0.09546360917248255,7.8359375
Qwen3-30B-A3B-Base,"IOI (ii) S1, IO -> other names",S1,attn_layer,9,0.037109375,0.18856139728384208,64,0.004735792622133599,7.8359375
Qwen3-30B-A3B-Base,"IOI (ii) S1, IO -> other names",S1,attn_layer,10,-0.001953125,0.14346233726069565,64,-0.0002492522432701894,7.8359375
Qwen3-30B-A3B-Base,"IOI (ii) S1, IO -> other names",S1,attn_layer,11,-0.013671875,0.18246165543577936,64,-0.001744765702891326,7.8359375
Qwen3-30B-A3B-Base,"IOI (ii) S1, IO -> other names",S1,attn_layer,12,0.046875,0.16888405903703696,64,0.005982053838484547,7.8359375
Qwen3-30B-A3B-Base,"IOI (ii) S1, IO -> other names",S1,attn_layer,13,0.017578125,0.16193765258090134,64,0.002243270189431705,7.8359375
Qwen3-30B-A3B-Base,"IOI (ii) S1, IO -> other names",S1,attn_layer,14,-0.044921875,0.2503640083093934,64,-0.005732801595214357,7.8359375
Qwen3-30B-A3B-Base,"IOI (ii) S1, IO -> other names",S1,attn_layer,15,0.03125,0.12986562041232994,64,0.003988035892323031,7.8359375
Qwen3-30B-A3B-Base,"IOI (ii) S1, IO -> other names",S1,attn_layer,16,-0.0078125,0.1524843863982083,64,-0.0009970089730807576,7.8359375
Qwen3-30B-A3B-Base,"IOI (ii) S1, IO -> other names",S1,attn_layer,17,0.0234375,0.17376976877375,64,0.0029910269192422734,7.8359375
Qwen3-30B-A3B-Base,"IOI (ii) S1, IO -> other names",S1,attn_layer,18,0.009765625,0.1799811050212842,64,0.0012462612163509472,7.8359375
Qwen3-30B-A3B-Base,"IOI (ii) S1, IO -> other names",S1,attn_layer,19,0.015625,0.1582706642893849,64,0.0019940179461615153,7.8359375
Qwen3-30B-A3B-Base,"IOI (ii) S1, IO -> other names",S1,attn_layer,20,-0.080078125,0.26386849205843144,64,-0.010219341974077766,7.8359375
Qwen3-30B-A3B-Base,"IOI (ii) S1, IO -> other names",S1,attn_layer,21,-0.001953125,0.16739748624987708,64,-0.0002492522432701894,7.8359375
Qwen3-30B-A3B-Base,"IOI (ii) S1, IO -> other names",S1,attn_layer,22,0.044921875,0.13614444997839845,64,0.005732801595214357,7.8359375
Qwen3-30B-A3B-Base,"IOI (ii) S1, IO -> other names",S1,attn_layer,23,0.02734375,0.14851906176093763,64,0.003489531405782652,7.8359375
Qwen3-30B-A3B-Base,"IOI (ii) S1, IO -> other names",S1,attn_layer,24,0.04296875,0.14298884058466252,64,0.005483549351944167,7.8359375
Qwen3-30B-A3B-Base,"IOI (ii) S1, IO -> other names",S1,attn_layer,25,0.04296875,0.1497662696199415,64,0.005483549351944167,7.8359375
Qwen3-30B-A3B-Base,"IOI (ii) S1, IO -> other names",S1,attn_layer,26,0.03125,0.12794157892978975,64,0.003988035892323031,7.8359375
Qwen3-30B-A3B-Base,"IOI (ii) S1, IO -> other names",S1,attn_layer,27,0.048828125,0.12913245994830885,64,0.006231306081754736,7.8359375
Qwen3-30B-A3B-Base,"IOI (ii) S1, IO -> other names",S1,attn_layer,28,0.052734375,0.1332676316918179,64,0.006729810568295114,7.8359375
Qwen3-30B-A3B-Base,"IOI (ii) S1, IO -> other names",S1,attn_layer,29,0.048828125,0.13840285742158764,64,0.006231306081754736,7.8359375
Qwen3-30B-A3B-Base,"IOI (ii) S1, IO -> other names",S1,attn_layer,30,0.017578125,0.13705227883160684,64,0.002243270189431705,7.8359375
Qwen3-30B-A3B-Base,"IOI (ii) S1, IO -> other names",S1,attn_layer,31,0.01953125,0.1514132334437937,64,0.0024925224327018943,7.8359375
Qwen3-30B-A3B-Base,"IOI (ii) S1, IO -> other names",S1,attn_layer,32,-0.119140625,0.20343002128866805,64,-0.015204386839481556,7.8359375
Qwen3-30B-A3B-Base,"IOI (ii) S1, IO -> other names",S1,attn_layer,33,-0.001953125,0.11244969664607216,64,-0.0002492522432701894,7.8359375
Qwen3-30B-A3B-Base,"IOI (ii) S1, IO -> other names",S1,attn_layer,34,0.02734375,0.12884705080055192,64,0.003489531405782652,7.8359375
Qwen3-30B-A3B-Base,"IOI (ii) S1, IO -> other names",S1,attn_layer,35,0.015625,0.12299987095102276,64,0.0019940179461615153,7.8359375
Qwen3-30B-A3B-Base,"IOI (ii) S1, IO -> other names",S1,attn_layer,36,0.01953125,0.1140409239758686,64,0.0024925224327018943,7.8359375
Qwen3-30B-A3B-Base,"IOI (ii) S1, IO -> other names",S1,attn_layer,37,0.021484375,0.12901236463290874,64,0.0027417746759720836,7.8359375
Qwen3-30B-A3B-Base,"IOI (ii) S1, IO -> other names",S1,attn_layer,38,-0.091796875,0.22187220543735284,64,-0.011714855433698903,7.8359375
Qwen3-30B-A3B-Base,"IOI (ii) S1, IO -> other names",S1,attn_layer,39,0.0234375,0.09929063879531115,64,0.0029910269192422734,7.8359375
Qwen3-30B-A3B-Base,"IOI (ii) S1, IO -> other names",S1,attn_layer,40,0.01953125,0.09763764703764434,64,0.0024925224327018943,7.8359375
Qwen3-30B-A3B-Base,"IOI (ii) S1, IO -> other names",S1,attn_layer,41,0.015625,0.10564428184106459,64,0.0019940179461615153,7.8359375
Qwen3-30B-A3B-Base,"IOI (ii) S1, IO -> other names",S1,attn_layer,42,-0.109375,0.27231736270709217,64,-0.013958125623130608,7.8359375
Qwen3-30B-A3B-Base,"IOI (ii) S1, IO -> other names",S1,attn_layer,43,0.01953125,0.08097480869293329,64,0.0024925224327018943,7.8359375
Qwen3-30B-A3B-Base,"IOI (ii) S1, IO -> other names",S1,attn_layer,44,0.005859375,0.1006666457249269,64,0.0007477567298105683,7.8359375
Qwen3-30B-A3B-Base,"IOI (ii) S1, IO -> other names",S1,attn_layer,45,0.01171875,0.06943204254338219,64,0.0014955134596211367,7.8359375
Qwen3-30B-A3B-Base,"IOI (ii) S1, IO -> other names",S1,attn_layer,46,0.0078125,0.0625,64,0.0009970089730807576,7.8359375
Qwen3-30B-A3B-Base,"IOI (ii) S1, IO -> other names",S1,attn_layer,47,0.001953125,0.02720610907556878,64,0.0002492522432701894,7.8359375
Qwen3-30B-A3B-Base,"IOI (ii) S1, IO -> other names",S1,layer,0,-0.404296875,0.7038521372427525,64,-0.051595214356929216,7.8359375
Qwen3-30B-A3B-Base,"IOI (ii) S1, IO -> other names",S1,layer,1,-0.052734375,0.3658301384907682,64,-0.006729810568295114,7.8359375
Qwen3-30B-A3B-Base,"IOI (ii) S1, IO -> other names",S1,layer,2,-0.78125,0.6842908506285672,64,-0.09970089730807577,7.8359375
Qwen3-30B-A3B-Base,"IOI (ii) S1, IO -> other names",S1,layer,3,0.0546875,0.29953253923988293,64,0.006979062811565304,7.8359375
Qwen3-30B-A3B-Base,"IOI (ii) S1, IO -> other names",S1,layer,4,0.00390625,0.33701004265334045,64,0.0004985044865403788,7.8359375
Qwen3-30B-A3B-Base,"IOI (ii) S1, IO -> other names",S1,layer,5,0.09375,0.3435921354681383,64,0.011964107676969093,7.8359375
Qwen3-30B-A3B-Base,"IOI (ii) S1, IO -> other names",S1,layer,6,0.021484375,0.2593056658143294,64,0.0027417746759720836,7.8359375
Qwen3-30B-A3B-Base,"IOI (ii) S1, IO -> other names",S1,layer,7,0.017578125,0.23870017087840753,64,0.002243270189431705,7.8359375
Qwen3-30B-A3B-Base,"IOI (ii) S1, IO -> other names",S1,layer,8,0.052734375,0.22361199688033184,64,0.006729810568295114,7.8359375
Qwen3-30B-A3B-Base,"IOI (ii) S1, IO -> other names",S1,layer,9,0.00390625,0.22926810525518285,64,0.0004985044865403788,7.8359375
Qwen3-30B-A3B-Base,"IOI (ii) S1, IO -> other names",S1,layer,10,0.0390625,0.2498759612922901,64,0.004985044865403789,7.8359375
Qwen3-30B-A3B-Base,"IOI (ii) S1, IO -> other names",S1,layer,11,-0.02734375,0.2553677223360679,64,-0.003489531405782652,7.8359375
Qwen3-30B-A3B-Base,"IOI (ii) S1, IO -> other names",S1,layer,12,0.0234375,0.284237876847757,64,0.0029910269192422734,7.8359375
Qwen3-30B-A3B-Base,"IOI (ii) S1, IO -> other names",S1,layer,13,0.021484375,0.24044713587150407,64,0.0027417746759720836,7.8359375
Qwen3-30B-A3B-Base,"IOI (ii) S1, IO -> other names",S1,layer,14,-0.005859375,0.3097535562749845,64,-0.0007477567298105683,7.8359375
Qwen3-30B-A3B-Base,"IOI (ii) S1, IO -> other names",S1,layer,15,0.041015625,0.30945315270689694,64,0.005234297108673978,7.8359375
Qwen3-30B-A3B-Base,"IOI (ii) S1, IO -> other names",S1,layer,16,-0.025390625,0.2765465956999904,64,-0.0032402791625124627,7.8359375
Qwen3-30B-A3B-Base,"IOI (ii) S1, IO -> other names",S1,layer,17,0.029296875,0.2213125836291715,64,0.0037387836490528413,7.8359375
Qwen3-30B-A3B-Base,"IOI (ii) S1, IO -> other names",S1,layer,18,0.001953125,0.23198182945314613,64,0.0002492522432701894,7.8359375
Qwen3-30B-A3B-Base,"IOI (ii) S1, IO -> other names",S1,layer,19,0.01171875,0.1819192624643019,64,0.0014955134596211367,7.8359375
Qwen3-30B-A3B-Base,"IOI (ii) S1, IO -> other names",S1,layer,20,0.013671875,0.19935061676046498,64,0.001744765702891326,7.8359375
Qwen3-30B-A3B-Base,"IOI (ii) S1, IO -> other names",S1,layer,21,0.029296875,0.23224895507393897,64,0.0037387836490528413,7.8359375
Qwen3-30B-A3B-Base,"IOI (ii) S1, IO -> other names",S1,layer,22,-0.025390625,0.19311010242021528,64,-0.0032402791625124627,7.8359375
Qwen3-30B-A3B-Base,"IOI (ii) S1, IO -> other names",S1,layer,23,-0.009765625,0.20327756785551618,64,-0.0012462612163509472,7.8359375
Qwen3-30B-A3B-Base,"IOI (ii) S1, IO -> other names",S1,layer,24,-0.005859375,0.2082496111536223,64,-0.0007477567298105683,7.8359375
Qwen3-30B-A3B-Base,"IOI (ii) S1, IO -> other names",S1,layer,25,0.05859375,0.21589692710856406,64,0.007477567298105683,7.8359375
Qwen3-30B-A3B-Base,"IOI (ii) S1, IO -> other names",S1,layer,26,-0.0390625,0.19400105342538407,64,-0.004985044865403789,7.8359375
Qwen3-30B-A3B-Base,"IOI (ii) S1, IO -> other names",S1,layer,27,0.01953125,0.25706172248443887,64,0.0024925224327018943,7.8359375
Qwen3-30B-A3B-Base,"IOI (ii) S1, IO -> other names",S1,layer,28,-0.03515625,0.23514259225090672,64,-0.00448654037886341,7.8359375
Qwen3-30B-A3B-Base,"IOI (ii) S1, IO -> other names",S1,layer,29,-0.046875,0.23199018178458428,64,-0.005982053838484547,7.8359375
Qwen3-30B-A3B-Base,"IOI (ii) S1, IO -> other names",S1,layer,30,-0.005859375,0.185578363817185,64,-0.0007477567298105683,7.8359375
Qwen3-30B-A3B-Base,"IOI (ii) S1, IO -> other names",S1,layer,31,0.021484375,0.18032527859729064,64,0.0027417746759720836,7.8359375
Qwen3-30B-A3B-Base,"IOI (ii) S1, IO -> other names",S1,layer,32,0.025390625,0.20312500000000003,64,0.0032402791625124627,7.8359375
Qwen3-30B-A3B-Base,"IOI (ii) S1, IO -> other names",S1,layer,33,0.0234375,0.16943387294631287,64,0.0029910269192422734,7.8359375
Qwen3-30B-A3B-Base,"IOI (ii) S1, IO -> other names",S1,layer,34,0.033203125,0.1785109644658384,64,0.00423728813559322,7.8359375
Qwen3-30B-A3B-Base,"IOI (ii) S1, IO -> other names",S1,layer,35,-0.01953125,0.15939299229283416,64,-0.0024925224327018943,7.8359375
Qwen3-30B-A3B-Base,"IOI (ii) S1, IO -> other names",S1,layer,36,0.01953125,0.13217268271301583,64,0.0024925224327018943,7.8359375
Qwen3-30B-A3B-Base,"IOI (ii) S1, IO -> other names",S1,layer,37,0.013671875,0.15923488238403405,64,0.001744765702891326,7.8359375
Qwen3-30B-A3B-Base,"IOI (ii) S1, IO -> other names",S1,layer,38,0.0078125,0.17519122205668378,64,0.0009970089730807576,7.8359375
Qwen3-30B-A3B-Base,"IOI (ii) S1, IO -> other names",S1,layer,39,-0.076171875,0.18715866748691115,64,-0.009720837487537388,7.8359375
Qwen3-30B-A3B-Base,"IOI (ii) S1, IO -> other names",S1,layer,40,-0.076171875,0.30343371205112823,64,-0.009720837487537388,7.8359375
Qwen3-30B-A3B-Base,"IOI (ii) S1, IO -> other names",S1,layer,41,-0.080078125,0.24536091360807105,64,-0.010219341974077766,7.8359375
Qwen3-30B-A3B-Base,"IOI (ii) S1, IO -> other names",S1,layer,42,0.00390625,0.13903142487644513,64,0.0004985044865403788,7.8359375
Qwen3-30B-A3B-Base,"IOI (ii) S1, IO -> other names",S1,layer,43,-0.01171875,0.10379397614566553,64,-0.0014955134596211367,7.8359375
Qwen3-30B-A3B-Base,"IOI (ii) S1, IO -> other names",S1,layer,44,0.001953125,0.10325118542499484,64,0.0002492522432701894,7.8359375
Qwen3-30B-A3B-Base,"IOI (ii) S1, IO -> other names",S1,layer,45,0.005859375,0.06839169799879756,64,0.0007477567298105683,7.8359375
Qwen3-30B-A3B-Base,"IOI (ii) S1, IO -> other names",S1,layer,46,0.0078125,0.0491747370293402,64,0.0009970089730807576,7.8359375
Qwen3-30B-A3B-Base,"IOI (ii) S1, IO -> other names",S1,layer,47,0.0,0.0,64,0.0,7.8359375
Qwen3-30B-A3B-Base,"IOI (ii) S1, IO -> other names",S2,attn_layer,0,0.029296875,0.17214535014742904,64,0.0037387836490528413,7.8359375
Qwen3-30B-A3B-Base,"IOI (ii) S1, IO -> other names",S2,attn_layer,1,0.0703125,0.2744718955167749,64,0.00897308075772682,7.8359375
Qwen3-30B-A3B-Base,"IOI (ii) S1, IO -> other names",S2,attn_layer,2,0.140625,0.2393567769390845,64,0.01794616151545364,7.8359375
Qwen3-30B-A3B-Base,"IOI (ii) S1, IO -> other names",S2,attn_layer,3,0.03515625,0.17318897090420382,64,0.00448654037886341,7.8359375
Qwen3-30B-A3B-Base,"IOI (ii) S1, IO -> other names",S2,attn_layer,4,0.13671875,0.28410150593512024,64,0.01744765702891326,7.8359375
Qwen3-30B-A3B-Base,"IOI (ii) S1, IO -> other names",S2,attn_layer,5,0.064453125,0.18092600694781102,64,0.008225324027916252,7.8359375
Qwen3-30B-A3B-Base,"IOI (ii) S1, IO -> other names",S2,attn_layer,6,-0.041015625,0.28957985395306113,64,-0.005234297108673978,7.8359375
Qwen3-30B-A3B-Base,"IOI (ii) S1, IO -> other names",S2,attn_layer,7,0.03515625,0.19090005851562705,64,0.00448654037886341,7.8359375
Qwen3-30B-A3B-Base,"IOI (ii) S1, IO -> other names",S2,attn_layer,8,0.0859375,0.15410230316666212,64,0.010967098703888335,7.8359375
Qwen3-30B-A3B-Base,"IOI (ii) S1, IO -> other names",S2,attn_layer,9,0.01953125,0.18123631584905844,64,0.0024925224327018943,7.8359375
Qwen3-30B-A3B-Base,"IOI (ii) S1, IO -> other names",S2,attn_layer,10,0.078125,0.2243818669639377,64,0.009970089730807577,7.8359375
Qwen3-30B-A3B-Base,"IOI (ii) S1, IO -> other names",S2,attn_layer,11,0.033203125,0.15942945692722882,64,0.00423728813559322,7.8359375
Qwen3-30B-A3B-Base,"IOI (ii) S1, IO -> other names",S2,attn_layer,12,0.078125,0.2602082499332666,64,0.009970089730807577,7.8359375
Qwen3-30B-A3B-Base,"IOI (ii) S1, IO -> other names",S2,attn_layer,13,0.037109375,0.1616502315836007,64,0.004735792622133599,7.8359375
Qwen3-30B-A3B-Base,"IOI (ii) S1, IO -> other names",S2,attn_layer,14,0.01171875,0.1721115796026907,64,0.0014955134596211367,7.8359375
Qwen3-30B-A3B-Base,"IOI (ii) S1, IO -> other names",S2,attn_layer,15,-0.005859375,0.16279687091758105,64,-0.0007477567298105683,7.8359375
Qwen3-30B-A3B-Base,"IOI (ii) S1, IO -> other names",S2,attn_layer,16,0.041015625,0.15277636859018207,64,0.005234297108673978,7.8359375
Qwen3-30B-A3B-Base,"IOI (ii) S1, IO -> other names",S2,attn_layer,17,0.02734375,0.16285637052518062,64,0.003489531405782652,7.8359375
Qwen3-30B-A3B-Base,"IOI (ii) S1, IO -> other names",S2,attn_layer,18,0.01953125,0.19187197854505397,64,0.0024925224327018943,7.8359375
Qwen3-30B-A3B-Base,"IOI (ii) S1, IO -> other names",S2,attn_layer,19,0.068359375,0.16951390514556147,64,0.00872382851445663,7.8359375
Qwen3-30B-A3B-Base,"IOI (ii) S1, IO -> other names",S2,attn_layer,20,0.05078125,0.17211157960269066,64,0.006480558325024925,7.8359375
Qwen3-30B-A3B-Base,"IOI (ii) S1, IO -> other names",S2,attn_layer,21,0.017578125,0.16795216672475438,64,0.002243270189431705,7.8359375
Qwen3-30B-A3B-Base,"IOI (ii) S1, IO -> other names",S2,attn_layer,22,-0.013671875,0.19431042539876955,64,-0.001744765702891326,7.8359375
Qwen3-30B-A3B-Base,"IOI (ii) S1, IO -> other names",S2,attn_layer,23,0.0546875,0.239745028251742,64,0.006979062811565304,7.8359375
Qwen3-30B-A3B-Base,"IOI (ii) S1, IO -> other names",S2,attn_layer,24,0.0546875,0.1965412735845126,64,0.006979062811565304,7.8359375
Qwen3-30B-A3B-Base,"IOI (ii) S1, IO -> other names",S2,attn_layer,25,0.107421875,0.2203298252503307,64,0.013708873379860419,7.8359375
Qwen3-30B-A3B-Base,"IOI (ii) S1, IO -> other names",S2,attn_layer,26,0.115234375,0.1531816788526327,64,0.014705882352941176,7.8359375
Qwen3-30B-A3B-Base,"IOI (ii) S1, IO -> other names",S2,attn_layer,27,-0.08203125,0.15141323344379368,64,-0.010468594217347957,7.8359375
Qwen3-30B-A3B-Base,"IOI (ii) S1, IO -> other names",S2,attn_layer,28,0.02734375,0.13632934197789914,64,0.003489531405782652,7.8359375
Qwen3-30B-A3B-Base,"IOI (ii) S1, IO -> other names",S2,attn_layer,29,0.01171875,0.12739520670133625,64,0.0014955134596211367,7.8359375
Qwen3-30B-A3B-Base,"IOI (ii) S1, IO -> other names",S2,attn_layer,30,0.19140625,0.20650237084998968,64,0.024426719840478565,7.8359375
Qwen3-30B-A3B-Base,"IOI (ii) S1, IO -> other names",S2,attn_layer,31,0.015625,0.13081702961807093,64,0.0019940179461615153,7.8359375
Qwen3-30B-A3B-Base,"IOI (ii) S1, IO -> other names",S2,attn_layer,32,0.130859375,0.11231176381691574,64,0.01669990029910269,7.8359375
Qwen3-30B-A3B-Base,"IOI (ii) S1, IO -> other names",S2,attn_layer,33,-0.03125,0.1298656204123299,64,-0.003988035892323031,7.8359375
Qwen3-30B-A3B-Base,"IOI (ii) S1, IO -> other names",S2,attn_layer,34,0.150390625,0.1981808230906134,64,0.019192422731804586,7.8359375
Qwen3-30B-A3B-Base,"IOI (ii) S1, IO -> other names",S2,attn_layer,35,-0.03515625,0.16736275768142134,64,-0.00448654037886341,7.8359375
Qwen3-30B-A3B-Base,"IOI (ii) S1, IO -> other names",S2,attn_layer,36,0.025390625,0.1513492352865564,64,0.0032402791625124627,7.8359375
Qwen3-30B-A3B-Base,"IOI (ii) S1, IO -> other names",S2,attn_layer,37,-0.005859375,0.16730486071435816,64,-0.0007477567298105683,7.8359375
Qwen3-30B-A3B-Base,"IOI (ii) S1, IO -> other names",S2,attn_layer,38,0.439453125,0.2112793929725312,64,0.05608175473579262,7.8359375
Qwen3-30B-A3B-Base,"IOI (ii) S1, IO -> other names",S2,attn_layer,39,0.00390625,0.1090378875102522,64,0.0004985044865403788,7.8359375
Qwen3-30B-A3B-Base,"IOI (ii) S1, IO -> other names",S2,attn_layer,40,0.134765625,0.1431378226043719,64,0.017198404785643072,7.8359375
Qwen3-30B-A3B-Base,"IOI (ii) S1, IO -> other names",S2,attn_layer,41,0.146484375,0.14698471923466083,64,0.01869391824526421,7.8359375
Qwen3-30B-A3B-Base,"IOI (ii) S1, IO -> other names",S2,attn_layer,42,0.091796875,0.1359165453197905,64,0.011714855433698903,7.8359375
Qwen3-30B-A3B-Base,"IOI (ii) S1, IO -> other names",S2,attn_layer,43,0.009765625,0.08993132162448735,64,0.0012462612163509472,7.8359375
Qwen3-30B-A3B-Base,"IOI (ii) S1, IO -> other names",S2,attn_layer,44,0.578125,0.3016982356541474,64,0.07377866400797607,7.8359375
Qwen3-30B-A3B-Base,"IOI (ii) S1, IO -> other names",S2,attn_layer,45,0.0,0.07386710503565985,64,0.0,7.8359375
Qwen3-30B-A3B-Base,"IOI (ii) S1, IO -> other names",S2,attn_layer,46,-0.009765625,0.060194326101728805,64,-0.0012462612163509472,7.8359375
Qwen3-30B-A3B-Base,"IOI (ii) S1, IO -> other names",S2,attn_layer,47,-0.005859375,0.04124601652242619,64,-0.0007477567298105683,7.8359375
Qwen3-30B-A3B-Base,"IOI (ii) S1, IO -> other names",S2,layer,0,0.025390625,0.14803556170650992,64,0.0032402791625124627,7.8359375
Qwen3-30B-A3B-Base,"IOI (ii) S1, IO -> other names",S2,layer,1,0.01953125,0.17138955615882043,64,0.0024925224327018943,7.8359375
Qwen3-30B-A3B-Base,"IOI (ii) S1, IO -> other names",S2,layer,2,0.05859375,0.18089387564545062,64,0.007477567298105683,7.8359375
Qwen3-30B-A3B-Base,"IOI (ii) S1, IO -> other names",S2,layer,3,0.0234375,0.21231317651204532,64,0.0029910269192422734,7.8359375
Qwen3-30B-A3B-Base,"IOI (ii) S1, IO -> other names",S2,layer,4,0.009765625,0.21742619562884996,64,0.0012462612163509472,7.8359375
Qwen3-30B-A3B-Base,"IOI (ii) S1, IO -> other names",S2,layer,5,0.025390625,0.16841300492591008,64,0.0032402791625124627,7.8359375
Qwen3-30B-A3B-Base,"IOI (ii) S1, IO -> other names",S2,layer,6,0.03125,0.2625802976203902,64,0.003988035892323031,7.8359375
Qwen3-30B-A3B-Base,"IOI (ii) S1, IO -> other names",S2,layer,7,-0.005859375,0.21642579044064306,64,-0.0007477567298105683,7.8359375
Qwen3-30B-A3B-Base,"IOI (ii) S1, IO -> other names",S2,layer,8,-0.005859375,0.22430413502670732,64,-0.0007477567298105683,7.8359375
Qwen3-30B-A3B-Base,"IOI (ii) S1, IO -> other names",S2,layer,9,0.005859375,0.1687807695345727,64,0.0007477567298105683,7.8359375
Qwen3-30B-A3B-Base,"IOI (ii) S1, IO -> other names",S2,layer,10,-0.044921875,0.42513255840067304,64,-0.005732801595214357,7.8359375
Qwen3-30B-A3B-Base,"IOI (ii) S1, IO -> other names",S2,layer,11,-0.044921875,0.1786845499834213,64,-0.005732801595214357,7.8359375
Qwen3-30B-A3B-Base,"IOI (ii) S1, IO -> other names",S2,layer,12,-0.087890625,0.1937512000730883,64,-0.011216350947158525,7.8359375
Qwen3-30B-A3B-Base,"IOI (ii) S1, IO -> other names",S2,layer,13,-0.0078125,0.2313210422836077,64,-0.0009970089730807576,7.8359375
Qwen3-30B-A3B-Base,"IOI (ii) S1, IO -> other names",S2,layer,14,0.009765625,0.21164591140741698,64,0.0012462612163509472,7.8359375
Qwen3-30B-A3B-Base,"IOI (ii) S1, IO -> other names",S2,layer,15,0.02734375,0.15664632276727067,64,0.003489531405782652,7.8359375
Qwen3-30B-A3B-Base,"IOI (ii) S1, IO -> other names",S2,layer,16,0.052734375,0.18872573887493171,64,0.006729810568295114,7.8359375
Qwen3-30B-A3B-Base,"IOI (ii) S1, IO -> other names",S2,layer,17,0.01953125,0.2711479399832181,64,0.0024925224327018943,7.8359375
Qwen3-30B-A3B-Base,"IOI (ii) S1, IO -> other names",S2,layer,18,0.06640625,0.25292804163641436,64,0.00847457627118644,7.8359375
Qwen3-30B-A3B-Base,"IOI (ii) S1, IO -> other names",S2,layer,19,0.04296875,0.27568344906305414,64,0.005483549351944167,7.8359375
Qwen3-30B-A3B-Base,"IOI (ii) S1, IO -> other names",S2,layer,20,0.072265625,0.1989614497387443,64,0.009222333000997009,7.8359375
Qwen3-30B-A3B-Base,"IOI (ii) S1, IO -> other names",S2,layer,21,-0.09375,0.16517186816085247,64,-0.011964107676969093,7.8359375
Qwen3-30B-A3B-Base,"IOI (ii) S1, IO -> other names",S2,layer,22,-0.00390625,0.3037209307404435,64,-0.0004985044865403788,7.8359375
Qwen3-30B-A3B-Base,"IOI (ii) S1, IO -> other names",S2,layer,23,-0.0078125,0.1793880138799957,64,-0.0009970089730807576,7.8359375
Qwen3-30B-A3B-Base,"IOI (ii) S1, IO -> other names",S2,layer,24,-0.126953125,0.26210021285260526,64,-0.016201395812562313,7.8359375
Qwen3-30B-A3B-Base,"IOI (ii) S1, IO -> other names",S2,layer,25,-0.0625,0.21821789023599236,64,-0.007976071784646061,7.8359375
Qwen3-30B-A3B-Base,"IOI (ii) S1, IO -> other names",S2,layer,26,0.09765625,0.2010250887564132,64,0.012462612163509471,7.8359375
Qwen3-30B-A3B-Base,"IOI (ii) S1, IO -> other names",S2,layer,27,-0.00390625,0.16512493766745998,64,-0.0004985044865403788,7.8359375
Qwen3-30B-A3B-Base,"IOI (ii) S1, IO -> other names",S2,layer,28,0.005859375,0.15338393235396294,64,0.0007477567298105683,7.8359375
Qwen3-30B-A3B-Base,"IOI (ii) S1, IO -> other names",S2,layer,29,0.021484375,0.16896435166311416,64,0.0027417746759720836,7.8359375
Qwen3-30B-A3B-Base,"IOI (ii) S1, IO -> other names",S2,layer,30,-0.02734375,0.16437222747978644,64,-0.003489531405782652,7.8359375
Qwen3-30B-A3B-Base,"IOI (ii) S1, IO -> other names",S2,layer,31,0.017578125,0.18347828076883893,64,0.002243270189431705,7.8359375
Qwen3-30B-A3B-Base,"IOI (ii) S1, IO -> other names",S2,layer,32,-0.046875,0.1935210500834388,64,-0.005982053838484547,7.8359375
Qwen3-30B-A3B-Base,"IOI (ii) S1, IO -> other names",S2,layer,33,0.052734375,0.1555913697965242,64,0.006729810568295114,7.8359375
Qwen3-30B-A3B-Base,"IOI (ii) S1, IO -> other names",S2,layer,34,0.251953125,0.2830287118581984,64,0.03215353938185444,7.8359375
Qwen3-30B-A3B-Base,"IOI (ii) S1, IO -> other names",S2,layer,35,0.0390625,0.16943387294631287,64,0.004985044865403789,7.8359375
Qwen3-30B-A3B-Base,"IOI (ii) S1, IO -> other names",S2,layer,36,0.091796875,0.1812683864511054,64,0.011714855433698903,7.8359375
Qwen3-30B-A3B-Base,"IOI (ii) S1, IO -> other names",S2,layer,37,0.21875,0.23570226039551584,64,0.027916251246261216,7.8359375
Qwen3-30B-A3B-Base,"IOI (ii) S1, IO -> other names",S2,layer,38,0.154296875,0.25756624542771545,64,0.019690927218344964,7.8359375
Qwen3-30B-A3B-Base,"IOI (ii) S1, IO -> other names",S2,layer,39,0.0859375,0.14063877798465071,64,0.010967098703888335,7.8359375
Qwen3-30B-A3B-Base,"IOI (ii) S1, IO -> other names",S2,layer,40,0.078125,0.1269686250458425,64,0.009970089730807577,7.8359375
Qwen3-30B-A3B-Base,"IOI (ii) S1, IO -> other names",S2,layer,41,0.0546875,0.13886408508676432,64,0.006979062811565304,7.8359375
Qwen3-30B-A3B-Base,"IOI (ii) S1, IO -> other names",S2,layer,42,0.05078125,0.1293273769799262,64,0.006480558325024925,7.8359375
Qwen3-30B-A3B-Base,"IOI (ii) S1, IO -> other names",S2,layer,43,0.046875,0.1502313031443329,64,0.005982053838484547,7.8359375
Qwen3-30B-A3B-Base,"IOI (ii) S1, IO -> other names",S2,layer,44,0.0234375,0.09149063183892499,64,0.0029910269192422734,7.8359375
Qwen3-30B-A3B-Base,"IOI (ii) S1, IO -> other names",S2,layer,45,0.009765625,0.06793688531942542,64,0.0012462612163509472,7.8359375
Qwen3-30B-A3B-Base,"IOI (ii) S1, IO -> other names",S2,layer,46,0.0078125,0.06634969288573796,64,0.0009970089730807576,7.8359375
Qwen3-30B-A3B-Base,"IOI (ii) S1, IO -> other names",S2,layer,47,0.0,0.0,64,0.0,7.8359375
Qwen3-30B-A3B-Base,"IOI (ii) S1, IO -> other names",after_S2,attn_layer,0,0.05078125,0.3171039821823009,64,0.006480558325024925,7.8359375
Qwen3-30B-A3B-Base,"IOI (ii) S1, IO -> other names",after_S2,attn_layer,1,0.0625,0.3173238794109962,64,0.007976071784646061,7.8359375
Qwen3-30B-A3B-Base,"IOI (ii) S1, IO -> other names",after_S2,attn_layer,2,0.052734375,0.3171711891771502,64,0.006729810568295114,7.8359375
Qwen3-30B-A3B-Base,"IOI (ii) S1, IO -> other names",after_S2,attn_layer,3,0.078125,0.34610932762158647,64,0.009970089730807577,7.8359375
Qwen3-30B-A3B-Base,"IOI (ii) S1, IO -> other names",after_S2,attn_layer,4,0.025390625,0.38523060985318547,64,0.0032402791625124627,7.8359375
Qwen3-30B-A3B-Base,"IOI (ii) S1, IO -> other names",after_S2,attn_layer,5,0.04296875,0.32214770193977693,64,0.005483549351944167,7.8359375
Qwen3-30B-A3B-Base,"IOI (ii) S1, IO -> other names",after_S2,attn_layer,6,0.041015625,0.3773436601391657,64,0.005234297108673978,7.8359375
Qwen3-30B-A3B-Base,"IOI (ii) S1, IO -> other names",after_S2,attn_layer,7,0.060546875,0.3443075834970404,64,0.007726819541375872,7.8359375
Qwen3-30B-A3B-Base,"IOI (ii) S1, IO -> other names",after_S2,attn_layer,8,0.048828125,0.3367512177980831,64,0.006231306081754736,7.8359375
Qwen3-30B-A3B-Base,"IOI (ii) S1, IO -> other names",after_S2,attn_layer,9,0.048828125,0.3315556672208602,64,0.006231306081754736,7.8359375
Qwen3-30B-A3B-Base,"IOI (ii) S1, IO -> other names",after_S2,attn_layer,10,0.017578125,0.255754396364795,64,0.002243270189431705,7.8359375
Qwen3-30B-A3B-Base,"IOI (ii) S1, IO -> other names",after_S2,attn_layer,11,0.080078125,0.38919380672928044,64,0.010219341974077766,7.8359375
Qwen3-30B-A3B-Base,"IOI (ii) S1, IO -> other names",after_S2,attn_layer,12,0.0625,0.2834733547569205,64,0.007976071784646061,7.8359375
Qwen3-30B-A3B-Base,"IOI (ii) S1, IO -> other names",after_S2,attn_layer,13,0.078125,0.3177144320257743,64,0.009970089730807577,7.8359375
Qwen3-30B-A3B-Base,"IOI (ii) S1, IO -> other names",after_S2,attn_layer,14,0.0234375,0.2680720037720261,64,0.0029910269192422734,7.8359375
Qwen3-30B-A3B-Base,"IOI (ii) S1, IO -> other names",after_S2,attn_layer,15,0.04296875,0.2359323261022109,64,0.005483549351944167,7.8359375
Qwen3-30B-A3B-Base,"IOI (ii) S1, IO -> other names",after_S2,attn_layer,16,0.04296875,0.28627564520874377,64,0.005483549351944167,7.8359375
Qwen3-30B-A3B-Base,"IOI (ii) S1, IO -> other names",after_S2,attn_layer,17,0.033203125,0.25319602668009483,64,0.00423728813559322,7.8359375
Qwen3-30B-A3B-Base,"IOI (ii) S1, IO -> other names",after_S2,attn_layer,18,0.025390625,0.2756483046333176,64,0.0032402791625124627,7.8359375
Qwen3-30B-A3B-Base,"IOI (ii) S1, IO -> other names",after_S2,attn_layer,19,0.083984375,0.26168589508892537,64,0.010717846460618146,7.8359375
Qwen3-30B-A3B-Base,"IOI (ii) S1, IO -> other names",after_S2,attn_layer,20,0.048828125,0.2612709203099403,64,0.006231306081754736,7.8359375
Qwen3-30B-A3B-Base,"IOI (ii) S1, IO -> other names",after_S2,attn_layer,21,0.03515625,0.2759082674075018,64,0.00448654037886341,7.8359375
Qwen3-30B-A3B-Base,"IOI (ii) S1, IO -> other names",after_S2,attn_layer,22,0.015625,0.28651920348949383,64,0.0019940179461615153,7.8359375
Qwen3-30B-A3B-Base,"IOI (ii) S1, IO -> other names",after_S2,attn_layer,23,0.01171875,0.20977920885601123,64,0.0014955134596211367,7.8359375
Qwen3-30B-A3B-Base,"IOI (ii) S1, IO -> other names",after_S2,attn_layer,24,0.021484375,0.2705398478520191,64,0.0027417746759720836,7.8359375
Qwen3-30B-A3B-Base,"IOI (ii) S1, IO -> other names",after_S2,attn_layer,25,0.0234375,0.24384791480665882,64,0.0029910269192422734,7.8359375
Qwen3-30B-A3B-Base,"IOI (ii) S1, IO -> other names",after_S2,attn_layer,26,0.033203125,0.21390430880048372,64,0.00423728813559322,7.8359375
Qwen3-30B-A3B-Base,"IOI (ii) S1, IO -> other names",after_S2,attn_layer,27,0.01953125,0.21271435267356398,64,0.0024925224327018943,7.8359375
Qwen3-30B-A3B-Base,"IOI (ii) S1, IO -> other names",after_S2,attn_layer,28,0.037109375,0.24868671674481824,64,0.004735792622133599,7.8359375
Qwen3-30B-A3B-Base,"IOI (ii) S1, IO -> other names",after_S2,attn_layer,29,0.009765625,0.22636785220938258,64,0.0012462612163509472,7.8359375
Qwen3-30B-A3B-Base,"IOI (ii) S1, IO -> other names",after_S2,attn_layer,30,0.029296875,0.20259010769559088,64,0.0037387836490528413,7.8359375
Qwen3-30B-A3B-Base,"IOI (ii) S1, IO -> other names",after_S2,attn_layer,31,0.029296875,0.22243041927454704,64,0.0037387836490528413,7.8359375
Qwen3-30B-A3B-Base,"IOI (ii) S1, IO -> other names",after_S2,attn_layer,32,-0.00390625,0.21358703060545872,64,-0.0004985044865403788,7.8359375
Qwen3-30B-A3B-Base,"IOI (ii) S1, IO -> other names",after_S2,attn_layer,33,0.044921875,0.21171913895442512,64,0.005732801595214357,7.8359375
Qwen3-30B-A3B-Base,"IOI (ii) S1, IO -> other names",after_S2,attn_layer,34,-0.001953125,0.23411030026141968,64,-0.0002492522432701894,7.8359375
Qwen3-30B-A3B-Base,"IOI (ii) S1, IO -> other names",after_S2,attn_layer,35,0.130859375,0.22319568374869533,64,0.01669990029910269,7.8359375
Qwen3-30B-A3B-Base,"IOI (ii) S1, IO -> other names",after_S2,attn_layer,36,0.044921875,0.20936315413066284,64,0.005732801595214357,7.8359375
Qwen3-30B-A3B-Base,"IOI (ii) S1, IO -> other names",after_S2,attn_layer,37,0.041015625,0.21941332252438658,64,0.005234297108673978,7.8359375
Qwen3-30B-A3B-Base,"IOI (ii) S1, IO -> other names",after_S2,attn_layer,38,-0.017578125,0.2146277548796579,64,-0.002243270189431705,7.8359375
Qwen3-30B-A3B-Base,"IOI (ii) S1, IO -> other names",after_S2,attn_layer,39,0.03125,0.20892772350933622,64,0.003988035892323031,7.8359375
Qwen3-30B-A3B-Base,"IOI (ii) S1, IO -> other names",after_S2,attn_layer,40,0.04296875,0.20071641281423866,64,0.005483549351944167,7.8359375
Qwen3-30B-A3B-Base,"IOI (ii) S1, IO -> other names",after_S2,attn_layer,41,0.048828125,0.21083872981518215,64,0.006231306081754736,7.8359375
Qwen3-30B-A3B-Base,"IOI (ii) S1, IO -> other names",after_S2,attn_layer,42,0.265625,0.23935677693908453,64,0.03389830508474576,7.8359375
Qwen3-30B-A3B-Base,"IOI (ii) S1, IO -> other names",after_S2,attn_layer,43,0.0703125,0.17376976877375,64,0.00897308075772682,7.8359375
Qwen3-30B-A3B-Base,"IOI (ii) S1, IO -> other names",after_S2,attn_layer,44,0.013671875,0.1838159064129022,64,0.001744765702891326,7.8359375
Qwen3-30B-A3B-Base,"IOI (ii) S1, IO -> other names",after_S2,attn_layer,45,0.130859375,0.1658158155081084,64,0.01669990029910269,7.8359375
Qwen3-30B-A3B-Base,"IOI (ii) S1, IO -> other names",after_S2,attn_layer,46,-0.001953125,0.13080221706866962,64,-0.0002492522432701894,7.8359375
Qwen3-30B-A3B-Base,"IOI (ii) S1, IO -> other names",after_S2,attn_layer,47,0.0078125,0.13886408508676434,64,0.0009970089730807576,7.8359375
Qwen3-30B-A3B-Base,"IOI (ii) S1, IO -> other names",after_S2,layer,0,0.03515625,0.3176900365535515,64,0.00448654037886341,7.8359375
Qwen3-30B-A3B-Base,"IOI (ii) S1, IO -> other names",after_S2,layer,1,0.03515625,0.29669872586273677,64,0.00448654037886341,7.8359375
Qwen3-30B-A3B-Base,"IOI (ii) S1, IO -> other names",after_S2,layer,2,0.02734375,0.3359043334495087,64,0.003489531405782652,7.8359375
Qwen3-30B-A3B-Base,"IOI (ii) S1, IO -> other names",after_S2,layer,3,0.078125,0.2865192034894938,64,0.009970089730807577,7.8359375
Qwen3-30B-A3B-Base,"IOI (ii) S1, IO -> other names",after_S2,layer,4,0.056640625,0.28515667468439776,64,0.007228315054835494,7.8359375
Qwen3-30B-A3B-Base,"IOI (ii) S1, IO -> other names",after_S2,layer,5,0.044921875,0.3614394636216351,64,0.005732801595214357,7.8359375
Qwen3-30B-A3B-Base,"IOI (ii) S1, IO -> other names",after_S2,layer,6,0.02734375,0.3552809850991407,64,0.003489531405782652,7.8359375
Qwen3-30B-A3B-Base,"IOI (ii) S1, IO -> other names",after_S2,layer,7,0.029296875,0.3075941811990917,64,0.0037387836490528413,7.8359375
Qwen3-30B-A3B-Base,"IOI (ii) S1, IO -> other names",after_S2,layer,8,0.06640625,0.2971163910012156,64,0.00847457627118644,7.8359375
Qwen3-30B-A3B-Base,"IOI (ii) S1, IO -> other names",after_S2,layer,9,0.021484375,0.2950943885686113,64,0.0027417746759720836,7.8359375
Qwen3-30B-A3B-Base,"IOI (ii) S1, IO -> other names",after_S2,layer,10,0.037109375,0.3091524572366783,64,0.004735792622133599,7.8359375
Qwen3-30B-A3B-Base,"IOI (ii) S1, IO -> other names",after_S2,layer,11,-0.00390625,0.28778777005848966,64,-0.0004985044865403788,7.8359375
Qwen3-30B-A3B-Base,"IOI (ii) S1, IO -> other names",after_S2,layer,12,-0.01171875,0.30757528275772106,64,-0.0014955134596211367,7.8359375
Qwen3-30B-A3B-Base,"IOI (ii) S1, IO -> other names",after_S2,layer,13,0.08203125,0.30878245122179415,64,0.010468594217347957,7.8359375
Qwen3-30B-A3B-Base,"IOI (ii) S1, IO -> other names",after_S2,layer,14,0.017578125,0.2547828085132293,64,0.002243270189431705,7.8359375
Qwen3-30B-A3B-Base,"IOI (ii) S1, IO -> other names",after_S2,layer,15,0.013671875,0.30055932276010977,64,0.001744765702891326,7.8359375
Qwen3-30B-A3B-Base,"IOI (ii) S1, IO -> other names",after_S2,layer,16,0.04296875,0.30392501000468725,64,0.005483549351944167,7.8359375
Qwen3-30B-A3B-Base,"IOI (ii) S1, IO -> other names",after_S2,layer,17,0.015625,0.24142023560325296,64,0.0019940179461615153,7.8359375
Qwen3-30B-A3B-Base,"IOI (ii) S1, IO -> other names",after_S2,layer,18,0.05078125,0.27160489912768276,64,0.006480558325024925,7.8359375
Qwen3-30B-A3B-Base,"IOI (ii) S1, IO -> other names",after_S2,layer,19,0.02734375,0.2958616267489579,64,0.003489531405782652,7.8359375
Qwen3-30B-A3B-Base,"IOI (ii) S1, IO -> other names",after_S2,layer,20,0.0,0.2625802976203902,64,0.0,7.8359375
Qwen3-30B-A3B-Base,"IOI (ii) S1, IO -> other names",after_S2,layer,21,0.02734375,0.25826491989661765,64,0.003489531405782652,7.8359375
Qwen3-30B-A3B-Base,"IOI (ii) S1, IO -> other names",after_S2,layer,22,0.01171875,0.25850488735363264,64,0.0014955134596211367,7.8359375
Qwen3-30B-A3B-Base,"IOI (ii) S1, IO -> other names",after_S2,layer,23,0.015625,0.28565227501671014,64,0.0019940179461615153,7.8359375
Qwen3-30B-A3B-Base,"IOI (ii) S1, IO -> other names",after_S2,layer,24,-0.03125,0.3464674335917916,64,-0.003988035892323031,7.8359375
Qwen3-30B-A3B-Base,"IOI (ii) S1, IO -> other names",after_S2,layer,25,0.009765625,0.30643292034737235,64,0.0012462612163509472,7.8359375
Qwen3-30B-A3B-Base,"IOI (ii) S1, IO -> other names",after_S2,layer,26,0.03515625,0.23088506167863962,64,0.00448654037886341,7.8359375
Qwen3-30B-A3B-Base,"IOI (ii) S1, IO -> other names",after_S2,layer,27,0.0234375,0.2418051737732096,64,0.0029910269192422734,7.8359375
Qwen3-30B-A3B-Base,"IOI (ii) S1, IO -> other names",after_S2,layer,28,0.01171875,0.23854589048038402,64,0.0014955134596211367,7.8359375
Qwen3-30B-A3B-Base,"IOI (ii) S1, IO -> other names",after_S2,layer,29,0.01171875,0.20378213301978962,64,0.0014955134596211367,7.8359375
Qwen3-30B-A3B-Base,"IOI (ii) S1, IO -> other names",after_S2,layer,30,0.013671875,0.24307592743423992,64,0.001744765702891326,7.8359375
Qwen3-30B-A3B-Base,"IOI (ii) S1, IO -> other names",after_S2,layer,31,-0.025390625,0.26180433849870793,64,-0.0032402791625124627,7.8359375
Qwen3-30B-A3B-Base,"IOI (ii) S1, IO -> other names",after_S2,layer,32,-0.013671875,0.22725630971997166,64,-0.001744765702891326,7.8359375
Qwen3-30B-A3B-Base,"IOI (ii) S1, IO -> other names",after_S2,layer,33,0.017578125,0.23238240273564278,64,0.002243270189431705,7.8359375
Qwen3-30B-A3B-Base,"IOI (ii) S1, IO -> other names",after_S2,layer,34,-0.009765625,0.24224549676797932,64,-0.0012462612163509472,7.8359375
Qwen3-30B-A3B-Base,"IOI (ii) S1, IO -> other names",after_S2,layer,35,0.078125,0.25246797691010114,64,0.009970089730807577,7.8359375
Qwen3-30B-A3B-Base,"IOI (ii) S1, IO -> other names",after_S2,layer,36,0.064453125,0.24498156261609852,64,0.008225324027916252,7.8359375
Qwen3-30B-A3B-Base,"IOI (ii) S1, IO -> other names",after_S2,layer,37,0.0390625,0.20877928461066167,64,0.004985044865403789,7.8359375
Qwen3-30B-A3B-Base,"IOI (ii) S1, IO -> other names",after_S2,layer,38,0.09375,0.2089277235093362,64,0.011964107676969093,7.8359375
Qwen3-30B-A3B-Base,"IOI (ii) S1, IO -> other names",after_S2,layer,39,0.04296875,0.2138771319691871,64,0.005483549351944167,7.8359375
Qwen3-30B-A3B-Base,"IOI (ii) S1, IO -> other names",after_S2,layer,40,0.00390625,0.19665954133581387,64,0.0004985044865403788,7.8359375
Qwen3-30B-A3B-Base,"IOI (ii) S1, IO -> other names",after_S2,layer,41,0.068359375,0.18220661281079822,64,0.00872382851445663,7.8359375
Qwen3-30B-A3B-Base,"IOI (ii) S1, IO -> other names",after_S2,layer,42,0.0078125,0.1834888409737899,64,0.0009970089730807576,7.8359375
Qwen3-30B-A3B-Base,"IOI (ii) S1, IO -> other names",after_S2,layer,43,0.00390625,0.18629739995544414,64,0.0004985044865403788,7.8359375
Qwen3-30B-A3B-Base,"IOI (ii) S1, IO -> other names",after_S2,layer,44,0.017578125,0.16497232136172477,64,0.002243270189431705,7.8359375
Qwen3-30B-A3B-Base,"IOI (ii) S1, IO -> other names",after_S2,layer,45,-0.013671875,0.1375039456504592,64,-0.001744765702891326,7.8359375
Qwen3-30B-A3B-Base,"IOI (ii) S1, IO -> other names",after_S2,layer,46,0.005859375,0.11875195800390789,64,0.0007477567298105683,7.8359375
Qwen3-30B-A3B-Base,"IOI (ii) S1, IO -> other names",after_S2,layer,47,0.0,0.0,64,0.0,7.8359375
Qwen3-30B-A3B-Base,"IOI (ii) S1, IO -> other names",final,attn_layer,0,-0.001953125,0.12498449804669427,64,-0.0002492522432701894,7.8359375
Qwen3-30B-A3B-Base,"IOI (ii) S1, IO -> other names",final,attn_layer,1,0.005859375,0.11231176381691577,64,0.0007477567298105683,7.8359375
Qwen3-30B-A3B-Base,"IOI (ii) S1, IO -> other names",final,attn_layer,2,0.017578125,0.11106265994709387,64,0.002243270189431705,7.8359375
Qwen3-30B-A3B-Base,"IOI (ii) S1, IO -> other names",final,attn_layer,3,0.017578125,0.1352305268306855,64,0.002243270189431705,7.8359375
Qwen3-30B-A3B-Base,"IOI (ii) S1, IO -> other names",final,attn_layer,4,0.03515625,0.15664632276727064,64,0.00448654037886341,7.8359375
Qwen3-30B-A3B-Base,"IOI (ii) S1, IO -> other names",final,attn_layer,5,0.009765625,0.11849060537235827,64,0.0012462612163509472,7.8359375
Qwen3-30B-A3B-Base,"IOI (ii) S1, IO -> other names",final,attn_layer,6,0.029296875,0.1274408271886361,64,0.0037387836490528413,7.8359375
Qwen3-30B-A3B-Base,"IOI (ii) S1, IO -> other names",final,attn_layer,7,0.009765625,0.17006168275793437,64,0.0012462612163509472,7.8359375
Qwen3-30B-A3B-Base,"IOI (ii) S1, IO -> other names",final,attn_layer,8,0.001953125,0.13454101040999672,64,0.0002492522432701894,7.8359375
Qwen3-30B-A3B-Base,"IOI (ii) S1, IO -> other names",final,attn_layer,9,0.0078125,0.13524485437502098,64,0.0009970089730807576,7.8359375
Qwen3-30B-A3B-Base,"IOI (ii) S1, IO -> other names",final,attn_layer,10,0.005859375,0.11231176381691578,64,0.0007477567298105683,7.8359375
Qwen3-30B-A3B-Base,"IOI (ii) S1, IO -> other names",final,attn_layer,11,0.013671875,0.2430759274342399,64,0.001744765702891326,7.8359375
Qwen3-30B-A3B-Base,"IOI (ii) S1, IO -> other names",final,attn_layer,12,-0.013671875,0.20426648131033334,64,-0.001744765702891326,7.8359375
Qwen3-30B-A3B-Base,"IOI (ii) S1, IO -> other names",final,attn_layer,13,0.021484375,0.1309206705383315,64,0.0027417746759720836,7.8359375
Qwen3-30B-A3B-Base,"IOI (ii) S1, IO -> other names",final,attn_layer,14,0.009765625,0.15796430601311914,64,0.0012462612163509472,7.8359375
Qwen3-30B-A3B-Base,"IOI (ii) S1, IO -> other names",final,attn_layer,15,-0.001953125,0.11677755678150292,64,-0.0002492522432701894,7.8359375
Qwen3-30B-A3B-Base,"IOI (ii) S1, IO -> other names",final,attn_layer,16,-0.001953125,0.16136229862843052,64,-0.0002492522432701894,7.8359375
Qwen3-30B-A3B-Base,"IOI (ii) S1, IO -> other names",final,attn_layer,17,-0.001953125,0.14172300612910324,64,-0.0002492522432701894,7.8359375
Qwen3-30B-A3B-Base,"IOI (ii) S1, IO -> other names",final,attn_layer,18,0.015625,0.21878542797010841,64,0.0019940179461615153,7.8359375
Qwen3-30B-A3B-Base,"IOI (ii) S1, IO -> other names",final,attn_layer,19,0.08984375,0.19728910530343172,64,0.011465603190428714,7.8359375
Qwen3-30B-A3B-Base,"IOI (ii) S1, IO -> other names",final,attn_layer,20,0.05078125,0.21675679215296678,64,0.006480558325024925,7.8359375
Qwen3-30B-A3B-Base,"IOI (ii) S1, IO -> other names",final,attn_layer,21,-0.025390625,0.1320993634181338,64,-0.0032402791625124627,7.8359375
Qwen3-30B-A3B-Base,"IOI (ii) S1, IO -> other names",final,attn_layer,22,-0.005859375,0.1501151798197024,64,-0.0007477567298105683,7.8359375
Qwen3-30B-A3B-Base,"IOI (ii) S1, IO -> other names",final,attn_layer,23,0.005859375,0.1643132767812367,64,0.0007477567298105683,7.8359375
Qwen3-30B-A3B-Base,"IOI (ii) S1, IO -> other names",final,attn_layer,24,-0.013671875,0.131981967826477,64,-0.001744765702891326,7.8359375
Qwen3-30B-A3B-Base,"IOI (ii) S1, IO -> other names",final,attn_layer,25,0.052734375,0.2824256183682958,64,0.006729810568295114,7.8359375
Qwen3-30B-A3B-Base,"IOI (ii) S1, IO -> other names",final,attn_layer,26,-0.005859375,0.1517583571284736,64,-0.0007477567298105683,7.8359375
Qwen3-30B-A3B-Base,"IOI (ii) S1, IO -> other names",final,attn_layer,27,-0.013671875,0.1607848858378451,64,-0.001744765702891326,7.8359375
Qwen3-30B-A3B-Base,"IOI (ii) S1, IO -> other names",final,attn_layer,28,0.001953125,0.1451808319246495,64,0.0002492522432701894,7.8359375
Qwen3-30B-A3B-Base,"IOI (ii) S1, IO -> other names",final,attn_layer,29,0.029296875,0.1473007591320324,64,0.0037387836490528413,7.8359375
Qwen3-30B-A3B-Base,"IOI (ii) S1, IO -> other names",final,attn_layer,30,0.01171875,0.11935414406860453,64,0.0014955134596211367,7.8359375
Qwen3-30B-A3B-Base,"IOI (ii) S1, IO -> other names",final,attn_layer,31,0.052734375,0.19645252604657285,64,0.006729810568295114,7.8359375
Qwen3-30B-A3B-Base,"IOI (ii) S1, IO -> other names",final,attn_layer,32,0.03515625,0.14851906176093765,64,0.00448654037886341,7.8359375
Qwen3-30B-A3B-Base,"IOI (ii) S1, IO -> other names",final,attn_layer,33,0.076171875,0.16001176094547867,64,0.009720837487537388,7.8359375
Qwen3-30B-A3B-Base,"IOI (ii) S1, IO -> other names",final,attn_layer,34,0.076171875,0.1436782731680596,64,0.009720837487537388,7.8359375
Qwen3-30B-A3B-Base,"IOI (ii) S1, IO -> other names",final,attn_layer,35,0.341796875,0.35928872325296546,64,0.04361914257228315,7.8359375
Qwen3-30B-A3B-Base,"IOI (ii) S1, IO -> other names",final,attn_layer,36,0.041015625,0.2569033844820526,64,0.005234297108673978,7.8359375
Qwen3-30B-A3B-Base,"IOI (ii) S1, IO -> other names",final,attn_layer,37,0.0625,0.21935149729390807,64,0.007976071784646061,7.8359375
Qwen3-30B-A3B-Base,"IOI (ii) S1, IO -> other names",final,attn_layer,38,0.00390625,0.30126119652511846,64,0.0004985044865403788,7.8359375
Qwen3-30B-A3B-Base,"IOI (ii) S1, IO -> other names",final,attn_layer,39,-0.251953125,0.40181395954510785,64,-0.03215353938185444,7.8359375
Qwen3-30B-A3B-Base,"IOI (ii) S1, IO -> other names",final,attn_layer,40,0.146484375,0.4211394970107414,64,0.01869391824526421,7.8359375
Qwen3-30B-A3B-Base,"IOI (ii) S1, IO -> other names",final,attn_layer,41,-0.14453125,0.5157339651578713,64,-0.018444666001994018,7.8359375
Qwen3-30B-A3B-Base,"IOI (ii) S1, IO -> other names",final,attn_layer,42,1.4921875,0.5764366971949443,64,0.19042871385842472,7.8359375
Qwen3-30B-A3B-Base,"IOI (ii) S1, IO -> other names",final,attn_layer,43,0.720703125,0.6411571057672165,64,0.0919740777666999,7.8359375
Qwen3-30B-A3B-Base,"IOI (ii) S1, IO -> other names",final,attn_layer,44,0.443359375,0.839243827581077,64,0.056580259222333,7.8359375
Qwen3-30B-A3B-Base,"IOI (ii) S1, IO -> other names",final,attn_layer,45,4.880859375,1.1494110136602194,64,0.6228813559322034,7.8359375
Qwen3-30B-A3B-Base,"IOI (ii) S1, IO -> other names",final,attn_layer,46,0.19140625,0.578624167814796,64,0.024426719840478565,7.8359375
Qwen3-30B-A3B-Base,"IOI (ii) S1, IO -> other names",final,attn_layer,47,0.1328125,0.39331908267162785,64,0.01694915254237288,7.8359375
Qwen3-30B-A3B-Base,"IOI (ii) S1, IO -> other names",final,layer,0,0.00390625,0.13170273390878268,64,0.0004985044865403788,7.8359375
Qwen3-30B-A3B-Base,"IOI (ii) S1, IO -> other names",final,layer,1,-0.0078125,0.14752421108802058,64,-0.0009970089730807576,7.8359375
Qwen3-30B-A3B-Base,"IOI (ii) S1, IO -> other names",final,layer,2,0.009765625,0.11849060537235825,64,0.0012462612163509472,7.8359375
Qwen3-30B-A3B-Base,"IOI (ii) S1, IO -> other names",final,layer,3,0.01171875,0.14211893842387846,64,0.0014955134596211367,7.8359375
Qwen3-30B-A3B-Base,"IOI (ii) S1, IO -> other names",final,layer,4,-0.001953125,0.12498449804669426,64,-0.0002492522432701894,7.8359375
Qwen3-30B-A3B-Base,"IOI (ii) S1, IO -> other names",final,layer,5,0.005859375,0.11664474177488739,64,0.0007477567298105683,7.8359375
Qwen3-30B-A3B-Base,"IOI (ii) S1, IO -> other names",final,layer,6,0.01171875,0.16474901244977036,64,0.0014955134596211367,7.8359375
Qwen3-30B-A3B-Base,"IOI (ii) S1, IO -> other names",final,layer,7,0.029296875,0.15388840315306415,64,0.0037387836490528413,7.8359375
Qwen3-30B-A3B-Base,"IOI (ii) S1, IO -> other names",final,layer,8,0.0,0.1390871600660467,64,0.0,7.8359375
Qwen3-30B-A3B-Base,"IOI (ii) S1, IO -> other names",final,layer,9,0.01171875,0.11073068554931927,64,0.0014955134596211367,7.8359375
Qwen3-30B-A3B-Base,"IOI (ii) S1, IO -> other names",final,layer,10,-0.009765625,0.12658653382423787,64,-0.0012462612163509472,7.8359375
Qwen3-30B-A3B-Base,"IOI (ii) S1, IO -> other names",final,layer,11,0.013671875,0.21375932577354076,64,0.001744765702891326,7.8359375
Qwen3-30B-A3B-Base,"IOI (ii) S1, IO -> other names",final,layer,12,0.0234375,0.15728821740147397,64,0.0029910269192422734,7.8359375
Qwen3-30B-A3B-Base,"IOI (ii) S1, IO -> other names",final,layer,13,-0.005859375,0.18152474729074342,64,-0.0007477567298105683,7.8359375
Qwen3-30B-A3B-Base,"IOI (ii) S1, IO -> other names",final,layer,14,-0.0234375,0.1927183877685961,64,-0.0029910269192422734,7.8359375
Qwen3-30B-A3B-Base,"IOI (ii) S1, IO -> other names",final,layer,15,-0.0234375,0.1965412735845126,64,-0.0029910269192422734,7.8359375
Qwen3-30B-A3B-Base,"IOI (ii) S1, IO -> other names",final,layer,16,0.005859375,0.15972087430418125,64,0.0007477567298105683,7.8359375
Qwen3-30B-A3B-Base,"IOI (ii) S1, IO -> other names",final,layer,17,0.001953125,0.1550924383537889,64,0.0002492522432701894,7.8359375
Qwen3-30B-A3B-Base,"IOI (ii) S1, IO -> other names",final,layer,18,0.005859375,0.1687807695345727,64,0.0007477567298105683,7.8359375
Qwen3-30B-A3B-Base,"IOI (ii) S1, IO -> other names",final,layer,19,0.00390625,0.23984199287785085,64,0.0004985044865403788,7.8359375
Qwen3-30B-A3B-Base,"IOI (ii) S1, IO -> other names",final,layer,20,-0.005859375,0.19597852710263305,64,-0.0007477567298105683,7.8359375
Qwen3-30B-A3B-Base,"IOI (ii) S1, IO -> other names",final,layer,21,0.044921875,0.18415291305571238,64,0.005732801595214357,7.8359375
Qwen3-30B-A3B-Base,"IOI (ii) S1, IO -> other names",final,layer,22,-0.037109375,0.19246686931451387,64,-0.004735792622133599,7.8359375
Qwen3-30B-A3B-Base,"IOI (ii) S1, IO -> other names",final,layer,23,-0.064453125,0.20653051810982867,64,-0.008225324027916252,7.8359375
Qwen3-30B-A3B-Base,"IOI (ii) S1, IO -> other names",final,layer,24,-0.078125,0.24650332429581737,64,-0.009970089730807577,7.8359375
Qwen3-30B-A3B-Base,"IOI (ii) S1, IO -> other names",final,layer,25,-0.025390625,0.2608552853800633,64,-0.0032402791625124627,7.8359375
Qwen3-30B-A3B-Base,"IOI (ii) S1, IO -> other names",final,layer,26,-0.029296875,0.25172242710481657,64,-0.0037387836490528413,7.8359375
Qwen3-30B-A3B-Base,"IOI (ii) S1, IO -> other names",final,layer,27,-0.0234375,0.27537402414643825,64,-0.0029910269192422734,7.8359375
Qwen3-30B-A3B-Base,"IOI (ii) S1, IO -> other names",final,layer,28,-0.017578125,0.21920127770797668,64,-0.002243270189431705,7.8359375
Qwen3-30B-A3B-Base,"IOI (ii) S1, IO -> other names",final,layer,29,0.0078125,0.17938801387999564,64,0.0009970089730807576,7.8359375
Qwen3-30B-A3B-Base,"IOI (ii) S1, IO -> other names",final,layer,30,-0.02734375,0.17030078141568716,64,-0.003489531405782652,7.8359375
Qwen3-30B-A3B-Base,"IOI (ii) S1, IO -> other names",final,layer,31,0.009765625,0.20082257368431092,64,0.0012462612163509472,7.8359375
Qwen3-30B-A3B-Base,"IOI (ii) S1, IO -> other names",final,layer,32,-0.021484375,0.2475622090930515,64,-0.0027417746759720836,7.8359375
Qwen3-30B-A3B-Base,"IOI (ii) S1, IO -> other names",final,layer,33,0.07421875,0.24266905210431414,64,0.009471585244267198,7.8359375
Qwen3-30B-A3B-Base,"IOI (ii) S1, IO -> other names",final,layer,34,-0.0390625,0.15084911782707364,64,-0.004985044865403789,7.8359375
Qwen3-30B-A3B-Base,"IOI (ii) S1, IO -> other names",final,layer,35,-0.041015625,0.19676789099491637,64,-0.005234297108673978,7.8359375
Qwen3-30B-A3B-Base,"IOI (ii) S1, IO -> other names",final,layer,36,0.021484375,0.2554511721235307,64,0.0027417746759720836,7.8359375
Qwen3-30B-A3B-Base,"IOI (ii) S1, IO -> other names",final,layer,37,0.228515625,0.31303896974239637,64,0.029162512462612162,7.8359375
Qwen3-30B-A3B-Base,"IOI (ii) S1, IO -> other names",final,layer,38,0.142578125,0.21462775487965796,64,0.018195413758723827,7.8359375
Qwen3-30B-A3B-Base,"IOI (ii) S1, IO -> other names",final,layer,39,0.072265625,0.25762642094291716,64,0.009222333000997009,7.8359375
Qwen3-30B-A3B-Base,"IOI (ii) S1, IO -> other names",final,layer,40,0.1015625,0.21921011700381304,64,0.01296111665004985,7.8359375
Qwen3-30B-A3B-Base,"IOI (ii) S1, IO -> other names",final,layer,41,0.197265625,0.39010878589356224,64,0.025174476570289133,7.8359375
Qwen3-30B-A3B-Base,"IOI (ii) S1, IO -> other names",final,layer,42,0.103515625,0.24655834121967968,64,0.01321036889332004,7.8359375
Qwen3-30B-A3B-Base,"IOI (ii) S1, IO -> other names",final,layer,43,0.083984375,0.20174669739729148,64,0.010717846460618146,7.8359375
Qwen3-30B-A3B-Base,"IOI (ii) S1, IO -> other names",final,layer,44,0.09765625,0.45177600921253,64,0.012462612163509471,7.8359375
Qwen3-30B-A3B-Base,"IOI (ii) S1, IO -> other names",final,layer,45,-1.291015625,0.7186071070864515,64,-0.16475573280159522,7.8359375
Qwen3-30B-A3B-Base,"IOI (ii) S1, IO -> other names",final,layer,46,-0.45703125,0.5070038968182483,64,-0.058325024925224324,7.8359375
Qwen3-30B-A3B-Base,"IOI (ii) S1, IO -> other names",final,layer,47,-0.708984375,0.7637803742368905,64,-0.09047856430707876,7.8359375
"Mixtral-8x7B, BOS",IOI (i) S2 -> IO,S2,attn_layer,0,0.01171875,0.06762242718751049,64,0.0010377032168799724,11.29296875
"Mixtral-8x7B, BOS",IOI (i) S2 -> IO,S2,attn_layer,1,-0.00390625,0.08616829578454421,64,-0.0003459010722933241,11.29296875
"Mixtral-8x7B, BOS",IOI (i) S2 -> IO,S2,attn_layer,2,-0.0185546875,0.09093299980683056,64,-0.0016430300933932896,11.29296875
"Mixtral-8x7B, BOS",IOI (i) S2 -> IO,S2,attn_layer,3,-0.009765625,0.08423526053300655,64,-0.0008647526807333103,11.29296875
"Mixtral-8x7B, BOS",IOI (i) S2 -> IO,S2,attn_layer,4,-0.0048828125,0.08647693252325125,64,-0.00043237634036665516,11.29296875
"Mixtral-8x7B, BOS",IOI (i) S2 -> IO,S2,attn_layer,5,0.005859375,0.10894900032868152,64,0.0005188516084399862,11.29296875
"Mixtral-8x7B, BOS",IOI (i) S2 -> IO,S2,attn_layer,6,-0.0263671875,0.10375196468545195,64,-0.0023348322379799376,11.29296875
"Mixtral-8x7B, BOS",IOI (i) S2 -> IO,S2,attn_layer,7,0.6240234375,1.1439374026527833,64,0.05525769629885852,11.29296875
"Mixtral-8x7B, BOS",IOI (i) S2 -> IO,S2,attn_layer,8,0.009765625,0.08993132162448735,64,0.0008647526807333103,11.29296875
"Mixtral-8x7B, BOS",IOI (i) S2 -> IO,S2,attn_layer,9,-0.1064453125,0.17022965620212724,64,-0.009425804219993082,11.29296875
"Mixtral-8x7B, BOS",IOI (i) S2 -> IO,S2,attn_layer,10,0.021484375,0.09973846628430791,64,0.0019024558976132827,11.29296875
"Mixtral-8x7B, BOS",IOI (i) S2 -> IO,S2,attn_layer,11,-0.0185546875,0.11873156054622573,64,-0.0016430300933932896,11.29296875
"Mixtral-8x7B, BOS",IOI (i) S2 -> IO,S2,attn_layer,12,0.0361328125,0.12188819500203116,64,0.003199584918713248,11.29296875
"Mixtral-8x7B, BOS",IOI (i) S2 -> IO,S2,attn_layer,13,-0.01171875,0.07206130960001936,64,-0.0010377032168799724,11.29296875
"Mixtral-8x7B, BOS",IOI (i) S2 -> IO,S2,attn_layer,14,0.0576171875,0.08929888915693575,64,0.00510204081632653,11.29296875
"Mixtral-8x7B, BOS",IOI (i) S2 -> IO,S2,attn_layer,15,0.2509765625,0.23051340954843996,64,0.022224143894846074,11.29296875
"Mixtral-8x7B, BOS",IOI (i) S2 -> IO,S2,attn_layer,16,-0.0498046875,0.07966609967857115,64,-0.004410238671739883,11.29296875
"Mixtral-8x7B, BOS",IOI (i) S2 -> IO,S2,attn_layer,17,0.3212890625,0.15624689977083075,64,0.028450363196125907,11.29296875
"Mixtral-8x7B, BOS",IOI (i) S2 -> IO,S2,attn_layer,18,0.0068359375,0.06408427330337317,64,0.0006053268765133172,11.29296875
"Mixtral-8x7B, BOS",IOI (i) S2 -> IO,S2,attn_layer,19,0.0146484375,0.05071682039063288,64,0.0012971290210999655,11.29296875
"Mixtral-8x7B, BOS",IOI (i) S2 -> IO,S2,attn_layer,20,0.0234375,0.06348431252292126,64,0.0020754064337599448,11.29296875
"Mixtral-8x7B, BOS",IOI (i) S2 -> IO,S2,attn_layer,21,-0.001953125,0.056747961207346265,64,-0.00017295053614666206,11.29296875
"Mixtral-8x7B, BOS",IOI (i) S2 -> IO,S2,attn_layer,22,0.0078125,0.050419864125289926,64,0.0006918021445866483,11.29296875
"Mixtral-8x7B, BOS",IOI (i) S2 -> IO,S2,attn_layer,23,-0.0029296875,0.052739541744244015,64,-0.0002594258042199931,11.29296875
"Mixtral-8x7B, BOS",IOI (i) S2 -> IO,S2,attn_layer,24,0.0048828125,0.04764374592008503,64,0.00043237634036665516,11.29296875
"Mixtral-8x7B, BOS",IOI (i) S2 -> IO,S2,attn_layer,25,0.0126953125,0.05697796964878285,64,0.0011241784849533034,11.29296875
"Mixtral-8x7B, BOS",IOI (i) S2 -> IO,S2,attn_layer,26,0.01171875,0.04708122624867968,64,0.0010377032168799724,11.29296875
"Mixtral-8x7B, BOS",IOI (i) S2 -> IO,S2,attn_layer,27,0.0,0.043129097458897134,64,0.0,11.29296875
"Mixtral-8x7B, BOS",IOI (i) S2 -> IO,S2,attn_layer,28,0.0029296875,0.04374247029875315,64,0.0002594258042199931,11.29296875
"Mixtral-8x7B, BOS",IOI (i) S2 -> IO,S2,attn_layer,29,0.001953125,0.04308414789227211,64,0.00017295053614666206,11.29296875
"Mixtral-8x7B, BOS",IOI (i) S2 -> IO,S2,attn_layer,30,0.0107421875,0.03945732999554056,64,0.0009512279488066413,11.29296875
"Mixtral-8x7B, BOS",IOI (i) S2 -> IO,S2,attn_layer,31,-0.00390625,0.018881811816145122,64,-0.0003459010722933241,11.29296875
"Mixtral-8x7B, BOS",IOI (i) S2 -> IO,S2,layer,0,11.17578125,2.6481377057343045,64,0.9896229678312003,11.29296875
"Mixtral-8x7B, BOS",IOI (i) S2 -> IO,S2,layer,1,0.0126953125,0.1260765582854606,64,0.0011241784849533034,11.29296875
"Mixtral-8x7B, BOS",IOI (i) S2 -> IO,S2,layer,2,0.318359375,1.009424755518494,64,0.028190937391905913,11.29296875
"Mixtral-8x7B, BOS",IOI (i) S2 -> IO,S2,layer,3,-0.0224609375,0.1622812888285925,64,-0.0019889311656866135,11.29296875
"Mixtral-8x7B, BOS",IOI (i) S2 -> IO,S2,layer,4,0.177734375,0.7034335742646762,64,0.015738498789346248,11.29296875
"Mixtral-8x7B, BOS",IOI (i) S2 -> IO,S2,layer,5,-0.0009765625,0.27939582534415597,64,-8.647526807333103e-05,11.29296875
"Mixtral-8x7B, BOS",IOI (i) S2 -> IO,S2,layer,6,0.0048828125,0.19297710905839507,64,0.00043237634036665516,11.29296875
"Mixtral-8x7B, BOS",IOI (i) S2 -> IO,S2,layer,7,-0.095703125,0.15825842134492338,64,-0.00847457627118644,11.29296875
"Mixtral-8x7B, BOS",IOI (i) S2 -> IO,S2,layer,8,-0.0400390625,0.12115473854589022,64,-0.003545485991006572,11.29296875
"Mixtral-8x7B, BOS",IOI (i) S2 -> IO,S2,layer,9,-0.1572265625,0.13908367727103754,64,-0.013922518159806295,11.29296875
"Mixtral-8x7B, BOS",IOI (i) S2 -> IO,S2,layer,10,-0.1484375,0.10593733172951003,64,-0.013144240747146317,11.29296875
"Mixtral-8x7B, BOS",IOI (i) S2 -> IO,S2,layer,11,-0.0673828125,0.13048705288166357,64,-0.005966793497059841,11.29296875
"Mixtral-8x7B, BOS",IOI (i) S2 -> IO,S2,layer,12,-0.1064453125,0.10486651065542159,64,-0.009425804219993082,11.29296875
"Mixtral-8x7B, BOS",IOI (i) S2 -> IO,S2,layer,13,-0.0625,0.11941906337939807,64,-0.005534417156693186,11.29296875
"Mixtral-8x7B, BOS",IOI (i) S2 -> IO,S2,layer,14,-0.0322265625,0.09046300347390551,64,-0.002853683846419924,11.29296875
"Mixtral-8x7B, BOS",IOI (i) S2 -> IO,S2,layer,15,0.0908203125,0.1354417044161025,64,0.008042199930819786,11.29296875
"Mixtral-8x7B, BOS",IOI (i) S2 -> IO,S2,layer,16,0.05859375,0.13541666666666669,64,0.005188516084399862,11.29296875
"Mixtral-8x7B, BOS",IOI (i) S2 -> IO,S2,layer,17,0.1728515625,0.2198434089118077,64,0.015306122448979591,11.29296875
"Mixtral-8x7B, BOS",IOI (i) S2 -> IO,S2,layer,18,0.421875,0.20167945650115968,64,0.037357315807679,11.29296875
"Mixtral-8x7B, BOS",IOI (i) S2 -> IO,S2,layer,19,0.3857421875,0.22425877895412705,64,0.03415773088896575,11.29296875
"Mixtral-8x7B, BOS",IOI (i) S2 -> IO,S2,layer,20,0.2099609375,0.19962986195265006,64,0.01859218263576617,11.29296875
"Mixtral-8x7B, BOS",IOI (i) S2 -> IO,S2,layer,21,0.0185546875,0.07189305975663182,64,0.0016430300933932896,11.29296875
"Mixtral-8x7B, BOS",IOI (i) S2 -> IO,S2,layer,22,0.0185546875,0.07275039503451904,64,0.0016430300933932896,11.29296875
"Mixtral-8x7B, BOS",IOI (i) S2 -> IO,S2,layer,23,0.0078125,0.0551198189805123,64,0.0006918021445866483,11.29296875
"Mixtral-8x7B, BOS",IOI (i) S2 -> IO,S2,layer,24,0.0283203125,0.0746434044964552,64,0.0025077827741265997,11.29296875
"Mixtral-8x7B, BOS",IOI (i) S2 -> IO,S2,layer,25,0.060546875,0.08405103885697375,64,0.0053614666205465235,11.29296875
"Mixtral-8x7B, BOS",IOI (i) S2 -> IO,S2,layer,26,0.029296875,0.08027787646915448,64,0.002594258042199931,11.29296875
"Mixtral-8x7B, BOS",IOI (i) S2 -> IO,S2,layer,27,0.0703125,0.1132908708968707,64,0.006226219301279834,11.29296875
"Mixtral-8x7B, BOS",IOI (i) S2 -> IO,S2,layer,28,0.078125,0.08978037576784736,64,0.0069180214458664825,11.29296875
"Mixtral-8x7B, BOS",IOI (i) S2 -> IO,S2,layer,29,0.046875,0.0686462059206595,64,0.0041508128675198895,11.29296875
"Mixtral-8x7B, BOS",IOI (i) S2 -> IO,S2,layer,30,0.0458984375,0.06795827265989524,64,0.004064337599446559,11.29296875
"Mixtral-8x7B, BOS",IOI (i) S2 -> IO,S2,layer,31,0.0,0.0,64,0.0,11.29296875
"Mixtral-8x7B, BOS",IOI (i) S2 -> IO,after_S2,attn_layer,0,0.017578125,0.15806240526555745,64,0.0015565548253199586,11.29296875
"Mixtral-8x7B, BOS",IOI (i) S2 -> IO,after_S2,attn_layer,1,0.009765625,0.1890539934791033,64,0.0008647526807333103,11.29296875
"Mixtral-8x7B, BOS",IOI (i) S2 -> IO,after_S2,attn_layer,2,0.017578125,0.19302981550169662,64,0.0015565548253199586,11.29296875
"Mixtral-8x7B, BOS",IOI (i) S2 -> IO,after_S2,attn_layer,3,-0.02734375,0.19316026479797913,64,-0.002421307506053269,11.29296875
"Mixtral-8x7B, BOS",IOI (i) S2 -> IO,after_S2,attn_layer,4,0.0029296875,0.16306741879638822,64,0.0002594258042199931,11.29296875
"Mixtral-8x7B, BOS",IOI (i) S2 -> IO,after_S2,attn_layer,5,0.0,0.15905225257008795,64,0.0,11.29296875
"Mixtral-8x7B, BOS",IOI (i) S2 -> IO,after_S2,attn_layer,6,0.0126953125,0.14441473612282305,64,0.0011241784849533034,11.29296875
"Mixtral-8x7B, BOS",IOI (i) S2 -> IO,after_S2,attn_layer,7,0.0107421875,0.16235291248377492,64,0.0009512279488066413,11.29296875
"Mixtral-8x7B, BOS",IOI (i) S2 -> IO,after_S2,attn_layer,8,0.0341796875,0.15627169988205725,64,0.003026634382566586,11.29296875
"Mixtral-8x7B, BOS",IOI (i) S2 -> IO,after_S2,attn_layer,9,0.0244140625,0.13711941715530993,64,0.0021618817018332756,11.29296875
"Mixtral-8x7B, BOS",IOI (i) S2 -> IO,after_S2,attn_layer,10,-0.01171875,0.13403600188601308,64,-0.0010377032168799724,11.29296875
"Mixtral-8x7B, BOS",IOI (i) S2 -> IO,after_S2,attn_layer,11,-0.0087890625,0.14809772097448798,64,-0.0007782774126599793,11.29296875
"Mixtral-8x7B, BOS",IOI (i) S2 -> IO,after_S2,attn_layer,12,0.0048828125,0.1515890890602718,64,0.00043237634036665516,11.29296875
"Mixtral-8x7B, BOS",IOI (i) S2 -> IO,after_S2,attn_layer,13,0.0869140625,0.16800695740240962,64,0.007696298858526462,11.29296875
"Mixtral-8x7B, BOS",IOI (i) S2 -> IO,after_S2,attn_layer,14,0.0078125,0.16079693641952494,64,0.0006918021445866483,11.29296875
"Mixtral-8x7B, BOS",IOI (i) S2 -> IO,after_S2,attn_layer,15,0.0439453125,0.15656899481189987,64,0.003891387063299896,11.29296875
"Mixtral-8x7B, BOS",IOI (i) S2 -> IO,after_S2,attn_layer,16,0.72265625,0.4321347606810738,64,0.06399169837426497,11.29296875
"Mixtral-8x7B, BOS",IOI (i) S2 -> IO,after_S2,attn_layer,17,-0.021484375,0.14528756293110678,64,-0.0019024558976132827,11.29296875
"Mixtral-8x7B, BOS",IOI (i) S2 -> IO,after_S2,attn_layer,18,0.02734375,0.13813660351318452,64,0.002421307506053269,11.29296875
"Mixtral-8x7B, BOS",IOI (i) S2 -> IO,after_S2,attn_layer,19,0.9833984375,0.5325750500781782,64,0.08708059494984434,11.29296875
"Mixtral-8x7B, BOS",IOI (i) S2 -> IO,after_S2,attn_layer,20,0.033203125,0.13637197376358018,64,0.002940159114493255,11.29296875
"Mixtral-8x7B, BOS",IOI (i) S2 -> IO,after_S2,attn_layer,21,0.08984375,0.13028271684887374,64,0.007955724662746454,11.29296875
"Mixtral-8x7B, BOS",IOI (i) S2 -> IO,after_S2,attn_layer,22,0.00390625,0.12739520670133622,64,0.0003459010722933241,11.29296875
"Mixtral-8x7B, BOS",IOI (i) S2 -> IO,after_S2,attn_layer,23,0.01953125,0.12293684257335051,64,0.0017295053614666206,11.29296875
"Mixtral-8x7B, BOS",IOI (i) S2 -> IO,after_S2,attn_layer,24,0.015625,0.13316581738807792,64,0.0013836042891732965,11.29296875
"Mixtral-8x7B, BOS",IOI (i) S2 -> IO,after_S2,attn_layer,25,0.001953125,0.12448741629368085,64,0.00017295053614666206,11.29296875
"Mixtral-8x7B, BOS",IOI (i) S2 -> IO,after_S2,attn_layer,26,0.02734375,0.1177853466982434,64,0.002421307506053269,11.29296875
"Mixtral-8x7B, BOS",IOI (i) S2 -> IO,after_S2,attn_layer,27,0.0029296875,0.11215206751335369,64,0.0002594258042199931,11.29296875
"Mixtral-8x7B, BOS",IOI (i) S2 -> IO,after_S2,attn_layer,28,-0.0029296875,0.1257071700291045,64,-0.0002594258042199931,11.29296875
"Mixtral-8x7B, BOS",IOI (i) S2 -> IO,after_S2,attn_layer,29,0.00390625,0.10076283938827503,64,0.0003459010722933241,11.29296875
"Mixtral-8x7B, BOS",IOI (i) S2 -> IO,after_S2,attn_layer,30,0.0126953125,0.0919501079859668,64,0.0011241784849533034,11.29296875
"Mixtral-8x7B, BOS",IOI (i) S2 -> IO,after_S2,attn_layer,31,-0.005859375,0.05068815872098541,64,-0.0005188516084399862,11.29296875
"Mixtral-8x7B, BOS",IOI (i) S2 -> IO,after_S2,layer,0,-0.009765625,0.19198303018487925,64,-0.0008647526807333103,11.29296875
"Mixtral-8x7B, BOS",IOI (i) S2 -> IO,after_S2,layer,1,0.005859375,0.1620333462826084,64,0.0005188516084399862,11.29296875
"Mixtral-8x7B, BOS",IOI (i) S2 -> IO,after_S2,layer,2,0.001953125,0.16739748624987705,64,0.00017295053614666206,11.29296875
"Mixtral-8x7B, BOS",IOI (i) S2 -> IO,after_S2,layer,3,0.005859375,0.14292107014596087,64,0.0005188516084399862,11.29296875
"Mixtral-8x7B, BOS",IOI (i) S2 -> IO,after_S2,layer,4,-0.0068359375,0.20866556470665024,64,-0.0006053268765133172,11.29296875
"Mixtral-8x7B, BOS",IOI (i) S2 -> IO,after_S2,layer,5,0.00390625,0.16810207771394747,64,0.0003459010722933241,11.29296875
"Mixtral-8x7B, BOS",IOI (i) S2 -> IO,after_S2,layer,6,0.0078125,0.1744819429416649,64,0.0006918021445866483,11.29296875
"Mixtral-8x7B, BOS",IOI (i) S2 -> IO,after_S2,layer,7,0.017578125,0.16497232136172474,64,0.0015565548253199586,11.29296875
"Mixtral-8x7B, BOS",IOI (i) S2 -> IO,after_S2,layer,8,0.005859375,0.1646901966210959,64,0.0005188516084399862,11.29296875
"Mixtral-8x7B, BOS",IOI (i) S2 -> IO,after_S2,layer,9,0.013671875,0.13795413370375087,64,0.0012106537530266344,11.29296875
"Mixtral-8x7B, BOS",IOI (i) S2 -> IO,after_S2,layer,10,0.0078125,0.1561011195469447,64,0.0006918021445866483,11.29296875
"Mixtral-8x7B, BOS",IOI (i) S2 -> IO,after_S2,layer,11,0.0029296875,0.1626867392764657,64,0.0002594258042199931,11.29296875
"Mixtral-8x7B, BOS",IOI (i) S2 -> IO,after_S2,layer,12,-0.0166015625,0.15639564144881565,64,-0.0014700795572466275,11.29296875
"Mixtral-8x7B, BOS",IOI (i) S2 -> IO,after_S2,layer,13,0.001953125,0.14346233726069565,64,0.00017295053614666206,11.29296875
"Mixtral-8x7B, BOS",IOI (i) S2 -> IO,after_S2,layer,14,-0.00390625,0.14471295822343544,64,-0.0003459010722933241,11.29296875
"Mixtral-8x7B, BOS",IOI (i) S2 -> IO,after_S2,layer,15,0.0234375,0.14961093723281912,64,0.0020754064337599448,11.29296875
"Mixtral-8x7B, BOS",IOI (i) S2 -> IO,after_S2,layer,16,0.0166015625,0.14271417154376997,64,0.0014700795572466275,11.29296875
"Mixtral-8x7B, BOS",IOI (i) S2 -> IO,after_S2,layer,17,0.21484375,0.20620189434182876,64,0.019024558976132824,11.29296875
"Mixtral-8x7B, BOS",IOI (i) S2 -> IO,after_S2,layer,18,0.0654296875,0.14707367409770927,64,0.0057938429609131785,11.29296875
"Mixtral-8x7B, BOS",IOI (i) S2 -> IO,after_S2,layer,19,0.0703125,0.1454075416703108,64,0.006226219301279834,11.29296875
"Mixtral-8x7B, BOS",IOI (i) S2 -> IO,after_S2,layer,20,0.01171875,0.1349580144882221,64,0.0010377032168799724,11.29296875
"Mixtral-8x7B, BOS",IOI (i) S2 -> IO,after_S2,layer,21,0.0224609375,0.11430821272996898,64,0.0019889311656866135,11.29296875
"Mixtral-8x7B, BOS",IOI (i) S2 -> IO,after_S2,layer,22,0.013671875,0.13245092588523927,64,0.0012106537530266344,11.29296875
"Mixtral-8x7B, BOS",IOI (i) S2 -> IO,after_S2,layer,23,0.0068359375,0.12653677722142023,64,0.0006053268765133172,11.29296875
"Mixtral-8x7B, BOS",IOI (i) S2 -> IO,after_S2,layer,24,0.0078125,0.12173310319177118,64,0.0006918021445866483,11.29296875
"Mixtral-8x7B, BOS",IOI (i) S2 -> IO,after_S2,layer,25,0.0224609375,0.11321815942905963,64,0.0019889311656866135,11.29296875
"Mixtral-8x7B, BOS",IOI (i) S2 -> IO,after_S2,layer,26,0.005859375,0.11231176381691571,64,0.0005188516084399862,11.29296875
"Mixtral-8x7B, BOS",IOI (i) S2 -> IO,after_S2,layer,27,0.0263671875,0.1078541873626,64,0.0023348322379799376,11.29296875
"Mixtral-8x7B, BOS",IOI (i) S2 -> IO,after_S2,layer,28,0.017578125,0.10937499999999999,64,0.0015565548253199586,11.29296875
"Mixtral-8x7B, BOS",IOI (i) S2 -> IO,after_S2,layer,29,-0.0068359375,0.10629795107282992,64,-0.0006053268765133172,11.29296875
"Mixtral-8x7B, BOS",IOI (i) S2 -> IO,after_S2,layer,30,-0.001953125,0.08623572892056004,64,-0.00017295053614666206,11.29296875
"Mixtral-8x7B, BOS",IOI (i) S2 -> IO,after_S2,layer,31,0.0,0.0,64,0.0,11.29296875
"Mixtral-8x7B, BOS",IOI (i) S2 -> IO,final,attn_layer,0,0.0166015625,0.07407011798608276,64,0.0014700795572466275,11.29296875
"Mixtral-8x7B, BOS",IOI (i) S2 -> IO,final,attn_layer,1,0.005859375,0.06929236820651079,64,0.0005188516084399862,11.29296875
"Mixtral-8x7B, BOS",IOI (i) S2 -> IO,final,attn_layer,2,-0.0029296875,0.08938563976795258,64,-0.0002594258042199931,11.29296875
"Mixtral-8x7B, BOS",IOI (i) S2 -> IO,final,attn_layer,3,0.0048828125,0.08929888915693575,64,0.00043237634036665516,11.29296875
"Mixtral-8x7B, BOS",IOI (i) S2 -> IO,final,attn_layer,4,0.0185546875,0.07689382068943028,64,0.0016430300933932896,11.29296875
"Mixtral-8x7B, BOS",IOI (i) S2 -> IO,final,attn_layer,5,0.0087890625,0.0729100230816985,64,0.0007782774126599793,11.29296875
"Mixtral-8x7B, BOS",IOI (i) S2 -> IO,final,attn_layer,6,0.0029296875,0.07908022183589954,64,0.0002594258042199931,11.29296875
"Mixtral-8x7B, BOS",IOI (i) S2 -> IO,final,attn_layer,7,0.0068359375,0.09967530838023249,64,0.0006053268765133172,11.29296875
"Mixtral-8x7B, BOS",IOI (i) S2 -> IO,final,attn_layer,8,-0.00390625,0.10137631744197084,64,-0.0003459010722933241,11.29296875
"Mixtral-8x7B, BOS",IOI (i) S2 -> IO,final,attn_layer,9,0.0,0.06864620592065951,64,0.0,11.29296875
"Mixtral-8x7B, BOS",IOI (i) S2 -> IO,final,attn_layer,10,0.0,0.08183170883849714,64,0.0,11.29296875
"Mixtral-8x7B, BOS",IOI (i) S2 -> IO,final,attn_layer,11,-0.0107421875,0.06914540649662371,64,-0.0009512279488066413,11.29296875
"Mixtral-8x7B, BOS",IOI (i) S2 -> IO,final,attn_layer,12,0.0078125,0.06149993547551138,64,0.0006918021445866483,11.29296875
"Mixtral-8x7B, BOS",IOI (i) S2 -> IO,final,attn_layer,13,0.0927734375,0.12842151978368577,64,0.008215150466966447,11.29296875
"Mixtral-8x7B, BOS",IOI (i) S2 -> IO,final,attn_layer,14,0.1025390625,0.10349017684722085,64,0.009079903147699757,11.29296875
"Mixtral-8x7B, BOS",IOI (i) S2 -> IO,final,attn_layer,15,0.0869140625,0.10774634213536714,64,0.007696298858526462,11.29296875
"Mixtral-8x7B, BOS",IOI (i) S2 -> IO,final,attn_layer,16,1.654296875,0.7624600521346614,64,0.14648910411622276,11.29296875
"Mixtral-8x7B, BOS",IOI (i) S2 -> IO,final,attn_layer,17,-0.208984375,0.15598936595699933,64,-0.01850570736769284,11.29296875
"Mixtral-8x7B, BOS",IOI (i) S2 -> IO,final,attn_layer,18,0.072265625,0.15991485752345222,64,0.006399169837426496,11.29296875
"Mixtral-8x7B, BOS",IOI (i) S2 -> IO,final,attn_layer,19,2.3056640625,0.9464924011915747,64,0.20416810792113455,11.29296875
"Mixtral-8x7B, BOS",IOI (i) S2 -> IO,final,attn_layer,20,0.95703125,0.5604432194099056,64,0.0847457627118644,11.29296875
"Mixtral-8x7B, BOS",IOI (i) S2 -> IO,final,attn_layer,21,1.7353515625,0.46912910430440824,64,0.15366655136630925,11.29296875
"Mixtral-8x7B, BOS",IOI (i) S2 -> IO,final,attn_layer,22,-0.05859375,0.34320844787166327,64,-0.005188516084399862,11.29296875
"Mixtral-8x7B, BOS",IOI (i) S2 -> IO,final,attn_layer,23,0.4814453125,0.4209128413076496,64,0.0426323071601522,11.29296875
"Mixtral-8x7B, BOS",IOI (i) S2 -> IO,final,attn_layer,24,0.2607421875,0.24053374828697152,64,0.023088896575579384,11.29296875
"Mixtral-8x7B, BOS",IOI (i) S2 -> IO,final,attn_layer,25,0.080078125,0.2542956225358058,64,0.007090971982013144,11.29296875
"Mixtral-8x7B, BOS",IOI (i) S2 -> IO,final,attn_layer,26,0.6826171875,0.5472814178599722,64,0.06044621238325839,11.29296875
"Mixtral-8x7B, BOS",IOI (i) S2 -> IO,final,attn_layer,27,0.0771484375,0.09755326911477728,64,0.006831546177793151,11.29296875
"Mixtral-8x7B, BOS",IOI (i) S2 -> IO,final,attn_layer,28,-0.0234375,0.9566820659951901,64,-0.0020754064337599448,11.29296875
"Mixtral-8x7B, BOS",IOI (i) S2 -> IO,final,attn_layer,29,-0.3056640625,0.524465571181429,64,-0.02706675890695261,11.29296875
"Mixtral-8x7B, BOS",IOI (i) S2 -> IO,final,attn_layer,30,1.3701171875,0.868977622879312,64,0.12132480110688343,11.29296875
"Mixtral-8x7B, BOS",IOI (i) S2 -> IO,final,attn_layer,31,1.9833984375,0.7186091293541786,64,0.17563126945693533,11.29296875
"Mixtral-8x7B, BOS",IOI (i) S2 -> IO,final,layer,0,0.01171875,0.05772965696806793,64,0.0010377032168799724,11.29296875
"Mixtral-8x7B, BOS",IOI (i) S2 -> IO,final,layer,1,0.0146484375,0.0693133373001082,64,0.0012971290210999655,11.29296875
"Mixtral-8x7B, BOS",IOI (i) S2 -> IO,final,layer,2,0.0029296875,0.06812912968042306,64,0.0002594258042199931,11.29296875
"Mixtral-8x7B, BOS",IOI (i) S2 -> IO,final,layer,3,-0.001953125,0.09512467669886449,64,-0.00017295053614666206,11.29296875
"Mixtral-8x7B, BOS",IOI (i) S2 -> IO,final,layer,4,0.015625,0.07130445565899368,64,0.0013836042891732965,11.29296875
"Mixtral-8x7B, BOS",IOI (i) S2 -> IO,final,layer,5,0.021484375,0.08349593511396562,64,0.0019024558976132827,11.29296875
"Mixtral-8x7B, BOS",IOI (i) S2 -> IO,final,layer,6,0.009765625,0.09911485115883541,64,0.0008647526807333103,11.29296875
"Mixtral-8x7B, BOS",IOI (i) S2 -> IO,final,layer,7,0.015625,0.10796641159057771,64,0.0013836042891732965,11.29296875
"Mixtral-8x7B, BOS",IOI (i) S2 -> IO,final,layer,8,0.0205078125,0.09518067581766344,64,0.0018159806295399517,11.29296875
"Mixtral-8x7B, BOS",IOI (i) S2 -> IO,final,layer,9,0.005859375,0.08677330750202662,64,0.0005188516084399862,11.29296875
"Mixtral-8x7B, BOS",IOI (i) S2 -> IO,final,layer,10,0.015625,0.07042952122737636,64,0.0013836042891732965,11.29296875
"Mixtral-8x7B, BOS",IOI (i) S2 -> IO,final,layer,11,0.0009765625,0.06634239168154686,64,8.647526807333103e-05,11.29296875
"Mixtral-8x7B, BOS",IOI (i) S2 -> IO,final,layer,12,-0.005859375,0.0831238065315923,64,-0.0005188516084399862,11.29296875
"Mixtral-8x7B, BOS",IOI (i) S2 -> IO,final,layer,13,0.0166015625,0.08714652775129449,64,0.0014700795572466275,11.29296875
"Mixtral-8x7B, BOS",IOI (i) S2 -> IO,final,layer,14,0.0087890625,0.09308107085486339,64,0.0007782774126599793,11.29296875
"Mixtral-8x7B, BOS",IOI (i) S2 -> IO,final,layer,15,0.080078125,0.12423812960288087,64,0.007090971982013144,11.29296875
"Mixtral-8x7B, BOS",IOI (i) S2 -> IO,final,layer,16,0.1259765625,0.1423879517622318,64,0.011155309581459702,11.29296875
"Mixtral-8x7B, BOS",IOI (i) S2 -> IO,final,layer,17,0.517578125,0.2622184691161836,64,0.04583189207886544,11.29296875
"Mixtral-8x7B, BOS",IOI (i) S2 -> IO,final,layer,18,0.166015625,0.13465617500237353,64,0.014700795572466275,11.29296875
"Mixtral-8x7B, BOS",IOI (i) S2 -> IO,final,layer,19,0.326171875,0.23104445766702733,64,0.028882739536492563,11.29296875
"Mixtral-8x7B, BOS",IOI (i) S2 -> IO,final,layer,20,0.232421875,0.16117005754915154,64,0.020581113801452784,11.29296875
"Mixtral-8x7B, BOS",IOI (i) S2 -> IO,final,layer,21,0.224609375,0.16544146014863115,64,0.019889311656866138,11.29296875
"Mixtral-8x7B, BOS",IOI (i) S2 -> IO,final,layer,22,0.1962890625,0.13495442513159472,64,0.017381528882739538,11.29296875
"Mixtral-8x7B, BOS",IOI (i) S2 -> IO,final,layer,23,0.1767578125,0.1176166085408974,64,0.015652023521272915,11.29296875
"Mixtral-8x7B, BOS",IOI (i) S2 -> IO,final,layer,24,0.146484375,0.12510845989025327,64,0.012971290210999653,11.29296875
"Mixtral-8x7B, BOS",IOI (i) S2 -> IO,final,layer,25,0.107421875,0.08142818526259031,64,0.009512279488066412,11.29296875
"Mixtral-8x7B, BOS",IOI (i) S2 -> IO,final,layer,26,0.06640625,0.18696186002277201,64,0.00588031822898651,11.29296875
"Mixtral-8x7B, BOS",IOI (i) S2 -> IO,final,layer,27,0.2080078125,0.14176059889233503,64,0.018419232099619508,11.29296875
"Mixtral-8x7B, BOS",IOI (i) S2 -> IO,final,layer,28,0.4453125,0.42221014759259246,64,0.03943272224143895,11.29296875
"Mixtral-8x7B, BOS",IOI (i) S2 -> IO,final,layer,29,-0.11328125,0.6809186248085091,64,-0.010031131096506399,11.29296875
"Mixtral-8x7B, BOS",IOI (i) S2 -> IO,final,layer,30,-0.9111328125,0.5948902676070198,64,-0.08068142511241785,11.29296875
"Mixtral-8x7B, BOS",IOI (i) S2 -> IO,final,layer,31,-2.5771484375,0.9239256810612548,64,-0.22820823244552058,11.29296875
"Mixtral-8x7B, BOS","IOI (ii) S1, IO -> other names",IO,attn_layer,0,-0.001953125,0.11677755678150294,64,-0.00026455026455026457,7.3828125
"Mixtral-8x7B, BOS","IOI (ii) S1, IO -> other names",IO,attn_layer,1,-0.015625,0.14857123778986528,64,-0.0021164021164021165,7.3828125
"Mixtral-8x7B, BOS","IOI (ii) S1, IO -> other names",IO,attn_layer,2,-0.01171875,0.1805507859565386,64,-0.0015873015873015873,7.3828125
"Mixtral-8x7B, BOS","IOI (ii) S1, IO -> other names",IO,attn_layer,3,-0.0341796875,0.261854290743637,64,-0.004629629629629629,7.3828125
"Mixtral-8x7B, BOS","IOI (ii) S1, IO -> other names",IO,attn_layer,4,-0.048828125,0.21317840763581766,64,-0.006613756613756613,7.3828125
"Mixtral-8x7B, BOS","IOI (ii) S1, IO -> other names",IO,attn_layer,5,-0.037109375,0.18457330605355607,64,-0.0050264550264550265,7.3828125
"Mixtral-8x7B, BOS","IOI (ii) S1, IO -> other names",IO,attn_layer,6,0.00390625,0.11987251412587101,64,0.0005291005291005291,7.3828125
"Mixtral-8x7B, BOS","IOI (ii) S1, IO -> other names",IO,attn_layer,7,-0.01171875,0.09106607905234668,64,-0.0015873015873015873,7.3828125
"Mixtral-8x7B, BOS","IOI (ii) S1, IO -> other names",IO,attn_layer,8,0.015625,0.10083972825057987,64,0.0021164021164021165,7.3828125
"Mixtral-8x7B, BOS","IOI (ii) S1, IO -> other names",IO,attn_layer,9,-0.001953125,0.10325118542499485,64,-0.00026455026455026457,7.3828125
"Mixtral-8x7B, BOS","IOI (ii) S1, IO -> other names",IO,attn_layer,10,-0.009765625,0.10751681185446861,64,-0.0013227513227513227,7.3828125
"Mixtral-8x7B, BOS","IOI (ii) S1, IO -> other names",IO,attn_layer,11,-0.005859375,0.07529600153542167,64,-0.0007936507936507937,7.3828125
"Mixtral-8x7B, BOS","IOI (ii) S1, IO -> other names",IO,attn_layer,12,-0.00390625,0.08020543439411824,64,-0.0005291005291005291,7.3828125
"Mixtral-8x7B, BOS","IOI (ii) S1, IO -> other names",IO,attn_layer,13,-0.013671875,0.08941273207293261,64,-0.001851851851851852,7.3828125
"Mixtral-8x7B, BOS","IOI (ii) S1, IO -> other names",IO,attn_layer,14,0.005859375,0.07529600153542168,64,0.0007936507936507937,7.3828125
"Mixtral-8x7B, BOS","IOI (ii) S1, IO -> other names",IO,attn_layer,15,-0.015625,0.07874259854358902,64,-0.0021164021164021165,7.3828125
"Mixtral-8x7B, BOS","IOI (ii) S1, IO -> other names",IO,attn_layer,16,-0.0078125,0.07674879141802159,64,-0.0010582010582010583,7.3828125
"Mixtral-8x7B, BOS","IOI (ii) S1, IO -> other names",IO,attn_layer,17,-0.05859375,0.23566937553168008,64,-0.007936507936507936,7.3828125
"Mixtral-8x7B, BOS","IOI (ii) S1, IO -> other names",IO,attn_layer,18,-0.01171875,0.07624219319910415,64,-0.0015873015873015873,7.3828125
"Mixtral-8x7B, BOS","IOI (ii) S1, IO -> other names",IO,attn_layer,19,-0.005859375,0.0719267412106963,64,-0.0007936507936507937,7.3828125
"Mixtral-8x7B, BOS","IOI (ii) S1, IO -> other names",IO,attn_layer,20,0.00390625,0.09174442048689495,64,0.0005291005291005291,7.3828125
"Mixtral-8x7B, BOS","IOI (ii) S1, IO -> other names",IO,attn_layer,21,-0.0078125,0.07674879141802159,64,-0.0010582010582010583,7.3828125
"Mixtral-8x7B, BOS","IOI (ii) S1, IO -> other names",IO,attn_layer,22,-0.005859375,0.0646636884899631,64,-0.0007936507936507937,7.3828125
"Mixtral-8x7B, BOS","IOI (ii) S1, IO -> other names",IO,attn_layer,23,-0.0234375,0.06634969288573794,64,-0.0031746031746031746,7.3828125
"Mixtral-8x7B, BOS","IOI (ii) S1, IO -> other names",IO,attn_layer,24,-0.00390625,0.06669921080659218,64,-0.0005291005291005291,7.3828125
"Mixtral-8x7B, BOS","IOI (ii) S1, IO -> other names",IO,attn_layer,25,0.017578125,0.06996026189236013,64,0.002380952380952381,7.3828125
"Mixtral-8x7B, BOS","IOI (ii) S1, IO -> other names",IO,attn_layer,26,-0.013671875,0.045191323330536354,64,-0.001851851851851852,7.3828125
"Mixtral-8x7B, BOS","IOI (ii) S1, IO -> other names",IO,attn_layer,27,-0.0078125,0.05839707401889461,64,-0.0010582010582010583,7.3828125
"Mixtral-8x7B, BOS","IOI (ii) S1, IO -> other names",IO,attn_layer,28,0.0,0.049801192055599734,64,0.0,7.3828125
"Mixtral-8x7B, BOS","IOI (ii) S1, IO -> other names",IO,attn_layer,29,-0.01171875,0.05772965696806793,64,-0.0015873015873015873,7.3828125
"Mixtral-8x7B, BOS","IOI (ii) S1, IO -> other names",IO,attn_layer,30,-0.009765625,0.051296134384354715,64,-0.0013227513227513227,7.3828125
"Mixtral-8x7B, BOS","IOI (ii) S1, IO -> other names",IO,attn_layer,31,-0.00390625,0.021921011700381302,64,-0.0005291005291005291,7.3828125
"Mixtral-8x7B, BOS","IOI (ii) S1, IO -> other names",IO,layer,0,4.720703125,1.7635167037582957,64,0.6394179894179894,7.3828125
"Mixtral-8x7B, BOS","IOI (ii) S1, IO -> other names",IO,layer,1,0.056640625,0.23772408757943778,64,0.007671957671957672,7.3828125
"Mixtral-8x7B, BOS","IOI (ii) S1, IO -> other names",IO,layer,2,0.509765625,0.7484457067432883,64,0.06904761904761905,7.3828125
"Mixtral-8x7B, BOS","IOI (ii) S1, IO -> other names",IO,layer,3,0.072265625,0.361053275855451,64,0.009788359788359789,7.3828125
"Mixtral-8x7B, BOS","IOI (ii) S1, IO -> other names",IO,layer,4,0.173828125,0.3750774969526139,64,0.023544973544973546,7.3828125
"Mixtral-8x7B, BOS","IOI (ii) S1, IO -> other names",IO,layer,5,0.14453125,0.28886301299712597,64,0.019576719576719578,7.3828125
"Mixtral-8x7B, BOS","IOI (ii) S1, IO -> other names",IO,layer,6,0.080078125,0.2069803536944417,64,0.010846560846560847,7.3828125
"Mixtral-8x7B, BOS","IOI (ii) S1, IO -> other names",IO,layer,7,0.021484375,0.21656898839887284,64,0.00291005291005291,7.3828125
"Mixtral-8x7B, BOS","IOI (ii) S1, IO -> other names",IO,layer,8,0.0078125,0.14752421108802058,64,0.0010582010582010583,7.3828125
"Mixtral-8x7B, BOS","IOI (ii) S1, IO -> other names",IO,layer,9,0.015625,0.12696862504584247,64,0.0021164021164021165,7.3828125
"Mixtral-8x7B, BOS","IOI (ii) S1, IO -> other names",IO,layer,10,0.02734375,0.09571356387432144,64,0.003703703703703704,7.3828125
"Mixtral-8x7B, BOS","IOI (ii) S1, IO -> other names",IO,layer,11,0.029296875,0.14215983399954354,64,0.003968253968253968,7.3828125
"Mixtral-8x7B, BOS","IOI (ii) S1, IO -> other names",IO,layer,12,-0.001953125,0.09832977066790696,64,-0.00026455026455026457,7.3828125
"Mixtral-8x7B, BOS","IOI (ii) S1, IO -> other names",IO,layer,13,0.021484375,0.09331496284983812,64,0.00291005291005291,7.3828125
"Mixtral-8x7B, BOS","IOI (ii) S1, IO -> other names",IO,layer,14,0.060546875,0.12985069933220802,64,0.0082010582010582,7.3828125
"Mixtral-8x7B, BOS","IOI (ii) S1, IO -> other names",IO,layer,15,0.0625,0.17107271265714183,64,0.008465608465608466,7.3828125
"Mixtral-8x7B, BOS","IOI (ii) S1, IO -> other names",IO,layer,16,0.5390625,0.5527147108475597,64,0.07301587301587302,7.3828125
"Mixtral-8x7B, BOS","IOI (ii) S1, IO -> other names",IO,layer,17,0.57421875,0.6384344808275347,64,0.07777777777777778,7.3828125
"Mixtral-8x7B, BOS","IOI (ii) S1, IO -> other names",IO,layer,18,1.4453125,1.1939569649392658,64,0.19576719576719576,7.3828125
"Mixtral-8x7B, BOS","IOI (ii) S1, IO -> other names",IO,layer,19,1.13671875,0.8561515121205763,64,0.15396825396825398,7.3828125
"Mixtral-8x7B, BOS","IOI (ii) S1, IO -> other names",IO,layer,20,0.326171875,0.35538459179502635,64,0.04417989417989418,7.3828125
"Mixtral-8x7B, BOS","IOI (ii) S1, IO -> other names",IO,layer,21,0.09375,0.11572751247156893,64,0.012698412698412698,7.3828125
"Mixtral-8x7B, BOS","IOI (ii) S1, IO -> other names",IO,layer,22,0.041015625,0.09973846628430792,64,0.005555555555555556,7.3828125
"Mixtral-8x7B, BOS","IOI (ii) S1, IO -> other names",IO,layer,23,0.041015625,0.09973846628430792,64,0.005555555555555556,7.3828125
"Mixtral-8x7B, BOS","IOI (ii) S1, IO -> other names",IO,layer,24,0.025390625,0.07772716164087064,64,0.0034391534391534392,7.3828125
"Mixtral-8x7B, BOS","IOI (ii) S1, IO -> other names",IO,layer,25,0.021484375,0.09061815792452925,64,0.00291005291005291,7.3828125
"Mixtral-8x7B, BOS","IOI (ii) S1, IO -> other names",IO,layer,26,0.021484375,0.08783859515954918,64,0.00291005291005291,7.3828125
"Mixtral-8x7B, BOS","IOI (ii) S1, IO -> other names",IO,layer,27,0.05859375,0.11566052114180382,64,0.007936507936507936,7.3828125
"Mixtral-8x7B, BOS","IOI (ii) S1, IO -> other names",IO,layer,28,0.01953125,0.07785170452100196,64,0.0026455026455026454,7.3828125
"Mixtral-8x7B, BOS","IOI (ii) S1, IO -> other names",IO,layer,29,0.001953125,0.0847855239380193,64,0.00026455026455026457,7.3828125
"Mixtral-8x7B, BOS","IOI (ii) S1, IO -> other names",IO,layer,30,0.015625,0.06493281020616497,64,0.0021164021164021165,7.3828125
"Mixtral-8x7B, BOS","IOI (ii) S1, IO -> other names",IO,layer,31,0.0,0.0,64,0.0,7.3828125
"Mixtral-8x7B, BOS","IOI (ii) S1, IO -> other names",S1,attn_layer,0,0.013671875,0.10937499999999999,64,0.001851851851851852,7.3828125
"Mixtral-8x7B, BOS","IOI (ii) S1, IO -> other names",S1,attn_layer,1,0.0078125,0.1588572160128871,64,0.0010582010582010583,7.3828125
"Mixtral-8x7B, BOS","IOI (ii) S1, IO -> other names",S1,attn_layer,2,0.001953125,0.15668342663011794,64,0.00026455026455026457,7.3828125
"Mixtral-8x7B, BOS","IOI (ii) S1, IO -> other names",S1,attn_layer,3,0.0078125,0.18483556613362187,64,0.0010582010582010583,7.3828125
"Mixtral-8x7B, BOS","IOI (ii) S1, IO -> other names",S1,attn_layer,4,0.01171875,0.12344016849637195,64,0.0015873015873015873,7.3828125
"Mixtral-8x7B, BOS","IOI (ii) S1, IO -> other names",S1,attn_layer,5,0.044921875,0.13431038498153777,64,0.006084656084656085,7.3828125
"Mixtral-8x7B, BOS","IOI (ii) S1, IO -> other names",S1,attn_layer,6,-0.005859375,0.10547908348848803,64,-0.0007936507936507937,7.3828125
"Mixtral-8x7B, BOS","IOI (ii) S1, IO -> other names",S1,attn_layer,7,-0.005859375,0.12285801163060305,64,-0.0007936507936507937,7.3828125
"Mixtral-8x7B, BOS","IOI (ii) S1, IO -> other names",S1,attn_layer,8,0.001953125,0.10794846355428205,64,0.00026455026455026457,7.3828125
"Mixtral-8x7B, BOS","IOI (ii) S1, IO -> other names",S1,attn_layer,9,-0.015625,0.08183170883849714,64,-0.0021164021164021165,7.3828125
"Mixtral-8x7B, BOS","IOI (ii) S1, IO -> other names",S1,attn_layer,10,0.0,0.0890870806374748,64,0.0,7.3828125
"Mixtral-8x7B, BOS","IOI (ii) S1, IO -> other names",S1,attn_layer,11,0.001953125,0.07214193014688101,64,0.00026455026455026457,7.3828125
"Mixtral-8x7B, BOS","IOI (ii) S1, IO -> other names",S1,attn_layer,12,0.001953125,0.1056259392275326,64,0.00026455026455026457,7.3828125
"Mixtral-8x7B, BOS","IOI (ii) S1, IO -> other names",S1,attn_layer,13,-0.009765625,0.078125,64,-0.0013227513227513227,7.3828125
"Mixtral-8x7B, BOS","IOI (ii) S1, IO -> other names",S1,attn_layer,14,-0.01953125,0.07459796344937074,64,-0.0026455026455026454,7.3828125
"Mixtral-8x7B, BOS","IOI (ii) S1, IO -> other names",S1,attn_layer,15,0.00390625,0.07705115158333106,64,0.0005291005291005291,7.3828125
"Mixtral-8x7B, BOS","IOI (ii) S1, IO -> other names",S1,attn_layer,16,0.005859375,0.07529600153542167,64,0.0007936507936507937,7.3828125
"Mixtral-8x7B, BOS","IOI (ii) S1, IO -> other names",S1,attn_layer,17,-0.095703125,0.2013621612669058,64,-0.012962962962962963,7.3828125
"Mixtral-8x7B, BOS","IOI (ii) S1, IO -> other names",S1,attn_layer,18,-0.001953125,0.06490296290042519,64,-0.00026455026455026457,7.3828125
"Mixtral-8x7B, BOS","IOI (ii) S1, IO -> other names",S1,attn_layer,19,-0.0078125,0.07344620642412539,64,-0.0010582010582010583,7.3828125
"Mixtral-8x7B, BOS","IOI (ii) S1, IO -> other names",S1,attn_layer,20,-0.009765625,0.08993132162448735,64,-0.0013227513227513227,7.3828125
"Mixtral-8x7B, BOS","IOI (ii) S1, IO -> other names",S1,attn_layer,21,0.009765625,0.097855699104458,64,0.0013227513227513227,7.3828125
"Mixtral-8x7B, BOS","IOI (ii) S1, IO -> other names",S1,attn_layer,22,0.00390625,0.06287092313773097,64,0.0005291005291005291,7.3828125
"Mixtral-8x7B, BOS","IOI (ii) S1, IO -> other names",S1,attn_layer,23,-0.0078125,0.07674879141802159,64,-0.0010582010582010583,7.3828125
"Mixtral-8x7B, BOS","IOI (ii) S1, IO -> other names",S1,attn_layer,24,-0.015625,0.06864620592065951,64,-0.0021164021164021165,7.3828125
"Mixtral-8x7B, BOS","IOI (ii) S1, IO -> other names",S1,attn_layer,25,-0.021484375,0.08199728841577435,64,-0.00291005291005291,7.3828125
"Mixtral-8x7B, BOS","IOI (ii) S1, IO -> other names",S1,attn_layer,26,0.0,0.06299407883487121,64,0.0,7.3828125
"Mixtral-8x7B, BOS","IOI (ii) S1, IO -> other names",S1,attn_layer,27,-0.005859375,0.0564741455629343,64,-0.0007936507936507937,7.3828125
"Mixtral-8x7B, BOS","IOI (ii) S1, IO -> other names",S1,attn_layer,28,-0.00390625,0.05441221815113756,64,-0.0005291005291005291,7.3828125
"Mixtral-8x7B, BOS","IOI (ii) S1, IO -> other names",S1,attn_layer,29,-0.00390625,0.05441221815113756,64,-0.0005291005291005291,7.3828125
"Mixtral-8x7B, BOS","IOI (ii) S1, IO -> other names",S1,attn_layer,30,0.00390625,0.04964531939765559,64,0.0005291005291005291,7.3828125
"Mixtral-8x7B, BOS","IOI (ii) S1, IO -> other names",S1,attn_layer,31,-0.00390625,0.021921011700381302,64,-0.0005291005291005291,7.3828125
"Mixtral-8x7B, BOS","IOI (ii) S1, IO -> other names",S1,layer,0,-0.0859375,1.04484633752893,64,-0.01164021164021164,7.3828125
"Mixtral-8x7B, BOS","IOI (ii) S1, IO -> other names",S1,layer,1,-0.0595703125,0.18210821977010624,64,-0.008068783068783069,7.3828125
"Mixtral-8x7B, BOS","IOI (ii) S1, IO -> other names",S1,layer,2,-0.533203125,0.7272482203198116,64,-0.07222222222222222,7.3828125
"Mixtral-8x7B, BOS","IOI (ii) S1, IO -> other names",S1,layer,3,-0.0703125,0.3036443656543799,64,-0.009523809523809525,7.3828125
"Mixtral-8x7B, BOS","IOI (ii) S1, IO -> other names",S1,layer,4,-0.1171875,0.2726586839557984,64,-0.015873015873015872,7.3828125
"Mixtral-8x7B, BOS","IOI (ii) S1, IO -> other names",S1,layer,5,-0.15625,0.3157568383303535,64,-0.021164021164021163,7.3828125
"Mixtral-8x7B, BOS","IOI (ii) S1, IO -> other names",S1,layer,6,-0.080078125,0.15962379429259624,64,-0.010846560846560847,7.3828125
"Mixtral-8x7B, BOS","IOI (ii) S1, IO -> other names",S1,layer,7,-0.0390625,0.1834888409737899,64,-0.005291005291005291,7.3828125
"Mixtral-8x7B, BOS","IOI (ii) S1, IO -> other names",S1,layer,8,-0.001953125,0.11463405262759142,64,-0.00026455026455026457,7.3828125
"Mixtral-8x7B, BOS","IOI (ii) S1, IO -> other names",S1,layer,9,-0.03125,0.11993715285482072,64,-0.004232804232804233,7.3828125
"Mixtral-8x7B, BOS","IOI (ii) S1, IO -> other names",S1,layer,10,-0.029296875,0.10621133166572361,64,-0.003968253968253968,7.3828125
"Mixtral-8x7B, BOS","IOI (ii) S1, IO -> other names",S1,layer,11,-0.044921875,0.10994043187793985,64,-0.006084656084656085,7.3828125
"Mixtral-8x7B, BOS","IOI (ii) S1, IO -> other names",S1,layer,12,-0.025390625,0.10004881620988826,64,-0.0034391534391534392,7.3828125
"Mixtral-8x7B, BOS","IOI (ii) S1, IO -> other names",S1,layer,13,-0.05078125,0.09889957528757892,64,-0.0068783068783068784,7.3828125
"Mixtral-8x7B, BOS","IOI (ii) S1, IO -> other names",S1,layer,14,-0.06640625,0.12788098618240368,64,-0.008994708994708995,7.3828125
"Mixtral-8x7B, BOS","IOI (ii) S1, IO -> other names",S1,layer,15,-0.115234375,0.1378417245315271,64,-0.015608465608465608,7.3828125
"Mixtral-8x7B, BOS","IOI (ii) S1, IO -> other names",S1,layer,16,-0.466796875,0.4233055551324036,64,-0.06322751322751323,7.3828125
"Mixtral-8x7B, BOS","IOI (ii) S1, IO -> other names",S1,layer,17,-0.25390625,0.2912145730889254,64,-0.03439153439153439,7.3828125
"Mixtral-8x7B, BOS","IOI (ii) S1, IO -> other names",S1,layer,18,-0.771484375,0.5899096511987076,64,-0.10449735449735449,7.3828125
"Mixtral-8x7B, BOS","IOI (ii) S1, IO -> other names",S1,layer,19,-0.51953125,0.40716472111302515,64,-0.07037037037037037,7.3828125
"Mixtral-8x7B, BOS","IOI (ii) S1, IO -> other names",S1,layer,20,-0.154296875,0.17781492783652317,64,-0.0208994708994709,7.3828125
"Mixtral-8x7B, BOS","IOI (ii) S1, IO -> other names",S1,layer,21,-0.052734375,0.10399912120927554,64,-0.007142857142857143,7.3828125
"Mixtral-8x7B, BOS","IOI (ii) S1, IO -> other names",S1,layer,22,-0.02734375,0.09571356387432145,64,-0.003703703703703704,7.3828125
"Mixtral-8x7B, BOS","IOI (ii) S1, IO -> other names",S1,layer,23,-0.05078125,0.08249203304485238,64,-0.0068783068783068784,7.3828125
"Mixtral-8x7B, BOS","IOI (ii) S1, IO -> other names",S1,layer,24,-0.021484375,0.0933149628498381,64,-0.00291005291005291,7.3828125
"Mixtral-8x7B, BOS","IOI (ii) S1, IO -> other names",S1,layer,25,-0.015625,0.08768404680152522,64,-0.0021164021164021165,7.3828125
"Mixtral-8x7B, BOS","IOI (ii) S1, IO -> other names",S1,layer,26,-0.029296875,0.0938119834778458,64,-0.003968253968253968,7.3828125
"Mixtral-8x7B, BOS","IOI (ii) S1, IO -> other names",S1,layer,27,-0.029296875,0.07950175792955079,64,-0.003968253968253968,7.3828125
"Mixtral-8x7B, BOS","IOI (ii) S1, IO -> other names",S1,layer,28,-0.021484375,0.0933149628498381,64,-0.00291005291005291,7.3828125
"Mixtral-8x7B, BOS","IOI (ii) S1, IO -> other names",S1,layer,29,-0.021484375,0.07570661672189684,64,-0.00291005291005291,7.3828125
"Mixtral-8x7B, BOS","IOI (ii) S1, IO -> other names",S1,layer,30,-0.013671875,0.055084654818094055,64,-0.001851851851851852,7.3828125
"Mixtral-8x7B, BOS","IOI (ii) S1, IO -> other names",S1,layer,31,0.0,0.0,64,0.0,7.3828125
"Mixtral-8x7B, BOS","IOI (ii) S1, IO -> other names",S2,attn_layer,0,0.0078125,0.10416666666666667,64,0.0010582010582010583,7.3828125
"Mixtral-8x7B, BOS","IOI (ii) S1, IO -> other names",S2,attn_layer,1,0.052734375,0.16933091882300894,64,0.007142857142857143,7.3828125
"Mixtral-8x7B, BOS","IOI (ii) S1, IO -> other names",S2,attn_layer,2,0.072265625,0.2788908441067711,64,0.009788359788359789,7.3828125
"Mixtral-8x7B, BOS","IOI (ii) S1, IO -> other names",S2,attn_layer,3,-0.046875,0.15827066428938488,64,-0.006349206349206349,7.3828125
"Mixtral-8x7B, BOS","IOI (ii) S1, IO -> other names",S2,attn_layer,4,0.009765625,0.2432671627047038,64,0.0013227513227513227,7.3828125
"Mixtral-8x7B, BOS","IOI (ii) S1, IO -> other names",S2,attn_layer,5,-0.001953125,0.32996225997218587,64,-0.00026455026455026457,7.3828125
"Mixtral-8x7B, BOS","IOI (ii) S1, IO -> other names",S2,attn_layer,6,0.0234375,0.22368996933468513,64,0.0031746031746031746,7.3828125
"Mixtral-8x7B, BOS","IOI (ii) S1, IO -> other names",S2,attn_layer,7,0.025390625,0.23694032583321983,64,0.0034391534391534392,7.3828125
"Mixtral-8x7B, BOS","IOI (ii) S1, IO -> other names",S2,attn_layer,8,0.02734375,0.15664632276727067,64,0.003703703703703704,7.3828125
"Mixtral-8x7B, BOS","IOI (ii) S1, IO -> other names",S2,attn_layer,9,0.01953125,0.17283058672106977,64,0.0026455026455026454,7.3828125
"Mixtral-8x7B, BOS","IOI (ii) S1, IO -> other names",S2,attn_layer,10,-0.015625,0.14347584277611847,64,-0.0021164021164021165,7.3828125
"Mixtral-8x7B, BOS","IOI (ii) S1, IO -> other names",S2,attn_layer,11,-0.01171875,0.1331076028203176,64,-0.0015873015873015873,7.3828125
"Mixtral-8x7B, BOS","IOI (ii) S1, IO -> other names",S2,attn_layer,12,0.123046875,0.1869929486564192,64,0.016666666666666666,7.3828125
"Mixtral-8x7B, BOS","IOI (ii) S1, IO -> other names",S2,attn_layer,13,0.0,0.12198750911856661,64,0.0,7.3828125
"Mixtral-8x7B, BOS","IOI (ii) S1, IO -> other names",S2,attn_layer,14,0.01953125,0.1096050585019065,64,0.0026455026455026454,7.3828125
"Mixtral-8x7B, BOS","IOI (ii) S1, IO -> other names",S2,attn_layer,15,0.263671875,0.1824616554357794,64,0.03571428571428571,7.3828125
"Mixtral-8x7B, BOS","IOI (ii) S1, IO -> other names",S2,attn_layer,16,0.013671875,0.09737931964663377,64,0.001851851851851852,7.3828125
"Mixtral-8x7B, BOS","IOI (ii) S1, IO -> other names",S2,attn_layer,17,0.20703125,0.16550000899151177,64,0.028042328042328042,7.3828125
"Mixtral-8x7B, BOS","IOI (ii) S1, IO -> other names",S2,attn_layer,18,0.056640625,0.12973126890976017,64,0.007671957671957672,7.3828125
"Mixtral-8x7B, BOS","IOI (ii) S1, IO -> other names",S2,attn_layer,19,0.037109375,0.08819083154079649,64,0.0050264550264550265,7.3828125
"Mixtral-8x7B, BOS","IOI (ii) S1, IO -> other names",S2,attn_layer,20,0.162109375,0.12731913623017094,64,0.021957671957671957,7.3828125
"Mixtral-8x7B, BOS","IOI (ii) S1, IO -> other names",S2,attn_layer,21,0.025390625,0.06747900724411107,64,0.0034391534391534392,7.3828125
"Mixtral-8x7B, BOS","IOI (ii) S1, IO -> other names",S2,attn_layer,22,0.029296875,0.06951571243822256,64,0.003968253968253968,7.3828125
"Mixtral-8x7B, BOS","IOI (ii) S1, IO -> other names",S2,attn_layer,23,0.025390625,0.0744679790964834,64,0.0034391534391534392,7.3828125
"Mixtral-8x7B, BOS","IOI (ii) S1, IO -> other names",S2,attn_layer,24,0.013671875,0.050381419694137494,64,0.001851851851851852,7.3828125
"Mixtral-8x7B, BOS","IOI (ii) S1, IO -> other names",S2,attn_layer,25,0.11328125,0.09374999999999997,64,0.015343915343915344,7.3828125
"Mixtral-8x7B, BOS","IOI (ii) S1, IO -> other names",S2,attn_layer,26,0.03125,0.0668153104781061,64,0.004232804232804233,7.3828125
"Mixtral-8x7B, BOS","IOI (ii) S1, IO -> other names",S2,attn_layer,27,0.08203125,0.086884884386875,64,0.011111111111111112,7.3828125
"Mixtral-8x7B, BOS","IOI (ii) S1, IO -> other names",S2,attn_layer,28,0.01953125,0.06762242718751049,64,0.0026455026455026454,7.3828125
"Mixtral-8x7B, BOS","IOI (ii) S1, IO -> other names",S2,attn_layer,29,0.060546875,0.08623572892056006,64,0.0082010582010582,7.3828125
"Mixtral-8x7B, BOS","IOI (ii) S1, IO -> other names",S2,attn_layer,30,0.00390625,0.06287092313773097,64,0.0005291005291005291,7.3828125
"Mixtral-8x7B, BOS","IOI (ii) S1, IO -> other names",S2,attn_layer,31,0.0,0.0,64,0.0,7.3828125
"Mixtral-8x7B, BOS","IOI (ii) S1, IO -> other names",S2,layer,0,0.00390625,0.11566052114180381,64,0.0005291005291005291,7.3828125
"Mixtral-8x7B, BOS","IOI (ii) S1, IO -> other names",S2,layer,1,0.009765625,0.097855699104458,64,0.0013227513227513227,7.3828125
"Mixtral-8x7B, BOS","IOI (ii) S1, IO -> other names",S2,layer,2,0.05859375,0.1991658572408338,64,0.007936507936507936,7.3828125
"Mixtral-8x7B, BOS","IOI (ii) S1, IO -> other names",S2,layer,3,-0.001953125,0.13996206171758868,64,-0.00026455026455026457,7.3828125
"Mixtral-8x7B, BOS","IOI (ii) S1, IO -> other names",S2,layer,4,0.056640625,0.1766780200473651,64,0.007671957671957672,7.3828125
"Mixtral-8x7B, BOS","IOI (ii) S1, IO -> other names",S2,layer,5,0.001953125,0.32235814794361095,64,0.00026455026455026457,7.3828125
"Mixtral-8x7B, BOS","IOI (ii) S1, IO -> other names",S2,layer,6,0.056640625,0.17526862532074985,64,0.007671957671957672,7.3828125
"Mixtral-8x7B, BOS","IOI (ii) S1, IO -> other names",S2,layer,7,0.095703125,0.16020539194773373,64,0.012962962962962963,7.3828125
"Mixtral-8x7B, BOS","IOI (ii) S1, IO -> other names",S2,layer,8,0.064453125,0.25876709695451977,64,0.00873015873015873,7.3828125
"Mixtral-8x7B, BOS","IOI (ii) S1, IO -> other names",S2,layer,9,0.05859375,0.22818376879451754,64,0.007936507936507936,7.3828125
"Mixtral-8x7B, BOS","IOI (ii) S1, IO -> other names",S2,layer,10,0.099609375,0.21955457196206243,64,0.013492063492063493,7.3828125
"Mixtral-8x7B, BOS","IOI (ii) S1, IO -> other names",S2,layer,11,0.029296875,0.22243041927454707,64,0.003968253968253968,7.3828125
"Mixtral-8x7B, BOS","IOI (ii) S1, IO -> other names",S2,layer,12,0.10546875,0.19947693256861587,64,0.014285714285714285,7.3828125
"Mixtral-8x7B, BOS","IOI (ii) S1, IO -> other names",S2,layer,13,0.16015625,0.23514259225090675,64,0.021693121693121695,7.3828125
"Mixtral-8x7B, BOS","IOI (ii) S1, IO -> other names",S2,layer,14,0.1875,0.18500321747523873,64,0.025396825396825397,7.3828125
"Mixtral-8x7B, BOS","IOI (ii) S1, IO -> other names",S2,layer,15,0.220703125,0.2001266804902525,64,0.029894179894179893,7.3828125
"Mixtral-8x7B, BOS","IOI (ii) S1, IO -> other names",S2,layer,16,0.28515625,0.20225508165570416,64,0.038624338624338624,7.3828125
"Mixtral-8x7B, BOS","IOI (ii) S1, IO -> other names",S2,layer,17,0.255859375,0.22319568374869528,64,0.034656084656084656,7.3828125
"Mixtral-8x7B, BOS","IOI (ii) S1, IO -> other names",S2,layer,18,0.162109375,0.19880556962491996,64,0.021957671957671957,7.3828125
"Mixtral-8x7B, BOS","IOI (ii) S1, IO -> other names",S2,layer,19,0.228515625,0.23733253024125092,64,0.030952380952380953,7.3828125
"Mixtral-8x7B, BOS","IOI (ii) S1, IO -> other names",S2,layer,20,0.08203125,0.14124367874603908,64,0.011111111111111112,7.3828125
"Mixtral-8x7B, BOS","IOI (ii) S1, IO -> other names",S2,layer,21,0.0234375,0.10416666666666667,64,0.0031746031746031746,7.3828125
"Mixtral-8x7B, BOS","IOI (ii) S1, IO -> other names",S2,layer,22,0.005859375,0.12877183799232125,64,0.0007936507936507937,7.3828125
"Mixtral-8x7B, BOS","IOI (ii) S1, IO -> other names",S2,layer,23,0.005859375,0.08161832722670634,64,0.0007936507936507937,7.3828125
"Mixtral-8x7B, BOS","IOI (ii) S1, IO -> other names",S2,layer,24,0.009765625,0.11849060537235824,64,0.0013227513227513227,7.3828125
"Mixtral-8x7B, BOS","IOI (ii) S1, IO -> other names",S2,layer,25,-0.056640625,0.12584966682861348,64,-0.007671957671957672,7.3828125
"Mixtral-8x7B, BOS","IOI (ii) S1, IO -> other names",S2,layer,26,0.03515625,0.07542455891353683,64,0.004761904761904762,7.3828125
"Mixtral-8x7B, BOS","IOI (ii) S1, IO -> other names",S2,layer,27,-0.060546875,0.13727829799786448,64,-0.0082010582010582,7.3828125
"Mixtral-8x7B, BOS","IOI (ii) S1, IO -> other names",S2,layer,28,-0.08203125,0.14976626961994152,64,-0.011111111111111112,7.3828125
"Mixtral-8x7B, BOS","IOI (ii) S1, IO -> other names",S2,layer,29,0.021484375,0.11901273670500931,64,0.00291005291005291,7.3828125
"Mixtral-8x7B, BOS","IOI (ii) S1, IO -> other names",S2,layer,30,-0.01953125,0.12038865220345761,64,-0.0026455026455026454,7.3828125
"Mixtral-8x7B, BOS","IOI (ii) S1, IO -> other names",S2,layer,31,0.0,0.0,64,0.0,7.3828125
"Mixtral-8x7B, BOS","IOI (ii) S1, IO -> other names",after_S2,attn_layer,0,0.0078125,0.237667025645892,64,0.0010582010582010583,7.3828125
"Mixtral-8x7B, BOS","IOI (ii) S1, IO -> other names",after_S2,attn_layer,1,0.017578125,0.19526537129807375,64,0.002380952380952381,7.3828125
"Mixtral-8x7B, BOS","IOI (ii) S1, IO -> other names",after_S2,attn_layer,2,-0.001953125,0.20592920880171034,64,-0.00026455026455026457,7.3828125
"Mixtral-8x7B, BOS","IOI (ii) S1, IO -> other names",after_S2,attn_layer,3,0.01953125,0.2711479399832182,64,0.0026455026455026454,7.3828125
"Mixtral-8x7B, BOS","IOI (ii) S1, IO -> other names",after_S2,attn_layer,4,-0.01171875,0.21675679215296678,64,-0.0015873015873015873,7.3828125
"Mixtral-8x7B, BOS","IOI (ii) S1, IO -> other names",after_S2,attn_layer,5,-0.0078125,0.21921011700381304,64,-0.0010582010582010583,7.3828125
"Mixtral-8x7B, BOS","IOI (ii) S1, IO -> other names",after_S2,attn_layer,6,0.05078125,0.23854589048038405,64,0.0068783068783068784,7.3828125
"Mixtral-8x7B, BOS","IOI (ii) S1, IO -> other names",after_S2,attn_layer,7,0.017578125,0.22478736369949323,64,0.002380952380952381,7.3828125
"Mixtral-8x7B, BOS","IOI (ii) S1, IO -> other names",after_S2,attn_layer,8,0.037109375,0.24262912564061015,64,0.0050264550264550265,7.3828125
"Mixtral-8x7B, BOS","IOI (ii) S1, IO -> other names",after_S2,attn_layer,9,0.05078125,0.22016267209165974,64,0.0068783068783068784,7.3828125
"Mixtral-8x7B, BOS","IOI (ii) S1, IO -> other names",after_S2,attn_layer,10,0.05078125,0.24164485739029204,64,0.0068783068783068784,7.3828125
"Mixtral-8x7B, BOS","IOI (ii) S1, IO -> other names",after_S2,attn_layer,11,0.01953125,0.23698121074471648,64,0.0026455026455026454,7.3828125
"Mixtral-8x7B, BOS","IOI (ii) S1, IO -> other names",after_S2,attn_layer,12,0.021484375,0.2309773569736302,64,0.00291005291005291,7.3828125
"Mixtral-8x7B, BOS","IOI (ii) S1, IO -> other names",after_S2,attn_layer,13,0.03515625,0.25536772233606797,64,0.004761904761904762,7.3828125
"Mixtral-8x7B, BOS","IOI (ii) S1, IO -> other names",after_S2,attn_layer,14,-0.0234375,0.1888181181614512,64,-0.0031746031746031746,7.3828125
"Mixtral-8x7B, BOS","IOI (ii) S1, IO -> other names",after_S2,attn_layer,15,0.0078125,0.1793880138799957,64,0.0010582010582010583,7.3828125
"Mixtral-8x7B, BOS","IOI (ii) S1, IO -> other names",after_S2,attn_layer,16,0.091796875,0.2262993648461301,64,0.012433862433862434,7.3828125
"Mixtral-8x7B, BOS","IOI (ii) S1, IO -> other names",after_S2,attn_layer,17,0.041015625,0.19550337894920267,64,0.005555555555555556,7.3828125
"Mixtral-8x7B, BOS","IOI (ii) S1, IO -> other names",after_S2,attn_layer,18,0.009765625,0.1757984724808134,64,0.0013227513227513227,7.3828125
"Mixtral-8x7B, BOS","IOI (ii) S1, IO -> other names",after_S2,attn_layer,19,0.19140625,0.2843196679990871,64,0.025925925925925925,7.3828125
"Mixtral-8x7B, BOS","IOI (ii) S1, IO -> other names",after_S2,attn_layer,20,0.015625,0.1566957926320022,64,0.0021164021164021165,7.3828125
"Mixtral-8x7B, BOS","IOI (ii) S1, IO -> other names",after_S2,attn_layer,21,0.078125,0.2022933984281718,64,0.010582010582010581,7.3828125
"Mixtral-8x7B, BOS","IOI (ii) S1, IO -> other names",after_S2,attn_layer,22,0.02734375,0.15978151935869,64,0.003703703703703704,7.3828125
"Mixtral-8x7B, BOS","IOI (ii) S1, IO -> other names",after_S2,attn_layer,23,0.04296875,0.17708333333333337,64,0.00582010582010582,7.3828125
"Mixtral-8x7B, BOS","IOI (ii) S1, IO -> other names",after_S2,attn_layer,24,0.041015625,0.17259499267943978,64,0.005555555555555556,7.3828125
"Mixtral-8x7B, BOS","IOI (ii) S1, IO -> other names",after_S2,attn_layer,25,0.041015625,0.16674802701648042,64,0.005555555555555556,7.3828125
"Mixtral-8x7B, BOS","IOI (ii) S1, IO -> other names",after_S2,attn_layer,26,0.068359375,0.17526862532074985,64,0.009259259259259259,7.3828125
"Mixtral-8x7B, BOS","IOI (ii) S1, IO -> other names",after_S2,attn_layer,27,0.029296875,0.1438938850292448,64,0.003968253968253968,7.3828125
"Mixtral-8x7B, BOS","IOI (ii) S1, IO -> other names",after_S2,attn_layer,28,0.013671875,0.16384090760842474,64,0.001851851851851852,7.3828125
"Mixtral-8x7B, BOS","IOI (ii) S1, IO -> other names",after_S2,attn_layer,29,-0.0078125,0.12962667702608668,64,-0.0010582010582010583,7.3828125
"Mixtral-8x7B, BOS","IOI (ii) S1, IO -> other names",after_S2,attn_layer,30,0.0078125,0.1333984216131843,64,0.0010582010582010583,7.3828125
"Mixtral-8x7B, BOS","IOI (ii) S1, IO -> other names",after_S2,attn_layer,31,0.0,0.0,64,0.0,7.3828125
"Mixtral-8x7B, BOS","IOI (ii) S1, IO -> other names",after_S2,layer,0,0.01171875,0.22351666027532466,64,0.0015873015873015873,7.3828125
"Mixtral-8x7B, BOS","IOI (ii) S1, IO -> other names",after_S2,layer,1,-0.013671875,0.21721221096718746,64,-0.001851851851851852,7.3828125
"Mixtral-8x7B, BOS","IOI (ii) S1, IO -> other names",after_S2,layer,2,0.013671875,0.18913596811427438,64,0.001851851851851852,7.3828125
"Mixtral-8x7B, BOS","IOI (ii) S1, IO -> other names",after_S2,layer,3,0.013671875,0.24102664376776353,64,0.001851851851851852,7.3828125
"Mixtral-8x7B, BOS","IOI (ii) S1, IO -> other names",after_S2,layer,4,0.005859375,0.20585392163758123,64,0.0007936507936507937,7.3828125
"Mixtral-8x7B, BOS","IOI (ii) S1, IO -> other names",after_S2,layer,5,0.01171875,0.2097792088560112,64,0.0015873015873015873,7.3828125
"Mixtral-8x7B, BOS","IOI (ii) S1, IO -> other names",after_S2,layer,6,-0.021484375,0.22664159470493672,64,-0.00291005291005291,7.3828125
"Mixtral-8x7B, BOS","IOI (ii) S1, IO -> other names",after_S2,layer,7,0.03125,0.2398743057096415,64,0.004232804232804233,7.3828125
"Mixtral-8x7B, BOS","IOI (ii) S1, IO -> other names",after_S2,layer,8,0.01953125,0.22736712280306942,64,0.0026455026455026454,7.3828125
"Mixtral-8x7B, BOS","IOI (ii) S1, IO -> other names",after_S2,layer,9,0.013671875,0.25307355444284046,64,0.001851851851851852,7.3828125
"Mixtral-8x7B, BOS","IOI (ii) S1, IO -> other names",after_S2,layer,10,0.01953125,0.261841341076663,64,0.0026455026455026454,7.3828125
"Mixtral-8x7B, BOS","IOI (ii) S1, IO -> other names",after_S2,layer,11,0.041015625,0.28352119778467005,64,0.005555555555555556,7.3828125
"Mixtral-8x7B, BOS","IOI (ii) S1, IO -> other names",after_S2,layer,12,0.001953125,0.26304477437009216,64,0.00026455026455026457,7.3828125
"Mixtral-8x7B, BOS","IOI (ii) S1, IO -> other names",after_S2,layer,13,-0.072265625,0.22691500696715666,64,-0.009788359788359789,7.3828125
"Mixtral-8x7B, BOS","IOI (ii) S1, IO -> other names",after_S2,layer,14,-0.052734375,0.20143912721764445,64,-0.007142857142857143,7.3828125
"Mixtral-8x7B, BOS","IOI (ii) S1, IO -> other names",after_S2,layer,15,0.005859375,0.190849302071531,64,0.0007936507936507937,7.3828125
"Mixtral-8x7B, BOS","IOI (ii) S1, IO -> other names",after_S2,layer,16,0.001953125,0.1922251019803325,64,0.00026455026455026457,7.3828125
"Mixtral-8x7B, BOS","IOI (ii) S1, IO -> other names",after_S2,layer,17,0.0625,0.18365772167311323,64,0.008465608465608466,7.3828125
"Mixtral-8x7B, BOS","IOI (ii) S1, IO -> other names",after_S2,layer,18,0.052734375,0.17223537256181706,64,0.007142857142857143,7.3828125
"Mixtral-8x7B, BOS","IOI (ii) S1, IO -> other names",after_S2,layer,19,0.009765625,0.18938167912156856,64,0.0013227513227513227,7.3828125
"Mixtral-8x7B, BOS","IOI (ii) S1, IO -> other names",after_S2,layer,20,0.01171875,0.15059200307084333,64,0.0015873015873015873,7.3828125
"Mixtral-8x7B, BOS","IOI (ii) S1, IO -> other names",after_S2,layer,21,0.02734375,0.15978151935869,64,0.003703703703703704,7.3828125
"Mixtral-8x7B, BOS","IOI (ii) S1, IO -> other names",after_S2,layer,22,0.01953125,0.16399457683154872,64,0.0026455026455026454,7.3828125
"Mixtral-8x7B, BOS","IOI (ii) S1, IO -> other names",after_S2,layer,23,0.0078125,0.15248438639820833,64,0.0010582010582010583,7.3828125
"Mixtral-8x7B, BOS","IOI (ii) S1, IO -> other names",after_S2,layer,24,0.021484375,0.16145833333333334,64,0.00291005291005291,7.3828125
"Mixtral-8x7B, BOS","IOI (ii) S1, IO -> other names",after_S2,layer,25,0.033203125,0.16850502132667022,64,0.004497354497354497,7.3828125
"Mixtral-8x7B, BOS","IOI (ii) S1, IO -> other names",after_S2,layer,26,0.0234375,0.15570340904200394,64,0.0031746031746031746,7.3828125
"Mixtral-8x7B, BOS","IOI (ii) S1, IO -> other names",after_S2,layer,27,0.0390625,0.15084911782707364,64,0.005291005291005291,7.3828125
"Mixtral-8x7B, BOS","IOI (ii) S1, IO -> other names",after_S2,layer,28,0.044921875,0.1730434668476415,64,0.006084656084656085,7.3828125
"Mixtral-8x7B, BOS","IOI (ii) S1, IO -> other names",after_S2,layer,29,0.013671875,0.11597838532716014,64,0.001851851851851852,7.3828125
"Mixtral-8x7B, BOS","IOI (ii) S1, IO -> other names",after_S2,layer,30,0.001953125,0.09577427657555775,64,0.00026455026455026457,7.3828125
"Mixtral-8x7B, BOS","IOI (ii) S1, IO -> other names",after_S2,layer,31,0.0,0.0,64,0.0,7.3828125
"Mixtral-8x7B, BOS","IOI (ii) S1, IO -> other names",final,attn_layer,0,0.009765625,0.08993132162448735,64,0.0013227513227513227,7.3828125
"Mixtral-8x7B, BOS","IOI (ii) S1, IO -> other names",final,attn_layer,1,0.0078125,0.08296047538551402,64,0.0010582010582010583,7.3828125
"Mixtral-8x7B, BOS","IOI (ii) S1, IO -> other names",final,attn_layer,2,0.0,0.1113588507968435,64,0.0,7.3828125
"Mixtral-8x7B, BOS","IOI (ii) S1, IO -> other names",final,attn_layer,3,0.01171875,0.08544569773783091,64,0.0015873015873015873,7.3828125
"Mixtral-8x7B, BOS","IOI (ii) S1, IO -> other names",final,attn_layer,4,0.001953125,0.11463405262759141,64,0.00026455026455026457,7.3828125
"Mixtral-8x7B, BOS","IOI (ii) S1, IO -> other names",final,attn_layer,5,0.017578125,0.09414187278943197,64,0.002380952380952381,7.3828125
"Mixtral-8x7B, BOS","IOI (ii) S1, IO -> other names",final,attn_layer,6,0.025390625,0.12436283541054058,64,0.0034391534391534392,7.3828125
"Mixtral-8x7B, BOS","IOI (ii) S1, IO -> other names",final,attn_layer,7,0.068359375,0.17946360706260372,64,0.009259259259259259,7.3828125
"Mixtral-8x7B, BOS","IOI (ii) S1, IO -> other names",final,attn_layer,8,0.041015625,0.16674802701648042,64,0.005555555555555556,7.3828125
"Mixtral-8x7B, BOS","IOI (ii) S1, IO -> other names",final,attn_layer,9,0.03125,0.1477342100713197,64,0.004232804232804233,7.3828125
"Mixtral-8x7B, BOS","IOI (ii) S1, IO -> other names",final,attn_layer,10,0.0625,0.19669894811736086,64,0.008465608465608466,7.3828125
"Mixtral-8x7B, BOS","IOI (ii) S1, IO -> other names",final,attn_layer,11,0.041015625,0.19802432848672677,64,0.005555555555555556,7.3828125
"Mixtral-8x7B, BOS","IOI (ii) S1, IO -> other names",final,attn_layer,12,0.013671875,0.16534773887774862,64,0.001851851851851852,7.3828125
"Mixtral-8x7B, BOS","IOI (ii) S1, IO -> other names",final,attn_layer,13,0.109375,0.25049554062500967,64,0.014814814814814815,7.3828125
"Mixtral-8x7B, BOS","IOI (ii) S1, IO -> other names",final,attn_layer,14,0.05859375,0.1915485531511155,64,0.007936507936507936,7.3828125
"Mixtral-8x7B, BOS","IOI (ii) S1, IO -> other names",final,attn_layer,15,0.0390625,0.17519122205668378,64,0.005291005291005291,7.3828125
"Mixtral-8x7B, BOS","IOI (ii) S1, IO -> other names",final,attn_layer,16,0.10546875,0.3701530343644455,64,0.014285714285714285,7.3828125
"Mixtral-8x7B, BOS","IOI (ii) S1, IO -> other names",final,attn_layer,17,0.013671875,0.23582553779392434,64,0.001851851851851852,7.3828125
"Mixtral-8x7B, BOS","IOI (ii) S1, IO -> other names",final,attn_layer,18,-0.12109375,0.28864828484033955,64,-0.0164021164021164,7.3828125
"Mixtral-8x7B, BOS","IOI (ii) S1, IO -> other names",final,attn_layer,19,0.34375,0.5289252355124539,64,0.04656084656084656,7.3828125
"Mixtral-8x7B, BOS","IOI (ii) S1, IO -> other names",final,attn_layer,20,0.123046875,0.49476033735400704,64,0.016666666666666666,7.3828125
"Mixtral-8x7B, BOS","IOI (ii) S1, IO -> other names",final,attn_layer,21,1.1015625,0.7549029554997266,64,0.1492063492063492,7.3828125
"Mixtral-8x7B, BOS","IOI (ii) S1, IO -> other names",final,attn_layer,22,0.3671875,0.618367586652326,64,0.04973544973544974,7.3828125
"Mixtral-8x7B, BOS","IOI (ii) S1, IO -> other names",final,attn_layer,23,0.52734375,0.6790036869888442,64,0.07142857142857142,7.3828125
"Mixtral-8x7B, BOS","IOI (ii) S1, IO -> other names",final,attn_layer,24,0.48046875,0.5568916844542444,64,0.06507936507936508,7.3828125
"Mixtral-8x7B, BOS","IOI (ii) S1, IO -> other names",final,attn_layer,25,0.142578125,0.45199469039891343,64,0.019312169312169312,7.3828125
"Mixtral-8x7B, BOS","IOI (ii) S1, IO -> other names",final,attn_layer,26,1.1015625,0.8872093197121674,64,0.1492063492063492,7.3828125
"Mixtral-8x7B, BOS","IOI (ii) S1, IO -> other names",final,attn_layer,27,0.0625,0.18365772167311328,64,0.008465608465608466,7.3828125
"Mixtral-8x7B, BOS","IOI (ii) S1, IO -> other names",final,attn_layer,28,0.47265625,0.9833607618248887,64,0.06402116402116402,7.3828125
"Mixtral-8x7B, BOS","IOI (ii) S1, IO -> other names",final,attn_layer,29,-0.279296875,0.8004655724567372,64,-0.03783068783068783,7.3828125
"Mixtral-8x7B, BOS","IOI (ii) S1, IO -> other names",final,attn_layer,30,1.751953125,1.2643015567258016,64,0.2373015873015873,7.3828125
"Mixtral-8x7B, BOS","IOI (ii) S1, IO -> other names",final,attn_layer,31,1.56640625,0.776313770608578,64,0.21216931216931217,7.3828125
"Mixtral-8x7B, BOS","IOI (ii) S1, IO -> other names",final,layer,0,0.0,0.07715167498104596,64,0.0,7.3828125
"Mixtral-8x7B, BOS","IOI (ii) S1, IO -> other names",final,layer,1,0.015625,0.09316949906249125,64,0.0021164021164021165,7.3828125
"Mixtral-8x7B, BOS","IOI (ii) S1, IO -> other names",final,layer,2,0.009765625,0.08712985058575068,64,0.0013227513227513227,7.3828125
"Mixtral-8x7B, BOS","IOI (ii) S1, IO -> other names",final,layer,3,0.001953125,0.07871798763548869,64,0.00026455026455026457,7.3828125
"Mixtral-8x7B, BOS","IOI (ii) S1, IO -> other names",final,layer,4,-0.001953125,0.10562593922753262,64,-0.00026455026455026457,7.3828125
"Mixtral-8x7B, BOS","IOI (ii) S1, IO -> other names",final,layer,5,0.009765625,0.10518475690572975,64,0.0013227513227513227,7.3828125
"Mixtral-8x7B, BOS","IOI (ii) S1, IO -> other names",final,layer,6,0.0,0.10681165741027596,64,0.0,7.3828125
"Mixtral-8x7B, BOS","IOI (ii) S1, IO -> other names",final,layer,7,0.001953125,0.12298411688487415,64,0.00026455026455026457,7.3828125
"Mixtral-8x7B, BOS","IOI (ii) S1, IO -> other names",final,layer,8,0.017578125,0.12572643579114948,64,0.002380952380952381,7.3828125
"Mixtral-8x7B, BOS","IOI (ii) S1, IO -> other names",final,layer,9,0.01953125,0.16399457683154875,64,0.0026455026455026454,7.3828125
"Mixtral-8x7B, BOS","IOI (ii) S1, IO -> other names",final,layer,10,-0.025390625,0.13020833333333334,64,-0.0034391534391534392,7.3828125
"Mixtral-8x7B, BOS","IOI (ii) S1, IO -> other names",final,layer,11,0.009765625,0.15318167885263273,64,0.0013227513227513227,7.3828125
"Mixtral-8x7B, BOS","IOI (ii) S1, IO -> other names",final,layer,12,-0.015625,0.21650635094610965,64,-0.0021164021164021165,7.3828125
"Mixtral-8x7B, BOS","IOI (ii) S1, IO -> other names",final,layer,13,0.060546875,0.19542407527331057,64,0.0082010582010582,7.3828125
"Mixtral-8x7B, BOS","IOI (ii) S1, IO -> other names",final,layer,14,-0.01953125,0.23698121074471654,64,-0.0026455026455026454,7.3828125
"Mixtral-8x7B, BOS","IOI (ii) S1, IO -> other names",final,layer,15,0.08203125,0.22953838899802692,64,0.011111111111111112,7.3828125
"Mixtral-8x7B, BOS","IOI (ii) S1, IO -> other names",final,layer,16,-0.06640625,0.20040726143657556,64,-0.008994708994708995,7.3828125
"Mixtral-8x7B, BOS","IOI (ii) S1, IO -> other names",final,layer,17,0.046875,0.2563673269923575,64,0.006349206349206349,7.3828125
"Mixtral-8x7B, BOS","IOI (ii) S1, IO -> other names",final,layer,18,0.2109375,0.3310000179830236,64,0.02857142857142857,7.3828125
"Mixtral-8x7B, BOS","IOI (ii) S1, IO -> other names",final,layer,19,-0.12109375,0.24394324858816244,64,-0.0164021164021164,7.3828125
"Mixtral-8x7B, BOS","IOI (ii) S1, IO -> other names",final,layer,20,-0.029296875,0.2396075945272994,64,-0.003968253968253968,7.3828125
"Mixtral-8x7B, BOS","IOI (ii) S1, IO -> other names",final,layer,21,-0.0078125,0.23132104228360764,64,-0.0010582010582010583,7.3828125
"Mixtral-8x7B, BOS","IOI (ii) S1, IO -> other names",final,layer,22,0.052734375,0.14400156989747198,64,0.007142857142857143,7.3828125
"Mixtral-8x7B, BOS","IOI (ii) S1, IO -> other names",final,layer,23,-0.025390625,0.149701567379215,64,-0.0034391534391534392,7.3828125
"Mixtral-8x7B, BOS","IOI (ii) S1, IO -> other names",final,layer,24,0.072265625,0.19262787895832764,64,0.009788359788359789,7.3828125
"Mixtral-8x7B, BOS","IOI (ii) S1, IO -> other names",final,layer,25,0.046875,0.12890718945064117,64,0.006349206349206349,7.3828125
"Mixtral-8x7B, BOS","IOI (ii) S1, IO -> other names",final,layer,26,0.091796875,0.20921502417198845,64,0.012433862433862434,7.3828125
"Mixtral-8x7B, BOS","IOI (ii) S1, IO -> other names",final,layer,27,0.341796875,0.3897510063799789,64,0.046296296296296294,7.3828125
"Mixtral-8x7B, BOS","IOI (ii) S1, IO -> other names",final,layer,28,0.71484375,0.63012531428784,64,0.09682539682539683,7.3828125
"Mixtral-8x7B, BOS","IOI (ii) S1, IO -> other names",final,layer,29,0.1640625,0.7247314089228953,64,0.022222222222222223,7.3828125
"Mixtral-8x7B, BOS","IOI (ii) S1, IO -> other names",final,layer,30,-0.58203125,0.5914481278158089,64,-0.07883597883597884,7.3828125
"Mixtral-8x7B, BOS","IOI (ii) S1, IO -> other names",final,layer,31,-1.1875,0.6365987248714347,64,-0.16084656084656085,7.3828125
