model,corruption,kind,layer,mean,ci_lo,ci_hi,pos_frac,n,vnorm_mean,mean_norm,ci_lo_norm,ci_hi_norm
Qwen3-30B-A3B-Base,STR (donor mean),attn_layer,0,0.031127025462962962,0.00162868923611111,0.06533733603395059,0.46296296296296297,108,0.20569429265760616,0.002667458218551595,0.0001395719772035536,0.005599141305339451
Qwen3-30B-A3B-Base,STR (donor mean),attn_layer,1,0.02332115644290124,-0.011278905044367283,0.07213009681230705,0.4722222222222222,108,0.30240680250097757,0.001998527308488372,-0.000966555830805578,0.006181253000735516
Qwen3-30B-A3B-Base,STR (donor mean),attn_layer,2,0.014737654320987656,-0.018181905864197528,0.05648509837962958,0.4722222222222222,108,0.3656713030289537,0.0012629564359584282,-0.0015581146449118012,0.004840540901594263
Qwen3-30B-A3B-Base,STR (donor mean),attn_layer,3,0.009154369212962964,-0.027498070987654326,0.04960129726080245,0.42592592592592593,108,0.5223085668604868,0.0007844918372245047,-0.002356471727040235,0.004250627422995456
Qwen3-30B-A3B-Base,STR (donor mean),attn_layer,4,0.026601080246913576,-0.01143976658950617,0.07555193865740738,0.46296296296296297,108,0.5945412671584407,0.002279603305218157,-0.000980341004436775,0.0064744907906154805
Qwen3-30B-A3B-Base,STR (donor mean),attn_layer,5,0.024269386574074077,-5.365065586421017e-06,0.05057315779320985,0.5092592592592593,108,0.6131059931430185,0.0020797867355892637,-4.5976408213484364e-07,0.004333911878413166
Qwen3-30B-A3B-Base,STR (donor mean),attn_layer,6,0.05620780285493826,0.016448206018518517,0.09979808666087964,0.5185185185185185,108,1.0734927349344447,0.004816777814203032,0.0014095436898309587,0.00855228607616359
Qwen3-30B-A3B-Base,STR (donor mean),attn_layer,7,0.03594835069444444,-0.004378194926697529,0.08250629943094136,0.49074074074074076,108,1.0408142737124437,0.003080625985845259,-0.0003751933204647604,0.007070450941777648
Qwen3-30B-A3B-Base,STR (donor mean),attn_layer,8,0.001222511574074077,-0.03850857204861111,0.044719569830246844,0.3425925925925926,108,0.8062309586293536,0.00010476422006396017,-0.003300026439017668,0.003832283435361349
Qwen3-30B-A3B-Base,STR (donor mean),attn_layer,9,-0.011707296489197529,-0.0330966827015818,0.009503641010802448,0.3611111111111111,108,1.0056019739788253,-0.001003267217880752,-0.002836249752941381,0.0008144229955603303
Qwen3-30B-A3B-Base,STR (donor mean),attn_layer,10,0.014635175540123458,-0.006028886959876542,0.035642602237654315,0.4444444444444444,108,0.731656682620078,0.0012541744254007984,-0.0005166508469939229,0.003054424599052142
Qwen3-30B-A3B-Base,STR (donor mean),attn_layer,11,0.00970926167052469,-0.02337006745515046,0.04588597427179779,0.3888888888888889,108,1.0989217481265465,0.0008320438414497881,-0.0020027187813214282,0.003932239504645009
Qwen3-30B-A3B-Base,STR (donor mean),attn_layer,12,0.010779562114197531,-0.015675485869984566,0.03649703414351852,0.4537037037037037,108,0.8583473372238655,0.0009237641928913862,-0.0013433247472821486,0.003127645903548522
Qwen3-30B-A3B-Base,STR (donor mean),attn_layer,13,0.0003255208333333336,-0.02464409722222222,0.024499782986111093,0.46296296296296297,108,0.9999742720552064,2.789579824188284e-05,-0.0021118978988988084,0.002099530761678239
Qwen3-30B-A3B-Base,STR (donor mean),attn_layer,14,0.0953149112654321,0.051371166087962966,0.1430958236882716,0.6481481481481481,108,1.6134427836279808,0.008168096360765821,0.0044022979112142875,0.012262724280926394
Qwen3-30B-A3B-Base,STR (donor mean),attn_layer,15,0.05887225115740741,0.02554835190007716,0.0911354950327932,0.6203703703703703,108,1.401712918612692,0.005045110088701407,0.0021893888102927648,0.00780993755783858
Qwen3-30B-A3B-Base,STR (donor mean),attn_layer,16,0.1960925443672839,0.12355040750385804,0.27738043137538576,0.7777777777777778,108,2.2426908266581136,0.01680432554313894,0.010587762402601049,0.023770363545274932
Qwen3-30B-A3B-Base,STR (donor mean),attn_layer,17,0.05382245852623456,0.025318045910493827,0.08612340856481476,0.5555555555555556,108,1.395829019263203,0.004612363603752791,0.0021696525330366324,0.0073804223361863125
Qwen3-30B-A3B-Base,STR (donor mean),attn_layer,18,0.043757233796296285,0.010563271604938276,0.07749716676311727,0.5555555555555556,108,1.9489181793214359,0.003749815190336647,0.0009052289847262244,0.006641188848664985
Qwen3-30B-A3B-Base,STR (donor mean),attn_layer,19,0.029818913966049382,-0.007484658323688272,0.06570104528356478,0.5,108,1.956836232892525,0.0025553584367277323,-0.0006414044728536174,0.0056303096939861914
Qwen3-30B-A3B-Base,STR (donor mean),attn_layer,20,-0.001943479938271607,-0.027157600308641977,0.024249131944444422,0.4166666666666667,108,1.5752654255080372,-0.00016654824728116723,-0.0023272947884346506,0.0020780509970319888
Qwen3-30B-A3B-Base,STR (donor mean),attn_layer,21,0.010409432870370371,-0.013888888888888888,0.03335322627314814,0.4722222222222222,108,1.7499712736334332,0.0008920456371126528,-0.0011902207249870002,0.002858234483194693
Qwen3-30B-A3B-Base,STR (donor mean),attn_layer,22,0.0129906925154321,-0.006115692515432097,0.03314061294367284,0.4444444444444444,108,1.3537512402383636,0.001113248985393657,-0.0005240897265250917,0.0028400143942318933
Qwen3-30B-A3B-Base,STR (donor mean),attn_layer,23,0.03997998649691358,0.0074452944155092605,0.07625412929205247,0.5092592592592593,108,1.7765233041327675,0.0034261206129595416,0.0006380311476217749,0.006534665643545218
Qwen3-30B-A3B-Base,STR (donor mean),attn_layer,24,0.029810474537037033,0.0006769627700617265,0.05819878472222221,0.5370370370370371,108,1.6279466245001477,0.0025546352123288684,5.801292856598948e-05,0.004987396781672088
Qwen3-30B-A3B-Base,STR (donor mean),attn_layer,25,-0.0038218557098765407,-0.05257884837962963,0.04758312837577151,0.4722222222222222,108,1.9157947949053329,-0.00032751733491395734,-0.004505791322691672,0.00407767863978434
Qwen3-30B-A3B-Base,STR (donor mean),attn_layer,26,0.09313994984567901,0.047711407696759266,0.13620322145061728,0.6944444444444444,108,2.8288124652740403,0.007981711101401537,0.004088671650647076,0.011672056582597342
Qwen3-30B-A3B-Base,STR (donor mean),attn_layer,27,0.0548972800925926,0.016567744502314817,0.09902675298996914,0.5740740740740741,108,2.431712398714857,0.004704471396836638,0.001419787646852006,0.008486185949051737
Qwen3-30B-A3B-Base,STR (donor mean),attn_layer,28,0.8482904128086419,0.6550959683641976,1.066471173321759,0.8888888888888888,108,3.7739196195094675,0.07269500376954889,0.05613903348497973,0.09139219870239076
Qwen3-30B-A3B-Base,STR (donor mean),attn_layer,29,0.013532021604938268,-0.009599729938271606,0.03610218942901234,0.4722222222222222,108,1.9892709381602427,0.0011596386646921951,-0.000822657421930251,0.00309380933345883
Qwen3-30B-A3B-Base,STR (donor mean),attn_layer,30,0.05408709490740741,0.012677167727623458,0.09777560763888883,0.5555555555555556,108,2.675082248099793,0.00463504185454573,0.001086381198975873,0.008378967931920198
Qwen3-30B-A3B-Base,STR (donor mean),attn_layer,31,0.05590036651234568,0.020089940200617287,0.08955644772376542,0.5925925925925926,108,2.524391983228701,0.0047904317825301435,0.0017216253497177416,0.007674619689866913
Qwen3-30B-A3B-Base,STR (donor mean),attn_layer,32,-0.006946855709876543,-0.030817177854938274,0.01841483410493827,0.3888888888888889,108,2.2634785079477746,-0.0005953169980360325,-0.002640905551336173,0.0015780756383204377
Qwen3-30B-A3B-Base,STR (donor mean),attn_layer,33,0.014539930555555554,-0.007326509452160493,0.036966145833333325,0.49074074074074076,108,2.3509930155711407,0.0012460123214707657,-0.0006278517642077692,0.003167846848348212
Qwen3-30B-A3B-Base,STR (donor mean),attn_layer,34,-0.012092496141975308,-0.02933798707561728,0.004803301022376542,0.37037037037037035,108,2.0432704677000455,-0.0010362772458003134,-0.0025141449777696316,0.0004116231666132341
Qwen3-30B-A3B-Base,STR (donor mean),attn_layer,35,0.024450231481481483,0.0014737654320987645,0.04928771219135801,0.5277777777777778,108,2.498747225308124,0.0020952844012791984,0.00012629564359584273,0.00422375447068911
Qwen3-30B-A3B-Base,STR (donor mean),attn_layer,36,0.026256269290123452,-0.0006127628279321004,0.05666745032793209,0.4722222222222222,108,2.2528028006171006,0.0022500544226360143,-5.2511257246062884e-05,0.004856167714498283
Qwen3-30B-A3B-Base,STR (donor mean),attn_layer,37,0.05990788966049383,0.026809956114969138,0.09548906491126541,0.6018518518518519,108,2.869565905759364,0.005133860054219101,0.0022975031090900324,0.008183020612825227
Qwen3-30B-A3B-Base,STR (donor mean),attn_layer,38,0.21527054398148146,0.1568830174575617,0.27338023244598764,0.8333333333333334,108,4.516968077163638,0.018447801330670904,0.013444230151907086,0.02342756292904642
Qwen3-30B-A3B-Base,STR (donor mean),attn_layer,39,0.10490330825617286,0.06314516420717592,0.14871970847800922,0.6944444444444444,108,3.489898318438618,0.008989782595646171,0.005411281184790343,0.012744668105607706
Qwen3-30B-A3B-Base,STR (donor mean),attn_layer,40,3.9546899112654326,3.5260339506172835,4.405543258101851,1.0,108,10.10745633450555,0.33890068031652854,0.30216662532233857,0.37753696012460947
Qwen3-30B-A3B-Base,STR (donor mean),attn_layer,41,0.03416521990740741,0.0034632402584876543,0.0688920838155864,0.5740740740740741,108,5.130666046782777,0.0029278190021425014,0.00029678546385081663,0.0059037685880293745
Qwen3-30B-A3B-Base,STR (donor mean),attn_layer,42,0.07823350694444445,0.03494423948688271,0.13018205054012344,0.5370370370370371,108,6.033635730581518,0.006704290177465838,0.002994577780046177,0.011156066969339523
Qwen3-30B-A3B-Base,STR (donor mean),attn_layer,43,2.4865234375000003,2.1731795548804014,2.834268120659722,1.0,108,12.740830853323882,0.21308484445044612,0.1862325608642408,0.2428851353312993
Qwen3-30B-A3B-Base,STR (donor mean),attn_layer,44,0.05313223379629631,0.031647858796296294,0.07639244550540117,0.6203703703703703,108,3.6199901137271047,0.004553214179702874,0.002712091495738607,0.006546518774853731
Qwen3-30B-A3B-Base,STR (donor mean),attn_layer,45,0.12298177083333332,0.06309112172067902,0.19984712577160488,0.6388888888888888,108,3.8422378715081718,0.010539032575783328,0.0054066499656933355,0.01712607774641624
Qwen3-30B-A3B-Base,STR (donor mean),attn_layer,46,-0.06573350694444445,-0.1406201774691358,-0.0012340856481481918,0.5092592592592593,108,6.273124550742869,-0.005633091524977538,-0.012050571569408312,-0.00010575607066811949
Qwen3-30B-A3B-Base,STR (donor mean),attn_layer,47,0.1751181520061728,0.10919300974151235,0.24567268277391974,0.6944444444444444,108,14.341247683321988,0.015006906276420292,0.00935739239169999,0.021053139739248678
Qwen3-30B-A3B-Base,STR (donor mean),layer,0,0.008049708236882717,-0.017794099030671293,0.039349960515528526,0.4074074074074074,108,0.16439011646319684,0.000689826929301819,-0.0015248811923118766,0.003372129974376158
Qwen3-30B-A3B-Base,STR (donor mean),layer,1,0.01189718364197531,-0.011401065779320992,0.03823386863425925,0.4722222222222222,108,0.290495285594169,0.001019539766855184,-0.0009770245039791294,0.0032764854848346555
Qwen3-30B-A3B-Base,STR (donor mean),layer,2,-0.0058768566743827196,-0.03534291208526235,0.03461391119309412,0.3333333333333333,108,0.4464994502173346,-0.0005036224760372514,-0.003028742384059639,0.002966270002191369
Qwen3-30B-A3B-Base,STR (donor mean),layer,3,0.012153983410493825,-0.026251989293981478,0.050974874614197516,0.4074074074074074,108,0.6528970666413689,0.0010415464521348913,-0.0022496876445480193,0.004368337359799075
Qwen3-30B-A3B-Base,STR (donor mean),layer,4,0.015263310185185184,-0.020066671489197534,0.0577320842978395,0.49074074074074076,108,0.7951828588720089,0.0013080029842305054,-0.0017196313167323033,0.00494740247241493
Qwen3-30B-A3B-Base,STR (donor mean),layer,5,0.006586371527777779,-0.025328203366126546,0.03861536096643515,0.46296296296296297,108,1.005535571516296,0.0005644249844274291,-0.002170522985259551,0.003309177810607571
Qwen3-30B-A3B-Base,STR (donor mean),layer,6,0.0220458984375,-0.01322284463011188,0.05933990101755397,0.5185185185185185,108,1.3170951136928282,0.001889242935931514,-0.0011331434679870403,0.005085185760703434
Qwen3-30B-A3B-Base,STR (donor mean),layer,7,0.016007788387345675,-0.03654926818094136,0.08423543294270822,0.4722222222222222,108,1.6040190976251054,0.0013718017079874037,-0.0031321221459886315,0.0072186305807998095
Qwen3-30B-A3B-Base,STR (donor mean),layer,8,-0.004131703317901232,-0.04798843195408951,0.03611207561728393,0.4444444444444444,108,1.5714023825655015,-0.0003540700021293791,-0.004112411491539773,0.0030946565391832123
Qwen3-30B-A3B-Base,STR (donor mean),layer,9,0.004234182098765433,-0.02727936921296297,0.03900824652777772,0.4074074074074074,108,1.6804726409507384,0.00036285201268700915,-0.0023377298833325406,0.003342846489318953
Qwen3-30B-A3B-Base,STR (donor mean),layer,10,-0.011244936342592595,-0.050336371527777785,0.030865915557484556,0.35185185185185186,108,1.4654627762091013,-0.0009636448526001523,-0.004313620268136481,0.0026450821722396093
Qwen3-30B-A3B-Base,STR (donor mean),layer,11,0.0064850983796296315,-0.029178813416280862,0.04220790533371908,0.48148148148148145,108,1.7498545016587517,0.0005557462916410657,-0.0025005044490182078,0.0036170441054266893
Qwen3-30B-A3B-Base,STR (donor mean),layer,12,0.024780574845679016,-0.01357843846450617,0.0641335720486111,0.5370370370370371,108,1.7241453953271295,0.0021235934706061465,-0.001163616398885945,0.005495983676618682
Qwen3-30B-A3B-Base,STR (donor mean),layer,13,0.005956729841820988,-0.03369808244116513,0.04235068238811723,0.5185185185185185,108,1.8303151654424492,0.0005104672783836391,-0.002887787240193259,0.0036292795124888933
Qwen3-30B-A3B-Base,STR (donor mean),layer,14,0.02810691550925926,-0.007793933256172841,0.06500774619020062,0.49074074074074076,108,1.9360308404505988,0.002408647201529682,-0.0006679080641276878,0.005570896809619547
Qwen3-30B-A3B-Base,STR (donor mean),layer,15,0.01307086709104938,-0.025305748456790126,0.05025235399787807,0.4537037037037037,108,2.2802471838799523,0.0011201196171828612,-0.0021685986917697173,0.004306420310951363
Qwen3-30B-A3B-Base,STR (donor mean),layer,16,0.07142409336419753,0.02090277777777778,0.12698917341820984,0.5833333333333334,108,2.7006833891441793,0.006120751405354155,0.0017912821911054357,0.010882450515695157
Qwen3-30B-A3B-Base,STR (donor mean),layer,17,0.04039592978395062,0.00027994791666666847,0.07652964650848765,0.5740740740740741,108,2.252214004393713,0.0034617652440463915,2.399038648801938e-05,0.006558276337223833
Qwen3-30B-A3B-Base,STR (donor mean),layer,18,0.04420572916666665,-0.030158962673611112,0.1255909408757716,0.5185185185185185,108,3.2455280266794158,0.0037882494012476853,-0.0025844992141133734,0.010762627730469146
Qwen3-30B-A3B-Base,STR (donor mean),layer,19,0.022706886574074076,-0.03728111738040123,0.08163755063657403,0.5555555555555556,108,3.329291598756373,0.0019458869040282262,-0.0031948386160915157,0.006996002738747478
Qwen3-30B-A3B-Base,STR (donor mean),layer,20,0.015087890624999996,-0.027972125771604933,0.05966628086419744,0.4444444444444444,108,3.070340524834615,0.0012929702485112683,-0.002397096274702117,0.00511315517285734
Qwen3-30B-A3B-Base,STR (donor mean),layer,21,-0.015545428240740736,-0.07510651765046297,0.03132975260416667,0.46296296296296297,108,2.9562154687665125,-0.0013321793427068036,-0.006436320040021174,0.002684831101790012
Qwen3-30B-A3B-Base,STR (donor mean),layer,22,0.011605420524691358,-0.026109423225308643,0.05083459924768515,0.46296296296296297,108,2.7776386046667163,0.0009945368662087556,-0.0022374703180957876,0.004356316337112248
Qwen3-30B-A3B-Base,STR (donor mean),layer,23,0.02626372914255401,-0.006307649965639466,0.057505787037037,0.5092592592592593,108,2.832046524150136,0.0022506937013457243,-0.0005405396914848695,0.004928009726748256
Qwen3-30B-A3B-Base,STR (donor mean),layer,24,0.01559003665123457,-0.02655632113233024,0.054620225694444434,0.46296296296296297,108,2.790793817665106,0.0013360021002436547,-0.002275767632959898,0.004680728972999657
Qwen3-30B-A3B-Base,STR (donor mean),layer,25,0.03295476466049383,-0.011875542534722214,0.08094015239197526,0.5462962962962963,108,3.222240383444745,0.002824087959791204,-0.0010176852128609543,0.006936238573958526
Qwen3-30B-A3B-Base,STR (donor mean),layer,26,0.034018132716049386,-0.026824604552469128,0.09016300154320986,0.5370370370370371,108,3.1337778118841437,0.002915214234048021,-0.0022987584200109164,0.007726598860590955
Qwen3-30B-A3B-Base,STR (donor mean),layer,27,0.08471016589506172,0.03005304783950617,0.13811420958719134,0.5833333333333334,108,3.692804402352115,0.007259313244708038,0.0025754227479076346,0.011835820415942883
Qwen3-30B-A3B-Base,STR (donor mean),layer,28,0.2619116512345679,0.1574529803240741,0.37042920524691353,0.7685185185185185,108,4.483530731149663,0.022444752629876382,0.013493073628273202,0.03174426124022446
Qwen3-30B-A3B-Base,STR (donor mean),layer,29,0.10206645447530864,0.053897629726080254,0.15220311294367264,0.6018518518518519,108,3.686512631509039,0.008746675879856725,0.004618805466791242,0.013043181559182935
Qwen3-30B-A3B-Base,STR (donor mean),layer,30,0.09995659722222222,0.02365101755401235,0.17923008294753087,0.5740740740740741,108,4.746572219920747,0.008565869780140817,0.002026795050706813,0.015359281867100907
Qwen3-30B-A3B-Base,STR (donor mean),layer,31,0.13893470293209878,0.05780086564429013,0.22464518229166663,0.5555555555555556,108,4.904409425972421,0.01190613332517812,0.00495329675126567,0.01925116932470575
Qwen3-30B-A3B-Base,STR (donor mean),layer,32,0.07877845293209876,0.024444685570987664,0.13235646942515425,0.5833333333333334,108,4.516975656961217,0.006750989810078174,0.0020948091395313747,0.011342405735706731
Qwen3-30B-A3B-Base,STR (donor mean),layer,33,0.1488459080825617,0.09940500518422067,0.1967028356481481,0.6944444444444444,108,4.553006231232926,0.012755482893315,0.008518600608314374,0.016856624998953906
Qwen3-30B-A3B-Base,STR (donor mean),layer,34,0.08245322145061731,0.028799430941358027,0.14150782455632716,0.5555555555555556,108,4.173290348163358,0.007065902376897654,0.0024679929293450063,0.012126639278503076
Qwen3-30B-A3B-Base,STR (donor mean),layer,35,0.055196277006172835,0.01335792824074074,0.10196572386188268,0.5277777777777778,108,4.152212812208835,0.004730094204110663,0.0011447195785213513,0.008738043680067429
Qwen3-30B-A3B-Base,STR (donor mean),layer,36,0.04935257523148148,0.011659463011188271,0.08646023220486108,0.5555555555555556,108,4.357335080887064,0.004229312966783234,0.0009991680853057643,0.0074092867385338185
Qwen3-30B-A3B-Base,STR (donor mean),layer,37,0.14041039737654323,0.07919505931712965,0.20303017698688267,0.7222222222222222,108,6.143891171319985,0.01203259427720799,0.006786691265939223,0.017398852160224784
Qwen3-30B-A3B-Base,STR (donor mean),layer,38,0.16339940200617284,0.11206808207947529,0.21731975790895058,0.6666666666666666,108,5.964168733174419,0.014002657539712512,0.009603774280838572,0.01862341054649212
Qwen3-30B-A3B-Base,STR (donor mean),layer,39,0.10140215084876542,0.04776306905864197,0.15511670524691354,0.5740740740740741,108,7.2625740866234265,0.00868974778788903,0.004093098817145833,0.01329286445111349
Qwen3-30B-A3B-Base,STR (donor mean),layer,40,0.7913266782407407,0.6263038315007715,0.9769090591242283,0.8888888888888888,108,10.129425260534992,0.06781344571276193,0.05367166562815087,0.08371709341899893
Qwen3-30B-A3B-Base,STR (donor mean),layer,41,0.44010416666666674,0.3513401813271605,0.5337702546296296,0.8796296296296297,108,10.785545288339073,0.037715119223025576,0.03010841030421195,0.04574191819980769
Qwen3-30B-A3B-Base,STR (donor mean),layer,42,1.2101007908950618,1.0272231867283952,1.4035514925733026,0.9351851851851852,108,14.80369279016683,0.10370066692654532,0.08802880747425557,0.12027859740339714
Qwen3-30B-A3B-Base,STR (donor mean),layer,43,1.2627338927469136,0.9949878833912037,1.5428580126350304,0.8888888888888888,108,23.58201775043099,0.10821110754894397,0.08526637439446748,0.1322165939292337
Qwen3-30B-A3B-Base,STR (donor mean),layer,44,2.077230420524691,1.775191936728395,2.4061568648726843,0.9259259259259259,108,29.908233442718604,0.17801011418990034,0.15212665684252422,0.2061977593061674
Qwen3-30B-A3B-Base,STR (donor mean),layer,45,0.011127989969135818,-0.23571349344135803,0.24617066936728388,0.48148148148148145,108,27.9072219926634,0.0009536230287873288,-0.0201996781238154,0.02109581514467019
Qwen3-30B-A3B-Base,STR (donor mean),layer,46,-0.3159119405864197,-0.4911497516396605,-0.13314597800925929,0.3888888888888889,108,26.1831355901412,-0.02707235560489094,-0.04208951617010941,-0.011410063378220432
Qwen3-30B-A3B-Base,STR (donor mean),layer,47,-0.280688175154321,-0.5114986014660494,-0.06045090663580255,0.42592592592592593,108,39.57803169533059,-0.02405382359957669,-0.04383332901120658,-0.005180394378397419
Qwen3-30B-A3B-Base,STR (donor mean),block,0,0.028994261188271604,-0.00036675347222222247,0.06252414279513883,0.46296296296296297,108,0.2534790866973775,0.002484689081181629,-3.1429266019187994e-05,0.005358062200811103
Qwen3-30B-A3B-Base,STR (donor mean),block,1,0.034173659336419755,-0.0005370490933641961,0.0826721643518518,0.4444444444444444,108,0.41231007684988,0.002928542226541365,-4.602290121054322e-05,0.007084664884159595
Qwen3-30B-A3B-Base,STR (donor mean),block,2,0.011864631558641977,-0.017341338734567897,0.04660686728395061,0.4074074074074074,108,0.5627421632087157,0.0010167501870309958,-0.0014860814947849838,0.003994017074501515
Qwen3-30B-A3B-Base,STR (donor mean),block,3,0.02382691936728396,-0.016764292775848764,0.0648734989872685,0.48148148148148145,108,0.8286359492137477,0.0020418691135345567,-0.0014366310265126834,0.005559392375789051
Qwen3-30B-A3B-Base,STR (donor mean),block,4,0.015827546296296298,-0.029922357253086423,0.06991054205246909,0.4537037037037037,108,0.9771097805305028,0.0013563557011831025,-0.0025642231015023755,0.005991046275306523
Qwen3-30B-A3B-Base,STR (donor mean),block,5,0.009724934895833337,-0.020052437487943667,0.04026844165943286,0.46296296296296297,108,1.1710412626373181,0.0008333869724762496,-0.0017184115212952906,0.003450840035471057
Qwen3-30B-A3B-Base,STR (donor mean),block,6,0.07541112075617284,0.029275505160108024,0.1251941068672839,0.5833333333333334,108,1.6374888162002152,0.006462423274931587,0.0025087905342737597,0.010728620686056862
Qwen3-30B-A3B-Base,STR (donor mean),block,7,0.042113956404320994,-0.009150028935185182,0.10099407431520052,0.4444444444444444,108,1.881542011010058,0.0036089930681007737,-0.0007841198932479459,0.008654777305259685
Qwen3-30B-A3B-Base,STR (donor mean),block,8,-0.0010067033179012397,-0.039950086805555556,0.03847204137731479,0.4722222222222222,108,1.7686345664623346,-8.627033900730472e-05,-0.0034235583322321387,0.0032968959105482984
Qwen3-30B-A3B-Base,STR (donor mean),block,9,0.008457513503086418,-0.026651716820987652,0.04826391902970676,0.4166666666666667,108,1.9365695725988459,0.000724774165432622,-0.002283942651611339,0.004136019602274105
Qwen3-30B-A3B-Base,STR (donor mean),block,10,-0.01848234953703704,-0.05597987798996913,0.0201661964699074,0.3611111111111111,108,1.6337734091153118,-0.0015838614335113468,-0.004797245589545151,0.0017281601987503298
Qwen3-30B-A3B-Base,STR (donor mean),block,11,0.03496636284722222,-0.007279324001736111,0.07693689416956015,0.48148148148148145,108,2.0646767071367784,0.0029964736611489125,-0.0006238081649348371,0.006593175788885424
Qwen3-30B-A3B-Base,STR (donor mean),block,12,0.02015335648148148,-0.016698857060185188,0.060648148148148145,0.5,108,1.926070191260473,0.0017270598644863451,-0.001431023454477209,0.005197297165776568
Qwen3-30B-A3B-Base,STR (donor mean),block,13,0.015661168981481486,-0.026918282214506168,0.05528247974537034,0.5092592592592593,108,2.0801968302623726,0.0013420978487483626,-0.002306786210838303,0.004737481424756196
Qwen3-30B-A3B-Base,STR (donor mean),block,14,0.0886453510802469,0.03656081211419754,0.14290020978009255,0.5370370370370371,108,2.503922106619971,0.007596542450121022,0.003133111413648506,0.012245960972538444
Qwen3-30B-A3B-Base,STR (donor mean),block,15,0.036294970100308646,-0.016173834153163587,0.08387910819347986,0.5555555555555556,108,2.6675935867391987,0.0031103298450843014,-0.0013860311480350467,0.007188095013502078
Qwen3-30B-A3B-Base,STR (donor mean),block,16,0.25170235339506175,0.16507462866512346,0.3489332561728395,0.8055555555555556,108,3.5079399194246457,0.02156985774279393,0.014146217582886943,0.02990214670565604
Qwen3-30B-A3B-Base,STR (donor mean),block,17,0.0747365692515432,0.030663700810185185,0.1186261513792438,0.6018518518518519,108,2.6518385687360055,0.00640461698190813,0.0026277531990539817,0.010165773880585526
Qwen3-30B-A3B-Base,STR (donor mean),block,18,0.09010898919753085,0.01682508680555555,0.18094593942901227,0.5555555555555556,108,3.720196161005232,0.007721970224438228,0.0014418408251287828,0.015506323719167003
Qwen3-30B-A3B-Base,STR (donor mean),block,19,0.05519145447530863,-0.008996491608796295,0.12088565779320985,0.5648148148148148,108,3.8013268160967177,0.004729680933025598,-0.0007709623750771913,0.010359404298659855
Qwen3-30B-A3B-Base,STR (donor mean),block,20,-0.008538441599151233,-0.05515416651596258,0.03986865385079088,0.4444444444444444,108,3.4615140032989014,-0.0007317093708288678,-0.004726485508081156,0.0034165798625191736
Qwen3-30B-A3B-Base,STR (donor mean),block,21,-0.014576099537037038,-0.08241337528935185,0.036463155864197426,0.5092592592592593,108,3.388570615906774,-0.001249111854608753,-0.007062487724557302,0.0031247426741759315
Qwen3-30B-A3B-Base,STR (donor mean),block,22,0.00041232638888888835,-0.04534342447916667,0.04818214699074073,0.4537037037037037,108,3.0656468727522426,3.533467777305152e-05,-0.0038857452161030676,0.0041290120744379745
Qwen3-30B-A3B-Base,STR (donor mean),block,23,0.03248336226851852,-0.014164074556327157,0.07875629943094126,0.5092592592592593,108,3.298247778857196,0.0027836907112261068,-0.0012138030062785175,0.006749091346031149
Qwen3-30B-A3B-Base,STR (donor mean),block,24,0.041493055555555554,0.0004627218364197525,0.08163628472222222,0.5092592592592593,108,3.202849304657659,0.003555784415898663,3.9653360611980043e-05,0.006995894255087652
Qwen3-30B-A3B-Base,STR (donor mean),block,25,0.008716724537037038,-0.05143416039737655,0.06985966435185176,0.48148148148148145,108,3.7065237537394333,0.0007469874862548623,-0.0044076962647629486,0.005986686265359083
Qwen3-30B-A3B-Base,STR (donor mean),block,26,0.15041956018518515,0.08438030478395062,0.21181929976851846,0.7037037037037037,108,4.1897512614727015,0.012890338414260249,0.007231045502489598,0.018152043878644185
Qwen3-30B-A3B-Base,STR (donor mean),block,27,0.1194999035493827,0.0636251567322531,0.1748054108796296,0.6296296296296297,108,4.391996280554636,0.010240650852366447,0.005452414572475714,0.014980105646553832
Qwen3-30B-A3B-Base,STR (donor mean),block,28,1.092947048611111,0.8673875747492283,1.3459217664930554,0.9351851851851852,108,5.916831621086156,0.09366107245706295,0.07433155210051745,0.11533996660976269
Qwen3-30B-A3B-Base,STR (donor mean),block,29,0.10051359953703705,0.04999162085262346,0.15551902488425923,0.6111111111111112,108,4.201346604250095,0.008613602590465818,0.0042840765514429,0.013327341591385032
Qwen3-30B-A3B-Base,STR (donor mean),block,30,0.15916039737654322,0.0712668185763889,0.2507443576388889,0.6111111111111112,108,5.445002764426631,0.01363939225594044,0.0061072736020924764,0.02148776144174578
Qwen3-30B-A3B-Base,STR (donor mean),block,31,0.1798490547839506,0.0912132282021605,0.27076250241126537,0.6203703703703703,108,5.523457263833211,0.01541232521086899,0.007816598971140972,0.02320323421818461
Qwen3-30B-A3B-Base,STR (donor mean),block,32,0.07432243441358025,0.021008692611882717,0.12859809027777772,0.5740740740740741,108,5.089701683506554,0.006369127327478179,0.001800358657311174,0.011020328081449942
Qwen3-30B-A3B-Base,STR (donor mean),block,33,0.16456012490354938,0.11349123354311343,0.21638044945987653,0.7407407407407407,108,5.10478875350069,0.014102126723999077,0.009725732515249446,0.0185429156708986
Qwen3-30B-A3B-Base,STR (donor mean),block,34,0.08041811342592593,0.02556610484182098,0.13906153549382713,0.5648148148148148,108,4.660091891848011,0.006891501979000252,0.0021909101644746595,0.011917002354715324
Qwen3-30B-A3B-Base,STR (donor mean),block,35,0.06527536651234568,0.01878616898148148,0.12139588155864196,0.5648148148148148,108,4.8232487762047915,0.005593830771896369,0.001609897511870437,0.010403128379459725
Qwen3-30B-A3B-Base,STR (donor mean),block,36,0.060112847222222224,0.018021797839506176,0.10464289158950611,0.5370370370370371,108,4.914295369092328,0.00515142407533436,0.001544394044887646,0.008967465957052658
Qwen3-30B-A3B-Base,STR (donor mean),block,37,0.18977864583333334,0.11477020640432098,0.270246551890432,0.7314814814814815,108,6.803050187929176,0.016263250375017684,0.009835335235689018,0.023159019377971223
Qwen3-30B-A3B-Base,STR (donor mean),block,38,0.36013937114197536,0.2784821084104938,0.44680031105324075,0.8055555555555556,108,7.551199608158181,0.030862464726021426,0.02386477274171374,0.03828895129052679
Qwen3-30B-A3B-Base,STR (donor mean),block,39,0.1956621334876543,0.1252170138888889,0.26633656442901227,0.6574074074074074,108,8.096529612938562,0.016767441098796895,0.010730583723710925,0.022823949513977704
Qwen3-30B-A3B-Base,STR (donor mean),block,40,4.735149016203703,4.251531696084104,5.240952389564042,1.0,108,15.060970047521003,0.40578281963909657,0.3643388019085272,0.44912809099650713
Qwen3-30B-A3B-Base,STR (donor mean),block,41,0.4679060570987654,0.3756825086805555,0.564255039544753,0.8888888888888888,108,11.9718673200519,0.0400976270284249,0.032194447764962816,0.04835433904160576
Qwen3-30B-A3B-Base,STR (donor mean),block,42,1.2836154513888887,1.096378761574074,1.4782399570794753,0.9166666666666666,108,16.12283023007122,0.1100005713472751,0.09395515616119517,0.12667909200623173
Qwen3-30B-A3B-Base,STR (donor mean),block,43,3.743279803240741,3.2941348982445984,4.224841157889661,0.9907407407407407,108,27.760440896175524,0.3207837024894521,0.2822938291291438,0.3620515324246812
Qwen3-30B-A3B-Base,STR (donor mean),block,44,2.1186656057098765,1.8138295717592594,2.4457285035686724,0.9351851851851852,108,30.32883912840007,0.18156093935277826,0.15543774344895595,0.2095888861899991
Qwen3-30B-A3B-Base,STR (donor mean),block,45,0.1443889853395062,-0.10386682581018516,0.38447645399305547,0.5555555555555556,108,28.37543286717968,0.012373542922386557,-0.008900960307688588,0.03294805275446728
Qwen3-30B-A3B-Base,STR (donor mean),block,46,-0.3931785300925925,-0.5808057846257716,-0.1957687114197531,0.37037037037037035,108,27.05215255978667,-0.033693784929801254,-0.04977266990788291,-0.016776574389776835
Qwen3-30B-A3B-Base,STR (donor mean),block,47,-0.10112606095679012,-0.3519614438657407,0.14351327401620365,0.5370370370370371,108,43.60862729372802,-0.008666088018269064,-0.030161649951745435,0.012298498059227322
Qwen3-30B-A3B-Base,STR (first donor),attn_layer,0,0.02546296296296296,-0.017361111111111112,0.07118055555555555,0.39814814814814814,108,0.20432247309428123,0.002201430930104568,-0.0015009756341622055,0.006154000100065042
Qwen3-30B-A3B-Base,STR (first donor),attn_layer,1,0.019675925925925927,-0.026041666666666668,0.07466724537037016,0.32407407407407407,108,0.3050109790983023,0.0017011057187171664,-0.0022514634512433083,0.006455446039925933
Qwen3-30B-A3B-Base,STR (first donor),attn_layer,2,0.03009259259259259,-0.019675925925925927,0.08564814814814815,0.3888888888888889,108,0.3571689385506842,0.002601691099214489,-0.0017011057187171664,0.007404813128533547
Qwen3-30B-A3B-Base,STR (first donor),attn_layer,3,0.006944444444444444,-0.041087962962962965,0.05844907407407408,0.3148148148148148,108,0.5163520142711975,0.0006003902536648822,-0.003552309000850553,0.005053284635012758
Qwen3-30B-A3B-Base,STR (first donor),attn_layer,4,0.048032407407407406,-0.005208333333333333,0.10648148148148148,0.4166666666666667,108,0.5895986207933338,0.004152699254515435,-0.00045029269024866164,0.009205983889528193
Qwen3-30B-A3B-Base,STR (first donor),attn_layer,5,0.023148148148148147,-0.01273148148148148,0.0630787037037037,0.3888888888888889,108,0.6080837797511507,0.002001300845549607,-0.001100715465052284,0.00545354480412268
Qwen3-30B-A3B-Base,STR (first donor),attn_layer,6,0.09780092592592593,0.031828703703703706,0.17418981481481483,0.4537037037037037,108,1.0527560481870617,0.008455496072447092,0.00275178866263071,0.015059788862760796
Qwen3-30B-A3B-Base,STR (first donor),attn_layer,7,0.034722222222222224,-0.024898726851851846,0.10358796296296297,0.3425925925925926,108,1.0242301158055112,0.003001951268324411,-0.0021526492219942957,0.008955821283834493
Qwen3-30B-A3B-Base,STR (first donor),attn_layer,8,-0.03935185185185185,-0.09085648148148148,0.013310185185185185,0.25925925925925924,108,0.7759137252966563,-0.0034022114374343327,-0.007855105818782208,0.0011507479861910242
Qwen3-30B-A3B-Base,STR (first donor),attn_layer,9,-0.02488425925925926,-0.06481481481481481,0.016203703703703703,0.26851851851851855,108,0.9986750475234456,-0.002151398408965828,-0.0056036423675389,0.001400910591884725
Qwen3-30B-A3B-Base,STR (first donor),attn_layer,10,0.005208333333333333,-0.03761574074074074,0.052083333333333336,0.3333333333333333,108,0.7176508616518091,0.00045029269024866164,-0.003252113874018112,0.004502926902486617
Qwen3-30B-A3B-Base,STR (first donor),attn_layer,11,0.008680555555555556,-0.03530092592592592,0.05613425925925926,0.37037037037037035,108,1.0895475143635716,0.0007504878170811027,-0.003051983789463151,0.0048531545504577975
Qwen3-30B-A3B-Base,STR (first donor),attn_layer,12,0.031828703703703706,-0.001736111111111111,0.06481481481481481,0.42592592592592593,108,0.8551163158758923,0.00275178866263071,-0.00015009756341622055,0.0056036423675389
Qwen3-30B-A3B-Base,STR (first donor),attn_layer,13,-0.019675925925925927,-0.05439814814814815,0.015625,0.3148148148148148,108,0.9911285219369111,-0.0017011057187171664,-0.004703056987041577,0.0013508780707459848
Qwen3-30B-A3B-Base,STR (first donor),attn_layer,14,0.078125,0.024869791666666672,0.13541666666666666,0.46296296296296297,108,1.5866850884976211,0.0067543903537299246,0.0021501475959373596,0.011707609946465202
Qwen3-30B-A3B-Base,STR (first donor),attn_layer,15,0.06539351851851852,0.02141203703703704,0.11342592592592593,0.4722222222222222,108,1.3655122496463634,0.00565367488867764,0.0018512032821333868,0.009806374143193077
Qwen3-30B-A3B-Base,STR (first donor),attn_layer,16,0.1880787037037037,0.1099537037037037,0.27372685185185186,0.6296296296296297,108,2.2162076416942806,0.016260569370090558,0.009506179016360635,0.023665382498624106
Qwen3-30B-A3B-Base,STR (first donor),attn_layer,17,0.03356481481481482,-0.006944444444444444,0.0763888888888889,0.39814814814814814,108,1.3831153925922182,0.002901886226046931,-0.0006003902536648822,0.0066042927903137046
Qwen3-30B-A3B-Base,STR (first donor),attn_layer,18,0.0625,0.013888888888888888,0.11747685185185185,0.4166666666666667,108,1.946116538511382,0.005403512282983939,0.0012007805073297644,0.010156601791164257
Qwen3-30B-A3B-Base,STR (first donor),attn_layer,19,0.023148148148148147,-0.03878761574074074,0.0787037037037037,0.42592592592592593,108,1.9464298023117914,0.002001300845549607,-0.0033534297293240606,0.0068044228748686654
Qwen3-30B-A3B-Base,STR (first donor),attn_layer,20,0.02025462962962963,-0.02199074074074074,0.06770833333333333,0.3333333333333333,108,1.592606720549089,0.0017511382398559064,-0.001901235803272127,0.005853804973232601
Qwen3-30B-A3B-Base,STR (first donor),attn_layer,21,0.009837962962962963,-0.02662037037037037,0.046296296296296294,0.3425925925925926,108,1.7730863922172122,0.0008505528593585832,-0.0023014959723820483,0.004002601691099214
Qwen3-30B-A3B-Base,STR (first donor),attn_layer,22,0.03356481481481482,0.0011574074074074073,0.06712962962962964,0.37962962962962965,108,1.3399308257632785,0.002901886226046931,0.00010006504227748036,0.005803772452093862
Qwen3-30B-A3B-Base,STR (first donor),attn_layer,23,0.0625,0.018518518518518517,0.10821759259259259,0.48148148148148145,108,1.7620763099855847,0.005403512282983939,0.0016010406764396857,0.009356081452944413
Qwen3-30B-A3B-Base,STR (first donor),attn_layer,24,0.032407407407407406,-0.0017505787037036986,0.06712962962962964,0.4074074074074074,108,1.6305590387847688,0.00280182118376945,-0.00015134837644468861,0.005803772452093862
Qwen3-30B-A3B-Base,STR (first donor),attn_layer,25,-0.01099537037037037,-0.0642361111111111,0.04282407407407408,0.37037037037037035,108,1.8731511527741398,-0.0009506179016360635,-0.005553609846400159,0.0037024065642667736
Qwen3-30B-A3B-Base,STR (first donor),attn_layer,26,0.109375,0.056712962962962965,0.16319444444444445,0.5277777777777778,108,2.8520982254434517,0.009456146495221895,0.004903187071596538,0.014109170961124731
Qwen3-30B-A3B-Base,STR (first donor),attn_layer,27,0.07118055555555555,0.008680555555555556,0.14641203703703703,0.4444444444444444,108,2.4137839564570673,0.006154000100065042,0.0007504878170811027,0.012658227848101266
Qwen3-30B-A3B-Base,STR (first donor),attn_layer,28,0.8258101851851852,0.6429108796296296,1.0266348379629628,0.8611111111111112,108,3.7975380100585796,0.07139640766498224,0.0555836293590834,0.08875894331315354
Qwen3-30B-A3B-Base,STR (first donor),attn_layer,29,0.017939814814814815,-0.010416666666666666,0.045717592592592594,0.37037037037037035,108,1.9581308629777696,0.0015510081553009457,-0.0009005853804973233,0.003952569169960475
Qwen3-30B-A3B-Base,STR (first donor),attn_layer,30,0.05497685185185185,0.007523148148148148,0.10590277777777778,0.4722222222222222,108,2.629860540231069,0.0047530895081803175,0.0006504227748036223,0.009155951368389453
Qwen3-30B-A3B-Base,STR (first donor),attn_layer,31,0.06539351851851852,0.018518518518518517,0.11400462962962964,0.5,108,2.4778044334164373,0.00565367488867764,0.0016010406764396857,0.009856406664331817
Qwen3-30B-A3B-Base,STR (first donor),attn_layer,32,0.005208333333333333,-0.03126446759259259,0.04341724537037016,0.35185185185185186,108,2.2330022045859583,0.00045029269024866164,-0.0027030069545204384,0.0037536898984339637
Qwen3-30B-A3B-Base,STR (first donor),attn_layer,33,0.03414351851851852,0.004050925925925926,0.06712962962962964,0.37962962962962965,108,2.3128339101870856,0.0029519187471856705,0.00035022764797118126,0.005803772452093862
Qwen3-30B-A3B-Base,STR (first donor),attn_layer,34,0.013888888888888888,-0.01099537037037037,0.03935185185185185,0.37962962962962965,108,2.003156899853989,0.0012007805073297644,-0.0009506179016360635,0.0034022114374343327
Qwen3-30B-A3B-Base,STR (first donor),attn_layer,35,0.03819444444444445,0.0005787037037037037,0.0798611111111111,0.4074074074074074,108,2.457786911615619,0.0033021463951568523,5.003252113874018e-05,0.006904487917146145
Qwen3-30B-A3B-Base,STR (first donor),attn_layer,36,0.028935185185185185,-0.007523148148148148,0.07175925925925926,0.3425925925925926,108,2.196955324874984,0.002501626056937009,-0.0006504227748036223,0.006204032621203783
Qwen3-30B-A3B-Base,STR (first donor),attn_layer,37,0.04456018518518518,-0.003472222222222222,0.0931712962962963,0.4444444444444444,108,2.8400055909598314,0.0038525041276829936,-0.0003001951268324411,0.00805523590333717
Qwen3-30B-A3B-Base,STR (first donor),attn_layer,38,0.22511574074074073,0.16377314814814814,0.28877314814814814,0.75,108,4.438813700720116,0.01946265072296993,0.014159203482263471,0.02496622804823135
Qwen3-30B-A3B-Base,STR (first donor),attn_layer,39,0.12268518518518519,0.07465277777777778,0.17592592592592593,0.5740740740740741,108,3.5023794803354473,0.010606894481412919,0.006454195226897484,0.015209886426177016
Qwen3-30B-A3B-Base,STR (first donor),attn_layer,40,3.876736111111111,3.4091145833333334,4.371527777777778,0.9907407407407407,108,10.248229362346509,0.3351678591084205,0.2947390804022615,0.3779456646820433
Qwen3-30B-A3B-Base,STR (first donor),attn_layer,41,0.03530092592592592,-0.001736111111111111,0.07233796296296297,0.48148148148148145,108,5.051054339717935,0.003051983789463151,-0.00015009756341622055,0.006254065142342523
Qwen3-30B-A3B-Base,STR (first donor),attn_layer,42,0.07465277777777778,0.030671296296296297,0.12210648148148148,0.4537037037037037,108,5.886074735058679,0.006454195226897484,0.0026517236203532297,0.010556861960274179
Qwen3-30B-A3B-Base,STR (first donor),attn_layer,43,2.4056712962962963,2.074074074074074,2.76216724537037,0.9814814814814815,108,13.070582308151105,0.20798519037374294,0.1793165557612448,0.23880647420823534
Qwen3-30B-A3B-Base,STR (first donor),attn_layer,44,0.03356481481481482,0.004629629629629629,0.061921296296296294,0.4166666666666667,108,3.5974005107526428,0.002901886226046931,0.0004002601691099214,0.005353479761845199
Qwen3-30B-A3B-Base,STR (first donor),attn_layer,45,0.11168981481481481,0.043402777777777776,0.19270833333333334,0.4351851851851852,108,3.860294769483584,0.009656276579776855,0.0037524390854055136,0.01666082953920048
Qwen3-30B-A3B-Base,STR (first donor),attn_layer,46,-0.07696759259259259,-0.15914351851851852,-0.005208333333333333,0.4166666666666667,108,6.279509475937596,-0.006654325311452444,-0.013758943313153551,-0.00045029269024866164
Qwen3-30B-A3B-Base,STR (first donor),attn_layer,47,0.1707175925925926,0.10648148148148148,0.2378472222222222,0.5740740740740741,108,14.151006230601558,0.014759593735928353,0.009205983889528193,0.020563366188022215
Qwen3-30B-A3B-Base,STR (first donor),layer,0,0.01678240740740741,-0.02141203703703704,0.05844907407407408,0.3148148148148148,108,0.16572859572005216,0.0014509431130234655,-0.0018512032821333868,0.005053284635012758
Qwen3-30B-A3B-Base,STR (first donor),layer,1,-0.004050925925925926,-0.045717592592592594,0.03877314814814815,0.3148148148148148,108,0.2877681891054467,-0.00035022764797118126,-0.003952569169960475,0.0033521789162955923
Qwen3-30B-A3B-Base,STR (first donor),layer,2,0.009837962962962963,-0.034722222222222224,0.06018518518518518,0.32407407407407407,108,0.4360713824215863,0.0008505528593585832,-0.003001951268324411,0.005203382198428978
Qwen3-30B-A3B-Base,STR (first donor),layer,3,0.03530092592592592,-0.007523148148148148,0.08159722222222222,0.3611111111111111,108,0.6342474484333286,0.003051983789463151,-0.0006504227748036223,0.0070545854805623654
Qwen3-30B-A3B-Base,STR (first donor),layer,4,0.017939814814814815,-0.028935185185185185,0.07061631944444423,0.3425925925925926,108,0.7908831324290346,0.0015510081553009457,-0.002501626056937009,0.0061052183919547524
Qwen3-30B-A3B-Base,STR (first donor),layer,5,0.0023148148148148147,-0.052083333333333336,0.0630787037037037,0.3333333333333333,108,0.9975625265527654,0.0002001300845549607,-0.004502926902486617,0.00545354480412268
Qwen3-30B-A3B-Base,STR (first donor),layer,6,0.056712962962962965,0.0005787037037037037,0.11516203703703703,0.46296296296296297,108,1.3025974807915863,0.004903187071596538,5.003252113874018e-05,0.009956471706609297
Qwen3-30B-A3B-Base,STR (first donor),layer,7,0.006944444444444444,-0.06712962962962964,0.09550057870370349,0.2962962962962963,108,1.5654398547830406,0.0006003902536648822,-0.005803772452093862,0.00825661680092058
Qwen3-30B-A3B-Base,STR (first donor),layer,8,-0.006076388888888889,-0.08564814814814815,0.0625,0.39814814814814814,108,1.548294713375745,-0.000525341471956772,-0.007404813128533547,0.005403512282983939
Qwen3-30B-A3B-Base,STR (first donor),layer,9,-0.01273148148148148,-0.06077835648148148,0.03356481481481482,0.37962962962962965,108,1.6580831949357633,-0.001100715465052284,-0.005254665532596187,0.002901886226046931
Qwen3-30B-A3B-Base,STR (first donor),layer,10,-0.01273148148148148,-0.078125,0.0492042824074072,0.3333333333333333,108,1.430965395713294,-0.001100715465052284,-0.0067543903537299246,0.004254015109821366
Qwen3-30B-A3B-Base,STR (first donor),layer,11,-0.0005787037037037037,-0.046875,0.045732060185184976,0.3611111111111111,108,1.7347394537042689,-5.003252113874018e-05,-0.004052634212237955,0.0039538199829889245
Qwen3-30B-A3B-Base,STR (first donor),layer,12,0.03819444444444445,-0.008680555555555556,0.08391203703703703,0.49074074074074076,108,1.6995211574766371,0.0033021463951568523,-0.0007504878170811027,0.007254715565117326
Qwen3-30B-A3B-Base,STR (first donor),layer,13,-0.01273148148148148,-0.08508391203703704,0.047453703703703706,0.4074074074074074,108,1.788209393620491,-0.001100715465052284,-0.007356031420423275,0.004102666733376695
Qwen3-30B-A3B-Base,STR (first donor),layer,14,0.02025462962962963,-0.03877314814814815,0.07465277777777778,0.37962962962962965,108,1.9074146913157568,0.0017511382398559064,-0.0033521789162955923,0.006454195226897484
Qwen3-30B-A3B-Base,STR (first donor),layer,15,0.019675925925925927,-0.037037037037037035,0.07465277777777778,0.4074074074074074,108,2.23320850122858,0.0017011057187171664,-0.0032020813528793714,0.006454195226897484
Qwen3-30B-A3B-Base,STR (first donor),layer,16,0.08912037037037036,0.029513888888888888,0.15046296296296297,0.5092592592592593,108,2.6396012057860694,0.007705008255365987,0.002551658578075749,0.013008455496072447
Qwen3-30B-A3B-Base,STR (first donor),layer,17,0.043402777777777776,-0.01273148148148148,0.10416666666666667,0.4537037037037037,108,2.2310746212800345,0.0037524390854055136,-0.001100715465052284,0.009005853804973233
Qwen3-30B-A3B-Base,STR (first donor),layer,18,0.10011574074074074,-0.005208333333333333,0.21585648148148148,0.48148148148148145,108,3.241145552308471,0.008655626157002052,-0.00045029269024866164,0.01866213038475009
Qwen3-30B-A3B-Base,STR (first donor),layer,19,0.029513888888888888,-0.05441261574074074,0.11517650462962942,0.48148148148148145,108,3.3056883856102273,0.002551658578075749,-0.004704307800070045,0.009957722519637746
Qwen3-30B-A3B-Base,STR (first donor),layer,20,0.03819444444444445,-0.046296296296296294,0.11863425925925926,0.4722222222222222,108,3.0413244024471,0.0033021463951568523,-0.004002601691099214,0.010256666833441737
Qwen3-30B-A3B-Base,STR (first donor),layer,21,-0.0005787037037037037,-0.06944444444444445,0.05846354166666646,0.4074074074074074,108,2.9059661527474723,-5.003252113874018e-05,-0.006003902536648822,0.005054535448041209
Qwen3-30B-A3B-Base,STR (first donor),layer,22,0.012152777777777778,-0.03935185185185185,0.0642361111111111,0.42592592592592593,108,2.74193145721047,0.001050682943913544,-0.0034022114374343327,0.005553609846400159
Qwen3-30B-A3B-Base,STR (first donor),layer,23,0.04976851851851852,0.004629629629629629,0.09953703703703703,0.48148148148148145,108,2.782177017794715,0.004302796817931656,0.0004002601691099214,0.008605593635863312
Qwen3-30B-A3B-Base,STR (first donor),layer,24,0.050347222222222224,-0.0023148148148148147,0.1076388888888889,0.42592592592592593,108,2.753225706241749,0.004352829339070396,-0.0002001300845549607,0.009306048931805675
Qwen3-30B-A3B-Base,STR (first donor),layer,25,0.06018518518518518,-0.006944444444444444,0.13078703703703703,0.4351851851851852,108,3.1856964274689004,0.005203382198428978,-0.0006003902536648822,0.01130734977735528
Qwen3-30B-A3B-Base,STR (first donor),layer,26,0.09664351851851852,0.02776331018518519,0.16550925925925927,0.4537037037037037,108,3.0894071658452353,0.00835543103016961,0.0024003102016310605,0.014309301045679693
Qwen3-30B-A3B-Base,STR (first donor),layer,27,0.09837962962962964,0.031814236111111116,0.16898148148148148,0.5,108,3.6544407462632216,0.008505528593585832,0.002750537849602242,0.014609496172512133
Qwen3-30B-A3B-Base,STR (first donor),layer,28,0.30671296296296297,0.19039351851851852,0.44212962962962965,0.7314814814814815,108,4.42680048390671,0.026517236203532298,0.01646069945464552,0.0382248461499975
Qwen3-30B-A3B-Base,STR (first donor),layer,29,0.1574074074074074,0.09780092592592593,0.22453703703703703,0.5648148148148148,108,3.605004812832232,0.013608845749737331,0.008455496072447092,0.01941261820183119
Qwen3-30B-A3B-Base,STR (first donor),layer,30,0.1371527777777778,0.041666666666666664,0.234375,0.5277777777777778,108,4.646050858276862,0.011857707509881424,0.003602341521989293,0.020263171061189775
Qwen3-30B-A3B-Base,STR (first donor),layer,31,0.15335648148148148,0.07463831018518519,0.234375,0.5,108,4.885243275651225,0.013258618101766149,0.006452944413869015,0.020263171061189775
Qwen3-30B-A3B-Base,STR (first donor),layer,32,0.10185185185185185,0.037037037037037035,0.16898148148148148,0.5,108,4.480945187586325,0.008805723720418272,0.0032020813528793714,0.014609496172512133
Qwen3-30B-A3B-Base,STR (first donor),layer,33,0.1550925925925926,0.09895833333333333,0.21238425925925927,0.6296296296296297,108,4.458182119660908,0.013408715665182369,0.008555561114724572,0.01836193525791765
Qwen3-30B-A3B-Base,STR (first donor),layer,34,0.08680555555555555,0.029513888888888888,0.14584780092592572,0.4722222222222222,108,4.065687709384495,0.007504878170811027,0.002551658578075749,0.012609446139990977
Qwen3-30B-A3B-Base,STR (first donor),layer,35,0.061342592592592594,0.013888888888888888,0.1087962962962963,0.48148148148148145,108,4.064566159689868,0.005303447240706459,0.0012007805073297644,0.009406113974083153
Qwen3-30B-A3B-Base,STR (first donor),layer,36,0.06076388888888889,0.009837962962962963,0.11226851851851852,0.4722222222222222,108,4.258591636463448,0.005253414719567719,0.0008505528593585832,0.009706309100915595
Qwen3-30B-A3B-Base,STR (first donor),layer,37,0.14467592592592593,0.07175925925925926,0.2199074074074074,0.5925925925925926,108,6.0523536845489785,0.012508130284685046,0.006204032621203783,0.01901235803272127
Qwen3-30B-A3B-Base,STR (first donor),layer,38,0.1880787037037037,0.12731481481481483,0.2511574074074074,0.6851851851851852,108,5.789160662227207,0.016260569370090558,0.01100715465052284,0.021714114174213237
Qwen3-30B-A3B-Base,STR (first donor),layer,39,0.1371527777777778,0.0763744212962963,0.19849537037037038,0.6203703703703703,108,7.141789818251574,0.011857707509881424,0.006603041977285237,0.017161154750587885
Qwen3-30B-A3B-Base,STR (first donor),layer,40,0.7228009259259259,0.5624855324074074,0.9068287037037037,0.8425925925925926,108,9.999578548802269,0.062490618902286486,0.04863035973382699,0.07840096062440587
Qwen3-30B-A3B-Base,STR (first donor),layer,41,0.44907407407407407,0.3437355324074074,0.5561342592592593,0.8148148148148148,108,10.56874069681874,0.03882523640366238,0.0297180667433832,0.04808125281432932
Qwen3-30B-A3B-Base,STR (first donor),layer,42,1.1666666666666667,0.9756944444444444,1.3663339120370368,0.8425925925925926,108,14.433154309237445,0.10086556261570022,0.08435483063991595,0.11812803322159401
Qwen3-30B-A3B-Base,STR (first donor),layer,43,1.1811342592592593,0.9137731481481481,1.458362268518518,0.8703703703703703,108,23.61523660907039,0.10211637564416871,0.07900135087807075,0.12608445489568215
Qwen3-30B-A3B-Base,STR (first donor),layer,44,2.0613425925925926,1.7499855324074074,2.3941116898148147,0.8981481481481481,108,30.279239937111182,0.17821584029619253,0.15129709311052184,0.2069857907639966
Qwen3-30B-A3B-Base,STR (first donor),layer,45,0.005208333333333333,-0.2089265046296296,0.2205005787037035,0.4722222222222222,108,28.15624695354038,0.00045029269024866164,-0.018062990944113674,0.01906364136688846
Qwen3-30B-A3B-Base,STR (first donor),layer,46,-0.3420138888888889,-0.5358796296296297,-0.14756944444444445,0.3425925925925926,108,26.061032321718002,-0.029569219992995447,-0.04633011457447341,-0.012758292890378747
Qwen3-30B-A3B-Base,STR (first donor),layer,47,-0.33969907407407407,-0.5717737268518519,-0.11284722222222222,0.37962962962962965,108,38.57857832202205,-0.029369089908440487,-0.049433381698103775,-0.009756341622054335
Qwen3-30B-A3B-Base,STR (first donor),block,0,0.02199074074074074,-0.02141203703703704,0.07003761574074054,0.35185185185185186,108,0.25321336963248475,0.001901235803272127,-0.0018512032821333868,0.006055185870816013
Qwen3-30B-A3B-Base,STR (first donor),block,1,0.03993055555555555,-0.012152777777777778,0.10127314814814815,0.39814814814814814,108,0.41214246509803665,0.0034522439585730723,-0.001050682943913544,0.008755691199279532
Qwen3-30B-A3B-Base,STR (first donor),block,2,0.012152777777777778,-0.03125,0.05846354166666646,0.3425925925925926,108,0.5480576215518845,0.001050682943913544,-0.0027017561414919697,0.005054535448041209
Qwen3-30B-A3B-Base,STR (first donor),block,3,0.030671296296296297,-0.02141203703703704,0.08738425925925926,0.37962962962962965,108,0.809185474973034,0.0026517236203532297,-0.0018512032821333868,0.007554910691949767
Qwen3-30B-A3B-Base,STR (first donor),block,4,0.048032407407407406,-0.016203703703703703,0.12096354166666645,0.42592592592592593,108,0.9710026493778935,0.004152699254515435,-0.001400910591884725,0.010458047731025148
Qwen3-30B-A3B-Base,STR (first donor),block,5,0.027199074074074073,-0.023726851851851853,0.08680555555555555,0.37037037037037035,108,1.1583469074081492,0.0023515284935207883,-0.0020513333666883475,0.007504878170811027
Qwen3-30B-A3B-Base,STR (first donor),block,6,0.14467592592592593,0.06018518518518518,0.24305555555555555,0.48148148148148145,108,1.6124468586511083,0.012508130284685046,0.005203382198428978,0.021013658878270877
Qwen3-30B-A3B-Base,STR (first donor),block,7,0.029513888888888888,-0.03587962962962963,0.09897280092592571,0.4074074074074074,108,1.842218960876818,0.002551658578075749,-0.0031020163106018914,0.008556811927753021
Qwen3-30B-A3B-Base,STR (first donor),block,8,-0.019097222222222224,-0.0931712962962963,0.046296296296296294,0.4351851851851852,108,1.7336538367801242,-0.0016510731975784261,-0.00805523590333717,0.004002601691099214
Qwen3-30B-A3B-Base,STR (first donor),block,9,0.006944444444444444,-0.04513888888888889,0.061935763888888676,0.37037037037037035,108,1.9117867289869874,0.0006003902536648822,-0.003902536648821734,0.00535473057487365
Qwen3-30B-A3B-Base,STR (first donor),block,10,-0.028935185185185185,-0.09895833333333333,0.037037037037037035,0.3333333333333333,108,1.5978673354343131,-0.002501626056937009,-0.008555561114724572,0.0032020813528793714
Qwen3-30B-A3B-Base,STR (first donor),block,11,0.02025462962962963,-0.03935185185185185,0.08043981481481481,0.39814814814814814,108,2.0430743048588433,0.0017511382398559064,-0.0034022114374343327,0.0069545204382848854
Qwen3-30B-A3B-Base,STR (first donor),block,12,0.022569444444444444,-0.02199074074074074,0.06712962962962964,0.3888888888888889,108,1.9065781737919207,0.001951268324410867,-0.001901235803272127,0.005803772452093862
Qwen3-30B-A3B-Base,STR (first donor),block,13,-0.02199074074074074,-0.09780092592592593,0.04052372685185164,0.37962962962962965,108,2.0385640914793366,-0.001901235803272127,-0.008455496072447092,0.0035035272927402632
Qwen3-30B-A3B-Base,STR (first donor),block,14,0.047453703703703706,-0.019097222222222224,0.11168981481481481,0.4537037037037037,108,2.46314048104816,0.004102666733376695,-0.0016510731975784261,0.009656276579776855
Qwen3-30B-A3B-Base,STR (first donor),block,15,0.04456018518518518,-0.017361111111111112,0.10300925925925926,0.46296296296296297,108,2.61039087065944,0.0038525041276829936,-0.0015009756341622055,0.008905788762695752
Qwen3-30B-A3B-Base,STR (first donor),block,16,0.2679398148148148,0.15855034722222225,0.3981626157407405,0.6574074074074074,108,3.443994284779937,0.023165057287236706,0.013707659978986344,0.0344236253564817
Qwen3-30B-A3B-Base,STR (first donor),block,17,0.08275462962962964,0.017939814814814815,0.15393518518518517,0.5185185185185185,108,2.6231106641115964,0.007154650522839846,0.0015510081553009457,0.013308650622904887
Qwen3-30B-A3B-Base,STR (first donor),block,18,0.12789351851851852,0.019675925925925927,0.264482060185185,0.5,108,3.7166193845095457,0.01105718717166158,0.0017011057187171664,0.022866112973432717
Qwen3-30B-A3B-Base,STR (first donor),block,19,0.05381944444444445,-0.0330005787037037,0.14467592592592593,0.5092592592592593,108,3.7687847316265106,0.0046530244659028375,-0.002853104517936659,0.012508130284685046
Qwen3-30B-A3B-Base,STR (first donor),block,20,0.013888888888888888,-0.07061631944444444,0.09606481481481481,0.4074074074074074,108,3.441816853152381,0.0012007805073297644,-0.00610521839195477,0.00830539850903087
Qwen3-30B-A3B-Base,STR (first donor),block,21,-0.02199074074074074,-0.09953703703703703,0.043995949074073865,0.4074074074074074,108,3.3552397003880254,-0.001901235803272127,-0.008605593635863312,0.003803722419572704
Qwen3-30B-A3B-Base,STR (first donor),block,22,-0.007523148148148148,-0.06886574074074074,0.05209780092592572,0.37962962962962965,108,3.03007905681928,-0.0006504227748036223,-0.005953870015510082,0.004504177715515067
Qwen3-30B-A3B-Base,STR (first donor),block,23,0.0787037037037037,0.020833333333333332,0.13948206018518497,0.46296296296296297,108,3.2445269602316396,0.0068044228748686654,0.0018011707609946466,0.012059088407464834
Qwen3-30B-A3B-Base,STR (first donor),block,24,0.07118055555555555,0.011574074074074073,0.13599537037037038,0.4351851851851852,108,3.176723920636707,0.006154000100065042,0.0010006504227748035,0.011757642467603944
Qwen3-30B-A3B-Base,STR (first donor),block,25,0.03298611111111111,-0.03761574074074074,0.10358796296296297,0.4351851851851852,108,3.640736339268861,0.0028518537049081905,-0.003252113874018112,0.008955821283834493
Qwen3-30B-A3B-Base,STR (first donor),block,26,0.2048611111111111,0.12094907407407407,0.2870515046296294,0.5925925925925926,108,4.16623956516937,0.017711512483114023,0.010456796917996699,0.02481738129784358
Qwen3-30B-A3B-Base,STR (first donor),block,27,0.1267361111111111,0.052662037037037035,0.20601851851851852,0.5185185185185185,108,4.3467277476081145,0.010957122129384099,0.004552959423625357,0.017811577525391503
Qwen3-30B-A3B-Base,STR (first donor),block,28,1.1215277777777777,0.8946614583333333,1.392390046296296,0.8888888888888888,108,5.900702284442054,0.09696302596687846,0.07734902686746385,0.12038074748586579
Qwen3-30B-A3B-Base,STR (first donor),block,29,0.15625,0.09722222222222222,0.22337962962962962,0.5925925925925926,108,4.111997502821463,0.013508780707459849,0.008405463551308352,0.01931255315955371
Qwen3-30B-A3B-Base,STR (first donor),block,30,0.18287037037037038,0.0775318287037037,0.29224537037037035,0.5555555555555556,108,5.346504188246197,0.0158102766798419,0.006703107019562716,0.02526642317506379
Qwen3-30B-A3B-Base,STR (first donor),block,31,0.18981481481481483,0.1076244212962963,0.2743055555555556,0.5740740740740741,108,5.48082802913807,0.01641066693350678,0.009304798118777206,0.023715415019762848
Qwen3-30B-A3B-Base,STR (first donor),block,32,0.1111111111111111,0.047453703703703706,0.17881944444444445,0.5370370370370371,108,5.038788671846743,0.009606244058638115,0.004102666733376695,0.015460049031870716
Qwen3-30B-A3B-Base,STR (first donor),block,33,0.18113425925925927,0.12268518518518519,0.24479166666666666,0.6111111111111112,108,4.995568283178188,0.015660179116425678,0.010606894481412919,0.021163756441687095
Qwen3-30B-A3B-Base,STR (first donor),block,34,0.09837962962962964,0.03530092592592592,0.16377314814814814,0.5,108,4.546037292038953,0.008505528593585832,0.003051983789463151,0.014159203482263471
Qwen3-30B-A3B-Base,STR (first donor),block,35,0.06886574074074074,0.019097222222222224,0.12037037037037036,0.5370370370370371,108,4.73149600956175,0.005953870015510082,0.0016510731975784261,0.010406764396857957
Qwen3-30B-A3B-Base,STR (first donor),block,36,0.059027777777777776,0.001736111111111111,0.11921296296296297,0.4537037037037037,108,4.802321788337496,0.005103317156151498,0.00015009756341622055,0.010306699354580479
Qwen3-30B-A3B-Base,STR (first donor),block,37,0.16898148148148148,0.08680555555555555,0.2517361111111111,0.6203703703703703,108,6.710757856015806,0.014609496172512133,0.007504878170811027,0.02176414669535198
Qwen3-30B-A3B-Base,STR (first donor),block,38,0.38252314814814814,0.29398148148148145,0.4722222222222222,0.8240740740740741,108,7.356009353090216,0.03307149647270726,0.02541652073848001,0.04082653724921199
Qwen3-30B-A3B-Base,STR (first donor),block,39,0.23726851851851852,0.16030092592592593,0.31712962962962965,0.6851851851851852,108,7.997205312605257,0.020513333666883474,0.013859008355431031,0.027417821584029622
Qwen3-30B-A3B-Base,STR (first donor),block,40,4.663194444444445,4.133101851851852,5.225130208333333,1.0,108,15.073054605060154,0.4031620553359684,0.3573322659728824,0.45174488417471353
Qwen3-30B-A3B-Base,STR (first donor),block,41,0.4791666666666667,0.3697916666666667,0.5908564814814815,0.8148148148148148,108,11.74230526111744,0.041426927502876874,0.03197078100765498,0.05108320408265373
Qwen3-30B-A3B-Base,STR (first donor),block,42,1.2251157407407407,1.0353009259259258,1.4230324074074074,0.8888888888888888,108,15.720320917941907,0.10591884725071296,0.08950818031720617,0.12302996948016211
Qwen3-30B-A3B-Base,STR (first donor),block,43,3.6024305555555554,3.135966435185185,4.107638888888889,0.9907407407407407,108,27.98258838388655,0.31145244408865763,0.2711237304247761,0.35513083504277787
Qwen3-30B-A3B-Base,STR (first donor),block,44,2.0827546296296298,1.7743055555555556,2.4137731481481484,0.9074074074074074,108,30.693186949800563,0.18006704357832592,0.1533997098113774,0.2086856456696853
Qwen3-30B-A3B-Base,STR (first donor),block,45,0.1328125,-0.08568431712962962,0.3567780671296295,0.5555555555555556,108,28.66546482951553,0.011482463601340871,-0.007407940161104717,0.030845674688547545
Qwen3-30B-A3B-Base,STR (first donor),block,46,-0.4195601851851852,-0.6331018518518519,-0.20713252314814878,0.3333333333333333,108,26.95818113397669,-0.03627357782558663,-0.05473557812578176,-0.017907890128583636
Qwen3-30B-A3B-Base,STR (first donor),block,47,-0.16493055555555555,-0.41608796296296297,0.0763888888888889,0.46296296296296297,108,42.481662335219205,-0.014259268524540951,-0.03597338269875419,0.0066042927903137046
Qwen3-30B-A3B-Base,GN (same cases),attn_layer,0,0.019675925925925927,-0.013888888888888888,0.057291666666666664,0.37037037037037035,108,0.2457890060764772,0.0035918022395943377,-0.002535389816184238,0.010458482991759983
Qwen3-30B-A3B-Base,GN (same cases),attn_layer,1,0.078125,0.014467592592592593,0.1597366898148146,0.37962962962962965,108,0.4638521878255738,0.01426156771603634,0.0026410310585252483,0.029159623917177226
Qwen3-30B-A3B-Base,GN (same cases),attn_layer,2,0.046296296296296294,-0.005208333333333333,0.09953703703703703,0.42592592592592593,108,0.8798130579568721,0.008451299387280793,-0.0009507711810690893,0.01817029368265371
Qwen3-30B-A3B-Base,GN (same cases),attn_layer,3,0.011574074074074073,-0.03415798611111111,0.06076388888888889,0.39814814814814814,108,1.1457431239110452,0.0021128248468201983,-0.0062354743291781105,0.011092330445806042
Qwen3-30B-A3B-Base,GN (same cases),attn_layer,4,0.03009259259259259,-0.015046296296296295,0.0775462962962963,0.3888888888888889,108,1.1233429685235023,0.005493344601732516,-0.002746672300866258,0.014155926473695329
Qwen3-30B-A3B-Base,GN (same cases),attn_layer,5,-0.009837962962962963,-0.05497685185185185,0.03298611111111111,0.3333333333333333,108,1.1474972240350865,-0.0017959011197971689,-0.010035918022395942,0.006021550813437566
Qwen3-30B-A3B-Base,GN (same cases),attn_layer,6,0.022569444444444444,-0.02546296296296296,0.07235243055555535,0.4351851851851852,108,1.4863048372445282,0.004120008451299387,-0.004648214663004436,0.013207796323684727
Qwen3-30B-A3B-Base,GN (same cases),attn_layer,7,-0.027199074074074073,-0.0630787037037037,0.009837962962962963,0.3148148148148148,108,1.4459583897281576,-0.004965138390027466,-0.011514895415170083,0.0017959011197971689
Qwen3-30B-A3B-Base,GN (same cases),attn_layer,8,0.005208333333333333,-0.027777777777777776,0.041087962962962965,0.3425925925925926,108,1.5002508604968037,0.0009507711810690893,-0.005070779632368476,0.007500528206211705
Qwen3-30B-A3B-Base,GN (same cases),attn_layer,9,-0.005787037037037037,-0.043402777777777776,0.029513888888888888,0.3611111111111111,108,1.4417673575657386,-0.0010564124234100991,-0.007923093175575744,0.005387703359391506
Qwen3-30B-A3B-Base,GN (same cases),attn_layer,10,-0.020833333333333332,-0.04861111111111111,0.00753761574074053,0.24074074074074073,108,1.1511396484242544,-0.003803084724276357,-0.008873864356644834,0.0013759771814916158
Qwen3-30B-A3B-Base,GN (same cases),attn_layer,11,0.009837962962962963,-0.02662037037037037,0.048032407407407406,0.3148148148148148,108,1.56827177659229,0.0017959011197971689,-0.004859497147686457,0.008768223114303824
Qwen3-30B-A3B-Base,GN (same cases),attn_layer,12,0.005208333333333333,-0.019675925925925927,0.03009259259259259,0.3333333333333333,108,1.4293032277513433,0.0009507711810690893,-0.0035918022395943377,0.005493344601732516
Qwen3-30B-A3B-Base,GN (same cases),attn_layer,13,-0.019097222222222224,-0.05381944444444445,0.016203703703703703,0.25,108,1.5452261362914685,-0.003486160997253328,-0.009824635537713924,0.002957954785548278
Qwen3-30B-A3B-Base,GN (same cases),attn_layer,14,0.008680555555555556,-0.028949652777777772,0.046875,0.35185185185185186,108,2.081726477101997,0.001584618635115149,-0.005284703148109021,0.008556940629621803
Qwen3-30B-A3B-Base,GN (same cases),attn_layer,15,-0.028356481481481483,-0.052662037037037035,-0.004629629629629629,0.2037037037037037,108,1.6935671899053786,-0.005176420874709486,-0.009613353053031903,-0.0008451299387280793
Qwen3-30B-A3B-Base,GN (same cases),attn_layer,16,0.1394675925925926,0.08912037037037036,0.19328703703703703,0.6666666666666666,108,2.3843193848927817,0.02545953940418339,0.01626875132051553,0.03528417494189731
Qwen3-30B-A3B-Base,GN (same cases),attn_layer,17,-0.02199074074074074,-0.048032407407407406,0.0028935185185185184,0.28703703703703703,108,2.023624485841504,-0.004014367208958377,-0.008768223114303824,0.0005282062117050496
Qwen3-30B-A3B-Base,GN (same cases),attn_layer,18,0.015625,-0.01678240740740741,0.04976851851851852,0.32407407407407407,108,2.409914235273997,0.0028523135432072678,-0.003063596027889288,0.009085146841326854
Qwen3-30B-A3B-Base,GN (same cases),attn_layer,19,0.01678240740740741,-0.017361111111111112,0.05324074074074074,0.37962962962962965,108,2.438895337007664,0.003063596027889288,-0.003169237270230298,0.009718994295372914
Qwen3-30B-A3B-Base,GN (same cases),attn_layer,20,-0.019675925925925927,-0.05497685185185185,0.014467592592592593,0.2777777777777778,108,2.087420306823872,-0.0035918022395943377,-0.010035918022395942,0.0026410310585252483
Qwen3-30B-A3B-Base,GN (same cases),attn_layer,21,-0.009259259259259259,-0.03763020833333333,0.017939814814814815,0.28703703703703703,108,2.2120053381831557,-0.0016902598774561587,-0.00686932178322417,0.0032748785125713076
Qwen3-30B-A3B-Base,GN (same cases),attn_layer,22,-0.005208333333333333,-0.027199074074074073,0.015046296296296295,0.2777777777777778,108,1.7904438177744548,-0.0009507711810690893,-0.004965138390027466,0.002746672300866258
Qwen3-30B-A3B-Base,GN (same cases),attn_layer,23,0.00636574074074074,-0.023726851851851853,0.03761574074074074,0.35185185185185186,108,2.248233773090221,0.001162053665751109,-0.004331290935981407,0.006866680752165645
Qwen3-30B-A3B-Base,GN (same cases),attn_layer,24,0.017939814814814815,-0.008680555555555556,0.04456018518518518,0.3611111111111111,108,2.170918635748051,0.0032748785125713076,-0.001584618635115149,0.008134375660257764
Qwen3-30B-A3B-Base,GN (same cases),attn_layer,25,0.007523148148148148,-0.027777777777777776,0.043402777777777776,0.3611111111111111,108,3.1472029752201505,0.001373336150433129,-0.005070779632368476,0.007923093175575744
Qwen3-30B-A3B-Base,GN (same cases),attn_layer,26,0.04918981481481482,0.007523148148148148,0.09143518518518519,0.49074074074074076,108,3.216203287795738,0.008979505598985844,0.001373336150433129,0.01669131628987957
Qwen3-30B-A3B-Base,GN (same cases),attn_layer,27,0.02662037037037037,0.0028935185185185184,0.04976851851851852,0.39814814814814814,108,2.4870500890193163,0.004859497147686457,0.0005282062117050496,0.009085146841326854
Qwen3-30B-A3B-Base,GN (same cases),attn_layer,28,0.3744212962962963,0.28414351851851855,0.46875,0.7685185185185185,108,3.5388568198239363,0.06834988379463341,0.051869849989435876,0.08556940629621804
Qwen3-30B-A3B-Base,GN (same cases),attn_layer,29,-0.004629629629629629,-0.027777777777777776,0.017939814814814815,0.25,108,2.491663718665088,-0.0008451299387280793,-0.005070779632368476,0.0032748785125713076
Qwen3-30B-A3B-Base,GN (same cases),attn_layer,30,-0.001736111111111111,-0.031828703703703706,0.028935185185185185,0.3425925925925926,108,2.9830358856254153,-0.00031692372702302977,-0.005810268328755547,0.005282062117050497
Qwen3-30B-A3B-Base,GN (same cases),attn_layer,31,0.03125,0.005208333333333333,0.056712962962962965,0.4537037037037037,108,2.9966188415333077,0.0057046270864145356,0.0009507711810690893,0.010352841749418973
Qwen3-30B-A3B-Base,GN (same cases),attn_layer,32,-0.023726851851851853,-0.045717592592592594,-0.001736111111111111,0.17592592592592593,108,2.9021651071530803,-0.004331290935981407,-0.008345658144939785,-0.00031692372702302977
Qwen3-30B-A3B-Base,GN (same cases),attn_layer,33,0.016203703703703703,-0.008101851851851851,0.04050925925925926,0.3425925925925926,108,3.0029659657566636,0.002957954785548278,-0.001478977392774139,0.007394886963870695
Qwen3-30B-A3B-Base,GN (same cases),attn_layer,34,-0.026041666666666668,-0.045732060185185185,-0.006944444444444444,0.17592592592592593,108,2.512838158894468,-0.004753855905345447,-0.00834829917599831,-0.001267694908092119
Qwen3-30B-A3B-Base,GN (same cases),attn_layer,35,0.004050925925925926,-0.022569444444444444,0.03009259259259259,0.3055555555555556,108,3.407406938296777,0.0007394886963870695,-0.004120008451299387,0.005493344601732516
Qwen3-30B-A3B-Base,GN (same cases),attn_layer,36,-0.008680555555555556,-0.03530092592592592,0.01678240740740741,0.3333333333333333,108,3.377342966971574,-0.001584618635115149,-0.006444115782801605,0.003063596027889288
Qwen3-30B-A3B-Base,GN (same cases),attn_layer,37,0.004629629629629629,-0.02662037037037037,0.03761574074074074,0.3055555555555556,108,5.061386756323002,0.0008451299387280793,-0.004859497147686457,0.006866680752165645
Qwen3-30B-A3B-Base,GN (same cases),attn_layer,38,0.09143518518518519,0.047439236111111116,0.13773148148148148,0.5277777777777778,108,5.643038851243478,0.01669131628987957,0.00865994084090429,0.025142615677160363
Qwen3-30B-A3B-Base,GN (same cases),attn_layer,39,0.02546296296296296,-0.005787037037037037,0.05904224537037016,0.3425925925925926,108,4.29470580485132,0.004648214663004436,-0.0010564124234100991,0.010778047749841499
Qwen3-30B-A3B-Base,GN (same cases),attn_layer,40,1.5555555555555556,1.3535590277777778,1.7638888888888888,0.9537037037037037,108,9.430350561936697,0.2839636594126347,0.24708958377350518,0.32199450665539825
Qwen3-30B-A3B-Base,GN (same cases),attn_layer,41,-0.02199074074074074,-0.05555555555555555,0.010416666666666666,0.35185185185185186,108,7.189840135750948,-0.004014367208958377,-0.010141559264736952,0.0019015423621381786
Qwen3-30B-A3B-Base,GN (same cases),attn_layer,42,0.017939814814814815,-0.016203703703703703,0.05325520833333312,0.39814814814814814,108,8.65982554577015,0.0032748785125713076,-0.002957954785548278,0.0097216353264314
Qwen3-30B-A3B-Base,GN (same cases),attn_layer,43,1.0335648148148149,0.8611111111111112,1.2222222222222223,0.8981481481481481,108,12.75386256200296,0.18867525882104375,0.15719416860342278,0.223114303824213
Qwen3-30B-A3B-Base,GN (same cases),attn_layer,44,0.016203703703703703,-0.015639467592592587,0.048032407407407406,0.35185185185185186,108,7.57230911873005,0.002957954785548278,-0.0028549545742657923,0.008768223114303824
Qwen3-30B-A3B-Base,GN (same cases),attn_layer,45,0.028356481481481483,-0.014467592592592593,0.07582465277777757,0.3333333333333333,108,9.769080568242956,0.005176420874709486,-0.0026410310585252483,0.013841643777730788
Qwen3-30B-A3B-Base,GN (same cases),attn_layer,46,-0.04282407407407408,-0.10069444444444445,0.010416666666666666,0.32407407407407407,108,11.191793377752658,-0.007817451933234736,-0.01838157616733573,0.0019015423621381786
Qwen3-30B-A3B-Base,GN (same cases),attn_layer,47,0.0787037037037037,0.020833333333333332,0.13483796296296297,0.46296296296296297,108,20.81706584824456,0.01436720895837735,0.003803084724276357,0.024614409465455313
Qwen3-30B-A3B-Base,GN (same cases),layer,0,0.009837962962962963,-0.02662037037037037,0.05092592592592592,0.2962962962962963,108,0.275747856642637,0.0017959011197971689,-0.004859497147686457,0.009296429326008873
Qwen3-30B-A3B-Base,GN (same cases),layer,1,-0.0005787037037037037,-0.048032407407407406,0.05092592592592592,0.3148148148148148,108,0.490367721973194,-0.00010564124234100992,-0.008768223114303824,0.009296429326008873
Qwen3-30B-A3B-Base,GN (same cases),layer,2,0.019097222222222224,-0.02199074074074074,0.06365740740740741,0.28703703703703703,108,0.894610632624891,0.003486160997253328,-0.004014367208958377,0.011620536657511093
Qwen3-30B-A3B-Base,GN (same cases),layer,3,0.018518518518518517,-0.03589409722222222,0.07407407407407407,0.37962962962962965,108,1.1842161993737574,0.0033805197549123174,-0.00655239805620114,0.01352207901964927
Qwen3-30B-A3B-Base,GN (same cases),layer,4,0.017939814814814815,-0.029513888888888888,0.07407407407407407,0.32407407407407407,108,1.36865498677448,0.0032748785125713076,-0.005387703359391506,0.01352207901964927
Qwen3-30B-A3B-Base,GN (same cases),layer,5,0.026041666666666668,-0.016203703703703703,0.06944444444444445,0.37962962962962965,108,1.5291085452945143,0.004753855905345447,-0.002957954785548278,0.012676949080921191
Qwen3-30B-A3B-Base,GN (same cases),layer,6,0.027777777777777776,-0.019097222222222224,0.07696759259259259,0.35185185185185186,108,1.62234307218481,0.005070779632368476,-0.003486160997253328,0.014050285231354319
Qwen3-30B-A3B-Base,GN (same cases),layer,7,0.013310185185185185,-0.029513888888888888,0.05846354166666646,0.3888888888888889,108,1.8734741315797523,0.0024297485738432284,-0.005387703359391506,0.01067240650750049
Qwen3-30B-A3B-Base,GN (same cases),layer,8,-0.004629629629629629,-0.05497685185185185,0.04282407407407408,0.3611111111111111,108,2.030050837331348,-0.0008451299387280793,-0.010035918022395942,0.007817451933234736
Qwen3-30B-A3B-Base,GN (same cases),layer,9,0.0011574074074074073,-0.03878761574074074,0.03819444444444445,0.37962962962962965,108,2.110173921894144,0.00021128248468201983,-0.007080604267906189,0.006972321994506656
Qwen3-30B-A3B-Base,GN (same cases),layer,10,0.001736111111111111,-0.03530092592592592,0.03705150462962942,0.4351851851851852,108,2.0402630826941244,0.00031692372702302977,-0.006444115782801605,0.0067636805408831215
Qwen3-30B-A3B-Base,GN (same cases),layer,11,0.026041666666666668,-0.015046296296296295,0.06886574074074074,0.4722222222222222,108,2.296778385285978,0.004753855905345447,-0.002746672300866258,0.012571307838580181
Qwen3-30B-A3B-Base,GN (same cases),layer,12,0.00636574074074074,-0.028356481481481483,0.04224537037037037,0.35185185185185186,108,2.100809778328295,0.001162053665751109,-0.005176420874709486,0.0077118106908937245
Qwen3-30B-A3B-Base,GN (same cases),layer,13,0.005208333333333333,-0.031828703703703706,0.045717592592592594,0.3055555555555556,108,2.395041427126637,0.0009507711810690893,-0.005810268328755547,0.008345658144939785
Qwen3-30B-A3B-Base,GN (same cases),layer,14,0.008680555555555556,-0.027777777777777776,0.045717592592592594,0.28703703703703703,108,2.293669992023044,0.001584618635115149,-0.005070779632368476,0.008345658144939785
Qwen3-30B-A3B-Base,GN (same cases),layer,15,-0.005787037037037037,-0.043402777777777776,0.03298611111111111,0.32407407407407407,108,2.625731865564982,-0.0010564124234100991,-0.007923093175575744,0.006021550813437566
Qwen3-30B-A3B-Base,GN (same cases),layer,16,0.03993055555555555,0.005787037037037037,0.07581018518518519,0.4722222222222222,108,2.830788301097022,0.007289245721529684,0.0010564124234100991,0.013839002746672302
Qwen3-30B-A3B-Base,GN (same cases),layer,17,-0.023148148148148147,-0.05960648148148148,0.01273148148148148,0.3333333333333333,108,2.5252562397056155,-0.004225649693640397,-0.010881047961124022,0.002324107331502218
Qwen3-30B-A3B-Base,GN (same cases),layer,18,0.02141203703703704,-0.023148148148148147,0.06830150462962942,0.39814814814814814,108,3.2952535969239696,0.003908725966617368,-0.004225649693640397,0.012468307627297658
Qwen3-30B-A3B-Base,GN (same cases),layer,19,-0.016203703703703703,-0.056712962962962965,0.022583912037036826,0.3333333333333333,108,3.2636115893169686,-0.002957954785548278,-0.010352841749418973,0.004122649482357874
Qwen3-30B-A3B-Base,GN (same cases),layer,20,-0.05555555555555555,-0.10300925925925926,-0.013310185185185185,0.3148148148148148,108,3.7666901405210846,-0.010141559264736952,-0.018804141136699766,-0.0024297485738432284
Qwen3-30B-A3B-Base,GN (same cases),layer,21,-0.024305555555555556,-0.059027777777777776,0.009259259259259259,0.32407407407407407,108,4.194242818488015,-0.004436932178322417,-0.010775406718783012,0.0016902598774561587
Qwen3-30B-A3B-Base,GN (same cases),layer,22,-0.022569444444444444,-0.06018518518518518,0.01273148148148148,0.28703703703703703,108,3.3683898658664138,-0.004120008451299387,-0.010986689203465032,0.002324107331502218
Qwen3-30B-A3B-Base,GN (same cases),layer,23,-0.013310185185185185,-0.04398148148148148,0.017939814814814815,0.2962962962962963,108,3.1703218486573963,-0.0024297485738432284,-0.008028734417916754,0.0032748785125713076
Qwen3-30B-A3B-Base,GN (same cases),layer,24,-0.014467592592592593,-0.05150462962962963,0.020833333333333332,0.3333333333333333,108,3.1961515269897602,-0.0026410310585252483,-0.009402070568349883,0.003803084724276357
Qwen3-30B-A3B-Base,GN (same cases),layer,25,-0.005208333333333333,-0.04050925925925926,0.03009259259259259,0.39814814814814814,108,4.336535524438928,-0.0009507711810690893,-0.007394886963870695,0.005493344601732516
Qwen3-30B-A3B-Base,GN (same cases),layer,26,0.029513888888888888,0.0011574074074074073,0.059027777777777776,0.39814814814814814,108,3.310227664532485,0.005387703359391506,0.00021128248468201983,0.010775406718783012
Qwen3-30B-A3B-Base,GN (same cases),layer,27,0.024305555555555556,-0.013324652777777774,0.061921296296296294,0.39814814814814814,108,3.677574345359096,0.004436932178322417,-0.002432389604901753,0.011303612930488061
Qwen3-30B-A3B-Base,GN (same cases),layer,28,0.13136574074074073,0.0763888888888889,0.19328703703703703,0.5462962962962963,108,4.063167460538723,0.02398056201140925,0.013944643989013312,0.03528417494189731
Qwen3-30B-A3B-Base,GN (same cases),layer,29,0.050347222222222224,0.013310185185185185,0.08969907407407407,0.4351851851851852,108,3.428817915695685,0.009190788083667864,0.0024297485738432284,0.016374392562856537
Qwen3-30B-A3B-Base,GN (same cases),layer,30,0.03009259259259259,-0.019097222222222224,0.0798611111111111,0.4351851851851852,108,4.121537709677661,0.005493344601732516,-0.003486160997253328,0.014578491443059368
Qwen3-30B-A3B-Base,GN (same cases),layer,31,0.02025462962962963,-0.034722222222222224,0.0763888888888889,0.3888888888888889,108,4.611667952051869,0.0036974434819353474,-0.006338474540460596,0.013944643989013312
Qwen3-30B-A3B-Base,GN (same cases),layer,32,-0.0011574074074074073,-0.043402777777777776,0.03993055555555555,0.39814814814814814,108,4.927327571091829,-0.00021128248468201983,-0.007923093175575744,0.007289245721529684
Qwen3-30B-A3B-Base,GN (same cases),layer,33,0.06655092592592593,0.020833333333333332,0.11400462962962964,0.5092592592592593,108,5.951500418009581,0.012148742869216142,0.003803084724276357,0.020811324741178958
Qwen3-30B-A3B-Base,GN (same cases),layer,34,0.04861111111111111,0.012152777777777778,0.08449074074074074,0.49074074074074076,108,4.8354076754163815,0.008873864356644834,0.0022184660891612085,0.015423621381787449
Qwen3-30B-A3B-Base,GN (same cases),layer,35,0.011574074074074073,-0.020833333333333332,0.04225983796296275,0.3888888888888889,108,4.348195872924946,0.0021128248468201983,-0.003803084724276357,0.007714451721952211
Qwen3-30B-A3B-Base,GN (same cases),layer,36,0.032407407407407406,-0.005787037037037037,0.06944444444444445,0.4537037037037037,108,4.786425982360487,0.005915909571096556,-0.0010564124234100991,0.012676949080921191
Qwen3-30B-A3B-Base,GN (same cases),layer,37,0.048032407407407406,0.005208333333333333,0.09143518518518519,0.4444444444444444,108,8.691653547463593,0.008768223114303824,0.0009507711810690893,0.01669131628987957
Qwen3-30B-A3B-Base,GN (same cases),layer,38,0.10532407407407407,0.056712962962962965,0.1556712962962963,0.5370370370370371,108,6.2943128546079,0.019226706106063807,0.010352841749418973,0.028417494189731673
Qwen3-30B-A3B-Base,GN (same cases),layer,39,0.08043981481481481,0.031828703703703706,0.12789351851851852,0.5648148148148148,108,7.6202358735932245,0.01468413268540038,0.005810268328755547,0.023346714557363195
Qwen3-30B-A3B-Base,GN (same cases),layer,40,0.4074074074074074,0.305541087962963,0.5110098379629627,0.7685185185185185,108,9.825206641797665,0.07437143460807098,0.05577593492499472,0.09328385801817024
Qwen3-30B-A3B-Base,GN (same cases),layer,41,0.265625,0.1886574074074074,0.3489728009259257,0.7129629629629629,108,10.905749404871905,0.04848933023452356,0.03443904500316924,0.06370431016268747
Qwen3-30B-A3B-Base,GN (same cases),layer,42,0.6371527777777778,0.5248842592592593,0.7534722222222222,0.8518518518518519,108,14.826292762049922,0.11631100781745193,0.09581660680329601,0.13754489752799492
Qwen3-30B-A3B-Base,GN (same cases),layer,43,0.6041666666666666,0.4525318287037037,0.774320023148148,0.7592592592592593,108,19.676476023815297,0.11028945700401435,0.08260881047961123,0.14135062328332978
Qwen3-30B-A3B-Base,GN (same cases),layer,44,0.8946759259259259,0.7193142361111111,1.083912037037037,0.8518518518518519,108,24.624203779079295,0.16332136065920136,0.1313094231988168,0.19786604690471157
Qwen3-30B-A3B-Base,GN (same cases),layer,45,-0.10590277777777778,-0.26795428240740743,0.04282407407407408,0.3888888888888889,108,22.99478723826232,-0.019332347348404815,-0.04891453623494613,0.007817451933234736
Qwen3-30B-A3B-Base,GN (same cases),layer,46,-0.18287037037037038,-0.2951533564814815,-0.07118055555555555,0.3148148148148148,108,23.613039268387688,-0.03338263257975914,-0.05387967462497359,-0.01299387280794422
Qwen3-30B-A3B-Base,GN (same cases),layer,47,-0.16550925925925927,-0.33912037037037035,0.005787037037037037,0.35185185185185186,108,75.51106894457781,-0.03021339530952884,-0.06190576801183181,0.0010564124234100991
Qwen3-30B-A3B-Base,GN (same cases),block,0,0.019675925925925927,-0.013888888888888888,0.057291666666666664,0.37037037037037035,108,0.3443684704187844,0.0035918022395943377,-0.002535389816184238,0.010458482991759983
Qwen3-30B-A3B-Base,GN (same cases),block,1,0.05960648148148148,-0.0023148148148148147,0.13774594907407386,0.35185185185185186,108,0.6727853026930932,0.010881047961124022,-0.00042256496936403967,0.02514525670821885
Qwen3-30B-A3B-Base,GN (same cases),block,2,0.07581018518518519,0.020818865740740745,0.1417824074074074,0.4351851851851852,108,1.2334406135810747,0.013839002746672302,0.003800443693217833,0.025882104373547432
Qwen3-30B-A3B-Base,GN (same cases),block,3,0.04398148148148148,-0.012152777777777778,0.10648148148148148,0.4074074074074074,108,1.6753282497326534,0.008028734417916754,-0.0022184660891612085,0.019437988590745827
Qwen3-30B-A3B-Base,GN (same cases),block,4,0.07581018518518519,0.023712384259259266,0.13310185185185186,0.46296296296296297,108,1.7591778768433466,0.013839002746672302,0.004328649904922883,0.024297485738432285
Qwen3-30B-A3B-Base,GN (same cases),block,5,0.041666666666666664,-0.009259259259259259,0.09259259259259259,0.37962962962962965,108,1.9119287293266367,0.007606169448552714,-0.0016902598774561587,0.016902598774561586
Qwen3-30B-A3B-Base,GN (same cases),block,6,0.028935185185185185,-0.028356481481481483,0.08854166666666667,0.37037037037037035,108,2.1408944063716464,0.005282062117050497,-0.005176420874709486,0.01616311007817452
Qwen3-30B-A3B-Base,GN (same cases),block,7,-0.013888888888888888,-0.06365740740740741,0.037037037037037035,0.3425925925925926,108,2.310505830579334,-0.002535389816184238,-0.011620536657511093,0.006761039509824635
Qwen3-30B-A3B-Base,GN (same cases),block,8,0.005787037037037037,-0.05150462962962963,0.0636718749999998,0.4166666666666667,108,2.577855826527984,0.0010564124234100991,-0.009402070568349883,0.01162317768856958
Qwen3-30B-A3B-Base,GN (same cases),block,9,-0.007523148148148148,-0.05613425925925926,0.03819444444444445,0.42592592592592593,108,2.517350565504145,-0.001373336150433129,-0.010247200507077963,0.006972321994506656
Qwen3-30B-A3B-Base,GN (same cases),block,10,-0.012152777777777778,-0.04513888888888889,0.020833333333333332,0.32407407407407407,108,2.3257605808752553,-0.0022184660891612085,-0.008240016902598775,0.003803084724276357
Qwen3-30B-A3B-Base,GN (same cases),block,11,0.005208333333333333,-0.036472800925925926,0.04861111111111111,0.3888888888888889,108,2.7614640207202346,0.0009507711810690893,-0.00665803929854215,0.008873864356644834
Qwen3-30B-A3B-Base,GN (same cases),block,12,0.006944444444444444,-0.03009259259259259,0.04513888888888889,0.3425925925925926,108,2.5370193002400576,0.001267694908092119,-0.005493344601732516,0.008240016902598775
Qwen3-30B-A3B-Base,GN (same cases),block,13,0.005208333333333333,-0.03935185185185185,0.05381944444444445,0.3148148148148148,108,2.830618637579459,0.0009507711810690893,-0.007183604479188675,0.009824635537713924
Qwen3-30B-A3B-Base,GN (same cases),block,14,0.03298611111111111,-0.01273148148148148,0.07581018518518519,0.4537037037037037,108,3.0846937552646354,0.006021550813437566,-0.002324107331502218,0.013839002746672302
Qwen3-30B-A3B-Base,GN (same cases),block,15,-0.01678240740740741,-0.052662037037037035,0.020833333333333332,0.3055555555555556,108,3.106926942313159,-0.003063596027889288,-0.009613353053031903,0.003803084724276357
Qwen3-30B-A3B-Base,GN (same cases),block,16,0.16087962962962962,0.10648148148148148,0.21875,0.6944444444444444,108,3.694893894372163,0.02936826537080076,0.019437988590745827,0.03993238960490175
Qwen3-30B-A3B-Base,GN (same cases),block,17,-0.03414351851851852,-0.07118055555555555,0.0029079861111109004,0.3055555555555556,108,3.228601938044583,-0.0062328332981195856,-0.01299387280794422,0.0005308472427635364
Qwen3-30B-A3B-Base,GN (same cases),block,18,0.02025462962962963,-0.02662037037037037,0.07002314814814815,0.39814814814814814,108,4.0082004423494695,0.0036974434819353474,-0.004859497147686457,0.012782590323262202
Qwen3-30B-A3B-Base,GN (same cases),block,19,-0.028935185185185185,-0.0763888888888889,0.017939814814814815,0.3611111111111111,108,4.006371247547644,-0.005282062117050497,-0.013944643989013312,0.0032748785125713076
Qwen3-30B-A3B-Base,GN (same cases),block,20,-0.0775462962962963,-0.1284722222222222,-0.031828703703703706,0.3148148148148148,108,4.282645805014504,-0.014155926473695329,-0.0234523557997042,-0.005810268328755547
Qwen3-30B-A3B-Base,GN (same cases),block,21,-0.03587962962962963,-0.07002314814814815,-0.003472222222222222,0.25925925925925924,108,4.804241609794122,-0.006549757025142615,-0.012782590323262202,-0.0006338474540460595
Qwen3-30B-A3B-Base,GN (same cases),block,22,-0.02199074074074074,-0.056712962962962965,0.013310185185185185,0.28703703703703703,108,3.7676115024972847,-0.004014367208958377,-0.010352841749418973,0.0024297485738432284
Qwen3-30B-A3B-Base,GN (same cases),block,23,-0.012152777777777778,-0.046875,0.02199074074074074,0.3611111111111111,108,3.825682599235464,-0.0022184660891612085,-0.008556940629621803,0.004014367208958377
Qwen3-30B-A3B-Base,GN (same cases),block,24,-0.013310185185185185,-0.05787037037037037,0.028356481481481483,0.39814814814814814,108,3.8448147497795246,-0.0024297485738432284,-0.010564124234100993,0.005176420874709486
Qwen3-30B-A3B-Base,GN (same cases),block,25,-0.00636574074074074,-0.052662037037037035,0.03877314814814815,0.4074074074074074,108,5.700480597990531,-0.001162053665751109,-0.009613353053031903,0.007077963236847664
Qwen3-30B-A3B-Base,GN (same cases),block,26,0.0763888888888889,0.031828703703703706,0.12210648148148148,0.5370370370370371,108,4.582893899193516,0.013944643989013312,0.005810268328755547,0.022290302133953093
Qwen3-30B-A3B-Base,GN (same cases),block,27,0.03877314814814815,0.0023148148148148147,0.07465277777777778,0.3888888888888889,108,4.424592106430619,0.007077963236847664,0.00042256496936403967,0.01362772026199028
Qwen3-30B-A3B-Base,GN (same cases),block,28,0.5219907407407407,0.4207175925925926,0.6302083333333334,0.8333333333333334,108,5.390880578094059,0.09528840059159094,0.07680118318191421,0.11504331290935982
Qwen3-30B-A3B-Base,GN (same cases),block,29,0.050347222222222224,0.004629629629629629,0.09606481481481481,0.4444444444444444,108,4.251088945953934,0.009190788083667864,0.0008451299387280793,0.017536446228607647
Qwen3-30B-A3B-Base,GN (same cases),block,30,0.03298611111111111,-0.01621817129629629,0.08275462962962964,0.4074074074074074,108,5.074145935199879,0.006021550813437566,-0.002960595816606802,0.01510669765476442
Qwen3-30B-A3B-Base,GN (same cases),block,31,0.06712962962962964,0.01273148148148148,0.1261574074074074,0.5,108,5.494147483949308,0.012254384111557153,0.002324107331502218,0.023029790830340166
Qwen3-30B-A3B-Base,GN (same cases),block,32,-0.016203703703703703,-0.05960648148148148,0.02546296296296296,0.32407407407407407,108,5.64491507962898,-0.002957954785548278,-0.010881047961124022,0.004648214663004436
Qwen3-30B-A3B-Base,GN (same cases),block,33,0.07118055555555555,0.027777777777777776,0.11631944444444445,0.5462962962962963,108,6.7939006112239975,0.01299387280794422,0.005070779632368476,0.021233889710542995
Qwen3-30B-A3B-Base,GN (same cases),block,34,0.04513888888888889,0.008101851851851851,0.08101851851851852,0.46296296296296297,108,5.451185584068298,0.008240016902598775,0.001478977392774139,0.01478977392774139
Qwen3-30B-A3B-Base,GN (same cases),block,35,0.007523148148148148,-0.029513888888888888,0.043402777777777776,0.4166666666666667,108,5.524011978396663,0.001373336150433129,-0.005387703359391506,0.007923093175575744
Qwen3-30B-A3B-Base,GN (same cases),block,36,0.020833333333333332,-0.022569444444444444,0.06365740740740741,0.4166666666666667,108,5.944443956569389,0.003803084724276357,-0.004120008451299387,0.011620536657511093
Qwen3-30B-A3B-Base,GN (same cases),block,37,0.11168981481481481,0.03819444444444445,0.19328703703703703,0.4444444444444444,108,10.847638880764997,0.020388759771814913,0.006972321994506656,0.03528417494189731
Qwen3-30B-A3B-Base,GN (same cases),block,38,0.19618055555555555,0.13194444444444445,0.2673611111111111,0.6018518518518519,108,8.480582692005017,0.035812381153602364,0.024086203253750264,0.048806253961546586
Qwen3-30B-A3B-Base,GN (same cases),block,39,0.10648148148148148,0.05092592592592592,0.16261574074074073,0.5462962962962963,108,8.77675967084037,0.019437988590745827,0.009296429326008873,0.029685189097823788
Qwen3-30B-A3B-Base,GN (same cases),block,40,1.8888888888888888,1.6631799768518518,2.1302083333333335,0.9444444444444444,108,14.166131915869537,0.3448130150010564,0.30361028945700397,0.3888654130572576
Qwen3-30B-A3B-Base,GN (same cases),block,41,0.2569444444444444,0.17592592592592593,0.3425925925925926,0.6759259259259259,108,13.202406366666159,0.0469047115994084,0.03211493767166702,0.06253961546587788
Qwen3-30B-A3B-Base,GN (same cases),block,42,0.6684027777777778,0.5578559027777777,0.7853009259259259,0.8703703703703703,108,17.545438519230597,0.12201563490386647,0.10183551658567504,0.14335516585675048
Qwen3-30B-A3B-Base,GN (same cases),block,43,1.5445601851851851,1.296875,1.808478009259259,0.8888888888888888,108,24.508909031196875,0.28195647580815547,0.23674202408620323,0.330134164377773
Qwen3-30B-A3B-Base,GN (same cases),block,44,0.9276620370370371,0.7482638888888888,1.1168981481481481,0.8518518518518519,108,26.33807040143896,0.1693429114726389,0.13659412634692583,0.20388759771814916
Qwen3-30B-A3B-Base,GN (same cases),block,45,-0.0787037037037037,-0.23959780092592592,0.07293113425925905,0.4074074074074074,108,26.20141788765236,-0.01436720895837735,-0.04373811536023663,0.013313437566025738
Qwen3-30B-A3B-Base,GN (same cases),block,46,-0.21064814814814814,-0.3420138888888889,-0.07928240740740741,0.35185185185185186,108,26.854088655224555,-0.03845341221212761,-0.062433974223536866,-0.014472850200718361
Qwen3-30B-A3B-Base,GN (same cases),block,47,-0.08622685185185185,-0.2615885416666667,0.08800636574074011,0.4444444444444444,108,81.8023619475188,-0.015740545108810476,-0.04775248256919501,0.01606539192900897
"Mixtral-8x7B, BOS",STR (donor mean),attn_layer,0,-0.003262578616352202,-0.018428164308176096,0.012137382075471685,0.41509433962264153,106,0.1754039595788052,-0.00025148028720260756,-0.0014204470137852098,0.0009355521166383741
"Mixtral-8x7B, BOS",STR (donor mean),attn_layer,1,-0.019005503144654087,-0.039848663522012565,0.0011509925314465226,0.330188679245283,106,0.36762420747358837,-0.0014649484200296473,-0.003071543869296907,8.871876095965343e-05
"Mixtral-8x7B, BOS",STR (donor mean),attn_layer,2,-0.015654481132075473,-0.03240959119496856,0.002083824685534584,0.36792452830188677,106,0.5396741027914503,-0.0012066508961257644,-0.0024981385156451798,0.00016062167138949622
"Mixtral-8x7B, BOS",STR (donor mean),attn_layer,3,0.012961871069182389,-0.012149911556603771,0.04003562303459119,0.41509433962264153,106,1.2227897399532723,0.0009991039121091544,-0.0009365178918377223,0.0030859547502126595
"Mixtral-8x7B, BOS",STR (donor mean),attn_layer,4,0.022572720125786167,-0.007272012578616351,0.055012775157232685,0.5188679245283019,106,1.6994431284519864,0.0017399103003144264,-0.0005605283509937636,0.004240396975267821
"Mixtral-8x7B, BOS",STR (donor mean),attn_layer,5,0.025117924528301888,-0.014486536949685536,0.06609866352201253,0.5377358490566038,106,2.9249573493153798,0.0019360952231622435,-0.0011166254981316984,0.0050948997222354745
"Mixtral-8x7B, BOS",STR (donor mean),attn_layer,6,0.06646029874213837,0.019201798349056606,0.11879987224842752,0.5471698113207547,106,3.385408589412582,0.0051227746456362485,0.0014800788981527563,0.009157120641608008
"Mixtral-8x7B, BOS",STR (donor mean),attn_layer,7,0.08475825471698112,0.0376299626572327,0.13359031053459117,0.5943396226415094,106,4.931773739715792,0.006533185172055691,0.002900525911937966,0.010297170922516042
"Mixtral-8x7B, BOS",STR (donor mean),attn_layer,8,0.057783018867924536,0.019859473270440253,0.09492187499999996,0.5471698113207547,106,4.982895252727112,0.004453927978166664,0.0015307726277341853,0.007316599289643932
"Mixtral-8x7B, BOS",STR (donor mean),attn_layer,9,0.012981525157232707,-0.02525746855345912,0.04890010809748426,0.5283018867924528,106,4.923282520313681,0.001000618853598327,-0.001946851307735367,0.003769231235366611
"Mixtral-8x7B, BOS",STR (donor mean),attn_layer,10,0.00013757861635220234,-0.03578125,0.037362667059748424,0.44339622641509435,106,5.3864314341695065,1.0604590424206424e-05,-0.0027580267281126936,0.002879922707685222
"Mixtral-8x7B, BOS",STR (donor mean),attn_layer,11,0.027987421383647796,0.0005694772012578618,0.05498378537735847,0.5283018867924528,106,5.259923344738079,0.002157276680581404,4.3895429648768405e-05,0.004238162436571292
"Mixtral-8x7B, BOS",STR (donor mean),attn_layer,12,0.015723270440251572,-0.013915585691823901,0.04308200668238993,0.5471698113207547,106,5.752860245839604,0.0012119531913378674,-0.0010726164478712422,0.003320770681034371
"Mixtral-8x7B, BOS",STR (donor mean),attn_layer,13,0.0264249213836478,-0.01634605935534591,0.0681532527515723,0.5283018867924528,106,7.619903466461589,0.0020368388321922036,-0.0012599578997760155,0.005253267918159828
"Mixtral-8x7B, BOS",STR (donor mean),attn_layer,14,0.13752948113207547,0.09543705778301888,0.18052353577044025,0.7169811320754716,106,7.786845371858129,0.01060080307048341,0.007356309693428866,0.013914794388353736
"Mixtral-8x7B, BOS",STR (donor mean),attn_layer,15,0.8097484276729561,0.6421678459119495,0.9858630601415095,0.8773584905660378,106,14.00636514552734,0.06241558935390019,0.04949844074647226,0.07599054449269534
"Mixtral-8x7B, BOS",STR (donor mean),attn_layer,16,0.09201061320754718,0.05496069182389937,0.1311912834119497,0.6037735849056604,106,10.129418681814986,0.007092198581560284,0.004236382380321516,0.010112253376993946
"Mixtral-8x7B, BOS",STR (donor mean),attn_layer,17,0.011389544025157235,-0.025806554638364777,0.04882124606918238,0.44339622641509435,106,10.083426382106806,0.000877908592975368,-0.001989174985589119,0.0037631525326413074
"Mixtral-8x7B, BOS",STR (donor mean),attn_layer,18,2.3290487421383648,2.015562843946541,2.657501474056604,0.9811320754716981,106,19.4348635111215,0.17952359634989998,0.15536003341960927,0.20484080616096406
"Mixtral-8x7B, BOS",STR (donor mean),attn_layer,19,2.078125,1.866146816037736,2.2932362912735846,0.9905660377358491,106,22.33583305961681,0.1601823383576368,0.14384301267324304,0.1767631646521732
"Mixtral-8x7B, BOS",STR (donor mean),attn_layer,20,0.1406741352201258,0.0942111340408805,0.19315153301886792,0.6981132075471698,106,18.450472991871383,0.010843193708750986,0.0072618152180417405,0.014888163231915575
"Mixtral-8x7B, BOS",STR (donor mean),attn_layer,21,0.1844241352201258,0.1030451552672956,0.2716133549528301,0.6132075471698113,106,15.106979178707558,0.0142154534636486,0.007942743543887477,0.02093601796114629
"Mixtral-8x7B, BOS",STR (donor mean),attn_layer,22,0.02569772012578616,0.0014438384433962273,0.051261792452830135,0.5754716981132075,106,12.759534967845342,0.001980785997092827,0.00011129138914832269,0.003951270392059278
"Mixtral-8x7B, BOS",STR (donor mean),attn_layer,23,0.1093946540880503,0.07167747641509434,0.14880429441823895,0.7075471698113207,106,17.38728761493035,0.008432164328733211,0.005524915863937045,0.01146986819251573
"Mixtral-8x7B, BOS",STR (donor mean),attn_layer,24,2.4431603773584905,2.122993317610063,2.7772769261006283,0.9905660377358491,106,22.45902369404739,0.18831934663603453,0.1636407982832683,0.2140731247107408
"Mixtral-8x7B, BOS",STR (donor mean),attn_layer,25,0.053812893081760994,0.02372150157232705,0.09196221501572326,0.5943396226415094,106,9.999278790096067,0.0041479097973538505,0.0018284586303565493,0.007088468038143196
"Mixtral-8x7B, BOS",STR (donor mean),attn_layer,26,0.05977790880503144,0.03643818789308176,0.0855053557389937,0.5754716981132075,106,13.725465251439772,0.004607694539317655,0.0028086636473882783,0.006590771885412855
"Mixtral-8x7B, BOS",STR (donor mean),attn_layer,27,0.1983490566037736,0.15710347877358494,0.24178557389937108,0.8113207547169812,106,20.245009853405023,0.015288789508727202,0.01210957117308737,0.018636885946872517
"Mixtral-8x7B, BOS",STR (donor mean),attn_layer,28,0.11922169811320754,0.0856692216981132,0.1535777810534591,0.7358490566037735,106,23.452515108180496,0.00918963507331938,0.006603402710078829,0.011837809606698464
"Mixtral-8x7B, BOS",STR (donor mean),attn_layer,29,0.9144064465408804,0.7825137578616352,1.0582441529088047,0.9339622641509434,106,40.379871338568385,0.07048265278374286,0.060316334932354075,0.08156969526194471
"Mixtral-8x7B, BOS",STR (donor mean),attn_layer,30,0.18278301886792453,0.15376277515723272,0.21599916470125788,0.9056603773584906,106,33.17069278783018,0.01408895584930271,0.0118520689934653,0.0166492637763098
"Mixtral-8x7B, BOS",STR (donor mean),attn_layer,31,0.6866548742138365,0.5855923250786165,0.796098909198113,0.9433962264150944,106,74.71015908403217,0.05292751080721385,0.04513758698604664,0.06136348142643859
"Mixtral-8x7B, BOS",STR (donor mean),layer,0,0.00213246855345912,-0.011391263757861633,0.016323702830188663,0.41509433962264153,106,0.23831008715004479,0.00016437115157519832,-0.0008780411503556702,0.0012582346538320811
"Mixtral-8x7B, BOS",STR (donor mean),layer,1,-0.017796776729559743,-0.038258402122641505,0.0008748525943396183,0.33962264150943394,106,0.47976185842739344,-0.0013717795184455483,-0.002948966166054251,6.74338330367832e-05
"Mixtral-8x7B, BOS",STR (donor mean),layer,2,-0.010878537735849058,-0.028932291666666672,0.007577142295597477,0.330188679245283,106,0.8285933260975769,-0.0008385201142568872,-0.0022301074926733646,0.0005840478176131637
"Mixtral-8x7B, BOS",STR (donor mean),layer,3,-0.012991352201257862,-0.03500614190251572,0.010180817610062893,0.3490566037735849,106,1.6097585353555168,-0.001001376324342913,-0.002698281223133459,0.0007847396913912692
"Mixtral-8x7B, BOS",STR (donor mean),layer,4,0.005316430817610065,-0.026574538128930816,0.036881878930817596,0.4528301886792453,106,2.9481313044732467,0.00040979167282111664,-0.002048371324278528,0.002842863451506343
"Mixtral-8x7B, BOS",STR (donor mean),layer,5,0.007665094339622642,-0.036223466981132074,0.050220371462264095,0.4716981132075472,106,4.657788630214127,0.0005908271807772105,-0.002792112911619071,0.0038709974299017593
"Mixtral-8x7B, BOS",STR (donor mean),layer,6,0.04788718553459119,0.0016990959119496814,0.09709340605345908,0.5566037735849056,106,5.856319672019227,0.0036911549383683924,0.000130966691738948,0.0074839813874288605
"Mixtral-8x7B, BOS",STR (donor mean),layer,7,0.039986242138364776,-0.010308814858490561,0.09320091391509432,0.5094339622641509,106,7.710925389085927,0.003082148459721114,-0.0007946057478395036,0.007183947225498281
"Mixtral-8x7B, BOS",STR (donor mean),layer,8,0.0704304245283019,0.014579156839622643,0.12599302279874214,0.5188679245283019,106,8.639721675039088,0.005428792826449061,0.001123764659899423,0.00971157028987648
"Mixtral-8x7B, BOS",STR (donor mean),layer,9,-0.006751179245283018,-0.05599597091194968,0.04194182389937107,0.39622641509433965,106,9.276587440682656,-0.0005203824015306968,-0.004316181923263668,0.0032328851378937615
"Mixtral-8x7B, BOS",STR (donor mean),layer,10,0.031043632075471693,-0.012835347877358487,0.07308790290880497,0.4716981132075472,106,9.56694596555998,0.0023928500821477016,-0.0009893514762726074,0.00563363185255377
"Mixtral-8x7B, BOS",STR (donor mean),layer,11,0.03665487421383647,-0.003567708333333332,0.07449095911949684,0.5377358490566038,106,10.16166191228531,0.002825365877306403,-0.0002749997538220079,0.0057417797381120635
"Mixtral-8x7B, BOS",STR (donor mean),layer,12,0.005345911949685537,-0.03343160377358491,0.0438885613207547,0.5,106,10.749535716479677,0.0004120640850548751,-0.002576915473082141,0.00338294009239628
"Mixtral-8x7B, BOS",STR (donor mean),layer,13,0.05982704402515723,0.006169172562893081,0.11324464426100618,0.5754716981132075,106,12.07301358719292,0.004611481893040586,0.00047552119668258105,0.008728922429693451
"Mixtral-8x7B, BOS",STR (donor mean),layer,14,0.06204795597484277,0.009737863600628937,0.11459635416666664,0.5943396226415094,106,13.620121151321339,0.00478267028131706,0.0007505966975790482,0.008833112530611285
"Mixtral-8x7B, BOS",STR (donor mean),layer,15,0.11573309748427672,0.04828567216981131,0.1848688089622641,0.6132075471698113,106,17.348107939096366,0.00892073295899129,0.0037218703770613613,0.01424972901484112
"Mixtral-8x7B, BOS",STR (donor mean),layer,16,0.1288816823899371,0.0505579304245283,0.2103879225628931,0.5471698113207547,106,19.294645592251662,0.009934228815247583,0.0038970165499782983,0.016216747981151098
"Mixtral-8x7B, BOS",STR (donor mean),layer,17,0.15016705974842767,0.06772381092767296,0.22824415290880498,0.6509433962264151,106,21.515026443259522,0.011574910448021222,0.005220166446621415,0.01759311019760139
"Mixtral-8x7B, BOS",STR (donor mean),layer,18,0.473938679245283,0.35946909394654086,0.5910775353773585,0.7924528301886793,106,29.7070115770184,0.03653129906990167,0.027707957911895547,0.04556038821890602
"Mixtral-8x7B, BOS",STR (donor mean),layer,19,1.1050707547169811,0.8723238502358491,1.372293877751572,0.8679245283018868,106,40.14913848151201,0.08517910017020368,0.0672389168774329,0.10577671807620607
"Mixtral-8x7B, BOS",STR (donor mean),layer,20,1.0004127358490567,0.8491322720125786,1.1553503341194968,0.9433962264150944,106,41.663603799448076,0.077112036740361,0.06545130485697816,0.08905466136134156
"Mixtral-8x7B, BOS",STR (donor mean),layer,21,1.100432389937107,0.9175110554245285,1.2860500196540872,0.9056603773584906,106,44.831498833122495,0.084821573978759,0.07072195672872626,0.09912902226433752
"Mixtral-8x7B, BOS",STR (donor mean),layer,22,0.8089720911949684,0.6418745086477986,0.985967963836478,0.8679245283018868,106,50.402241412348715,0.062355749165077856,0.04947583024474636,0.07599863049289379
"Mixtral-8x7B, BOS",STR (donor mean),layer,23,0.5158805031446541,0.4083129422169811,0.6315774862421384,0.8301886792452831,106,44.18993420271004,0.03976418420779543,0.0314728526272494,0.04868213346180037
"Mixtral-8x7B, BOS",STR (donor mean),layer,24,0.4247346698113207,0.2530417158018868,0.6109868808962263,0.7169811320754716,106,54.53954706581883,0.03273864305175873,0.019504511874490125,0.04709500501066897
"Mixtral-8x7B, BOS",STR (donor mean),layer,25,0.4907920597484277,0.3533539701257861,0.6338561320754715,0.7641509433962265,106,54.768484696502206,0.03783036139686695,0.027236602804308188,0.04885777199070127
"Mixtral-8x7B, BOS",STR (donor mean),layer,26,0.35757665094339625,0.22212976611635218,0.498203125,0.7358490566037735,106,57.22521868831707,0.027562087983256867,0.01712181190031988,0.038401607958896605
"Mixtral-8x7B, BOS",STR (donor mean),layer,27,0.4157134433962264,0.2714109178459119,0.5729400058962263,0.7169811320754716,106,62.02090289277851,0.03204328490822863,0.02092041406380782,0.04416234340239193
"Mixtral-8x7B, BOS",STR (donor mean),layer,28,0.5298840408805032,0.31833628144654086,0.753589082154088,0.7264150943396226,106,64.2142217669097,0.040843580018830726,0.02453743155304984,0.05808681447950776
"Mixtral-8x7B, BOS",STR (donor mean),layer,29,-0.06629323899371069,-0.23246044614779876,0.09827142295597482,0.4528301886792453,106,81.59059822574352,-0.005109897642978284,-0.017918103020566088,0.00757478319293613
"Mixtral-8x7B, BOS",STR (donor mean),layer,30,-0.3617040094339623,-0.4937777613993711,-0.23003857114779877,0.27358490566037735,106,75.8911818072481,-0.027880225695983057,-0.03806049994584084,-0.01773142435556283
"Mixtral-8x7B, BOS",STR (donor mean),layer,31,-0.9160180817610063,-1.145529677672956,-0.6870612224842768,0.16037735849056603,106,123.98374026376497,-0.070606877985855,-0.08829768297273938,-0.05295883222250249
"Mixtral-8x7B, BOS",STR (donor mean),block,0,-0.0031446540880503146,-0.01875,0.0125985161163522,0.41509433962264153,106,0.29073940224992406,-0.00024239063826757352,-0.001445254180670407,0.0009710964313280809
"Mixtral-8x7B, BOS",STR (donor mean),block,1,-0.02757468553459119,-0.05071000393081762,-0.006995381289308197,0.29245283018867924,106,0.5896631870699941,-0.002125462909308785,-0.00390873840975077,-0.0005392055495336647
"Mixtral-8x7B, BOS",STR (donor mean),block,2,-0.0068396226415094324,-0.02509040880503145,0.011754127358490555,0.36792452830188677,106,0.9493571699602799,-0.0005271996382319723,-0.0019339743050774023,0.0009060107575995137
"Mixtral-8x7B, BOS",STR (donor mean),block,3,-0.004412342767295597,-0.03238060141509434,0.02491229363207546,0.44339622641509435,106,1.930531147797153,-0.00034010436431918906,-0.0024959039769486503,0.0019202451478317769
"Mixtral-8x7B, BOS",STR (donor mean),block,4,0.019152908805031447,-0.016234768081761008,0.05749090998427668,0.5,106,3.2207805590247207,0.00147631048119844,-0.0012513795435935776,0.004431412160283836
"Mixtral-8x7B, BOS",STR (donor mean),block,5,0.0575569968553459,0.011025943396226416,0.10392123624213835,0.5471698113207547,106,5.078820898754041,0.00443650615104118,0.0008498821754256797,0.008010272060767331
"Mixtral-8x7B, BOS",STR (donor mean),block,6,0.1436124213836478,0.05799700275157233,0.23975137578616354,0.5754716981132075,106,6.359503790417556,0.011069677461382247,0.004470421903630027,0.018480089502743182
"Mixtral-8x7B, BOS",STR (donor mean),block,7,0.0931996855345912,0.022886448506289316,0.1670015231918239,0.5943396226415094,106,8.372711204657765,0.0071838525416552095,0.00176409255383534,0.01287251464380317
"Mixtral-8x7B, BOS",STR (donor mean),block,8,0.13990762578616353,0.07087018474842767,0.20744152908805027,0.6037735849056604,106,9.316650093726391,0.010784110990673263,0.005462689642269291,0.015989639315155547
"Mixtral-8x7B, BOS",STR (donor mean),block,9,0.013934748427672951,-0.04207104952830188,0.06947720125786164,0.5377358490566038,106,9.92986299796674,0.0010740935158231847,-0.003242845878185069,0.005355318164224202
"Mixtral-8x7B, BOS",STR (donor mean),block,10,0.04011399371069181,-0.009347729952830189,0.088070705581761,0.42452830188679247,106,10.335749654649938,0.0030919955794007337,-0.0007205251090189769,0.006788509623287074
"Mixtral-8x7B, BOS",STR (donor mean),block,11,0.04801493710691824,-0.004513069968553456,0.0975945852987421,0.5471698113207547,106,10.882609871648393,0.003701002058048013,-0.00034786843945119704,0.007522612395402755
"Mixtral-8x7B, BOS",STR (donor mean),block,12,0.0024469339622641513,-0.03909492924528302,0.043663030660377335,0.4811320754716981,106,11.338284586810467,0.00018861021540195566,-0.003013445863187149,0.003365556138808027
"Mixtral-8x7B, BOS",STR (donor mean),block,13,0.08509237421383647,0.012027319182389926,0.1599253144654088,0.5849056603773585,106,13.302355841270781,0.0065589391773716215,0.0009270684442990092,0.012327078897395285
"Mixtral-8x7B, BOS",STR (donor mean),block,14,0.16875982704402517,0.10172612028301889,0.23485849056603772,0.7169811320754716,106,14.987746530808742,0.013008045096778251,0.007841072033195399,0.018102944819013724
"Mixtral-8x7B, BOS",STR (donor mean),block,15,0.9024764150943396,0.7122091194968554,1.1068514150943396,0.8867924528301887,106,21.07606308145343,0.06956308329981525,0.05489723773143572,0.08531635386912269
"Mixtral-8x7B, BOS",STR (donor mean),block,16,0.19454599056603777,0.10553975039308176,0.2891885318396225,0.6226415094339622,106,20.83265881463417,0.014995648330572355,0.008135027492400675,0.022290716514301416
"Mixtral-8x7B, BOS",STR (donor mean),block,17,0.1356819968553459,0.045534099842767295,0.22160966981132074,0.5660377358490566,106,23.024545250148897,0.01045839857050121,0.003509778568577235,0.017081722761162654
"Mixtral-8x7B, BOS",STR (donor mean),block,18,2.947720125786164,2.5960885908018865,3.300348368710691,0.9716981132075472,106,35.384078999885226,0.22721092454606676,0.20010708742651584,0.25439158813588714
"Mixtral-8x7B, BOS",STR (donor mean),block,19,3.468022798742138,3.0755365566037733,3.8691253930817595,0.9905660377358491,106,47.18050778376981,0.2673159705889259,0.23706304353260113,0.2982330479941037
"Mixtral-8x7B, BOS",STR (donor mean),block,20,1.1422857704402514,0.9797454795597484,1.3121275550314464,0.9433962264150944,106,45.828003471602436,0.08804764187995147,0.07551900001742183,0.10113908450570866
"Mixtral-8x7B, BOS",STR (donor mean),block,21,1.300127751572327,1.095281544811321,1.5046951159591195,0.9433962264150944,106,47.93317800977695,0.10021413697949451,0.08442454568798417,0.11598223503862722
"Mixtral-8x7B, BOS",STR (donor mean),block,22,0.8182783018867924,0.6517047464622643,0.9951154677672954,0.8773584905660378,106,52.43507399619001,0.06307307396020097,0.05023354716732454,0.0767037221354918
"Mixtral-8x7B, BOS",STR (donor mean),block,23,0.6282429245283019,0.5179048742138365,0.745175412735849,0.8867924528301887,106,47.73091765979551,0.04842510470139367,0.03992022318118018,0.05743828696476169
"Mixtral-8x7B, BOS",STR (donor mean),block,24,2.8870283018867924,2.5329618710691824,3.2537499999999993,0.9811320754716981,106,59.96633776898654,0.22253278522750253,0.19524126579421186,0.25079977548567123
"Mixtral-8x7B, BOS",STR (donor mean),block,25,0.5420204402515724,0.403875786163522,0.6848801100628931,0.8018867924528302,106,55.95003635358511,0.04177905638839464,0.031130835649300134,0.052790711590741585
"Mixtral-8x7B, BOS",STR (donor mean),block,26,0.4267295597484277,0.2912038128930818,0.5694681112421384,0.7547169811320755,106,59.13057718516896,0.03289240961290973,0.022446054827247437,0.04389472898832965
"Mixtral-8x7B, BOS",STR (donor mean),block,27,0.6143671383647797,0.46465531643081753,0.7763534296383646,0.8113207547169812,106,65.35982039409613,0.04735555601003799,0.03581573539425973,0.05984149545934161
"Mixtral-8x7B, BOS",STR (donor mean),block,28,0.6648290094339624,0.43209807389937105,0.9140352299528299,0.7264150943396226,106,67.20813742343735,0.05124516828348798,0.03330621588067715,0.0704540393263661
"Mixtral-8x7B, BOS",STR (donor mean),block,29,0.8461379716981132,0.6105738993710692,1.0937922562893079,0.7641509433962265,106,91.8344640671832,0.06522050352110276,0.04706317230262774,0.0843097509966421
"Mixtral-8x7B, BOS",STR (donor mean),block,30,-0.1711183176100629,-0.3038249312106918,-0.03939440841194971,0.37735849056603776,106,80.64729089856898,-0.013189838075478931,-0.02341889344128806,-0.003036529784128414
"Mixtral-8x7B, BOS",STR (donor mean),block,31,-0.11415094339622639,-0.38041003341194973,0.16216145833333315,0.4811320754716981,106,146.85761446023136,-0.008798780169112915,-0.029322090195071444,0.012499441365325853
"Mixtral-8x7B, BOS",STR (first donor),attn_layer,0,-0.011202830188679245,-0.04481132075471698,0.02358490566037736,0.24528301886792453,106,0.1741644348246309,-0.0008646975833978064,-0.0034587903335912256,0.0018204159650480136
"Mixtral-8x7B, BOS",STR (first donor),attn_layer,1,-0.04186320754716981,-0.09316037735849056,0.004127358490566038,0.24528301886792453,106,0.3732095194875069,-0.003231238337960224,-0.007190643061939653,0.00031857279388340236
"Mixtral-8x7B, BOS",STR (first donor),attn_layer,2,-0.022995283018867923,-0.05601415094339623,0.010023584905660377,0.18867924528301888,106,0.5409555827390473,-0.0017749055659218131,-0.0043234879169890324,0.0007736767851454058
"Mixtral-8x7B, BOS",STR (first donor),attn_layer,3,0.052476415094339625,0.007075471698113208,0.09966096698113186,0.4056603773584906,106,1.2307166940761063,0.0040504255222318306,0.0005461247895144041,0.007692395212305996
"Mixtral-8x7B, BOS",STR (first donor),attn_layer,4,-0.01474056603773585,-0.07959905660377359,0.041273584905660375,0.3867924528301887,106,1.7120888390631046,-0.0011377599781550085,-0.006143903882037046,0.0031857279388340237
"Mixtral-8x7B, BOS",STR (first donor),attn_layer,5,-0.01061320754716981,-0.07016509433962265,0.047759433962264154,0.330188679245283,106,2.9576500440543554,-0.0008191871842716061,-0.005415737496017841,0.0036863423292222276
"Mixtral-8x7B, BOS",STR (first donor),attn_layer,6,0.022995283018867923,-0.04363207547169811,0.08549528301886793,0.4528301886792453,106,3.407452253800518,0.0017749055659218131,-0.003367769535338825,0.006599007873299049
"Mixtral-8x7B, BOS",STR (first donor),attn_layer,7,0.05483490566037736,-0.030085495283018862,0.13561320754716982,0.5094339622641509,106,4.999805045577715,0.004232467118736632,-0.002322168115414372,0.01046739179902608
"Mixtral-8x7B, BOS",STR (first donor),attn_layer,8,0.07900943396226415,0.0076650943396226415,0.15330188679245282,0.49056603773584906,106,5.067925463307579,0.0060983934829108456,0.0005916351886406044,0.011832703772812089
"Mixtral-8x7B, BOS",STR (first donor),attn_layer,9,0.01945754716981132,-0.039504716981132074,0.07606132075471699,0.46226415094339623,106,4.9728753521757305,0.0015018431711646112,-0.0030491967414554228,0.005870841487279844
"Mixtral-8x7B, BOS",STR (first donor),attn_layer,10,0.0047169811320754715,-0.04893867924528302,0.0607311320754717,0.36792452830188677,106,5.420324168115292,0.00036408319300960273,-0.0037773631274746282,0.004687571109998635
"Mixtral-8x7B, BOS",STR (first donor),attn_layer,11,0.05955188679245283,0.013561320754716982,0.10613207547169812,0.46226415094339623,106,5.383299726360249,0.004596550311746234,0.0010467391799026079,0.008191871842716062
"Mixtral-8x7B, BOS",STR (first donor),attn_layer,12,0.039504716981132074,-0.0065005896226415045,0.0866745283018868,0.41509433962264153,106,5.7951666858961,0.0030491967414554228,-0.0005017521503663584,0.0066900286715514505
"Mixtral-8x7B, BOS",STR (first donor),attn_layer,13,0.04481132075471698,-0.010023584905660377,0.09846698113207547,0.4716981132075472,106,7.7142777285485895,0.0034587903335912256,-0.0007736767851454058,0.007600236654075457
"Mixtral-8x7B, BOS",STR (first donor),attn_layer,14,0.1615566037735849,0.09257075471698113,0.23938679245283018,0.5660377358490566,106,7.939975403389841,0.012469849360578893,0.007145132662813454,0.018477222045237336
"Mixtral-8x7B, BOS",STR (first donor),attn_layer,15,0.7299528301886793,0.5595518867924528,0.9109964622641505,0.8113207547169812,106,14.242306178470827,0.056341874118236025,0.043189368770764125,0.0703158421699358
"Mixtral-8x7B, BOS",STR (first donor),attn_layer,16,0.08726415094339622,0.030070754716981132,0.14681603773584906,0.49056603773584906,106,10.226485061195662,0.00673553907067765,0.0023210303554362173,0.011332089382423884
"Mixtral-8x7B, BOS",STR (first donor),attn_layer,17,0.020636792452830188,-0.030070754716981132,0.07134433962264151,0.41509433962264153,106,10.283676329648719,0.0015928639694170119,-0.0023210303554362173,0.0055067582942702415
"Mixtral-8x7B, BOS",STR (first donor),attn_layer,18,2.3366745283018866,1.9934994103773584,2.7034345518867924,0.9528301886792453,106,19.62771964972874,0.18035771173713194,0.1538695216857052,0.2086663177536067
"Mixtral-8x7B, BOS",STR (first donor),attn_layer,19,2.0442216981132075,1.8154186320754715,2.2789209905660375,0.9811320754716981,106,22.68344824718979,0.15778455377053657,0.14012424338961452,0.1758999681427206
"Mixtral-8x7B, BOS",STR (first donor),attn_layer,20,0.14150943396226415,0.08962264150943396,0.1963443396226415,0.5754716981132075,106,18.43023546236866,0.01092249579028808,0.006917580667182451,0.015154962909024712
"Mixtral-8x7B, BOS",STR (first donor),attn_layer,21,0.15330188679245282,0.06132075471698113,0.2529628537735847,0.44339622641509435,106,15.404095307835993,0.011832703772812089,0.004733081509124835,0.019525098985118082
"Mixtral-8x7B, BOS",STR (first donor),attn_layer,22,0.00589622641509434,-0.03125,0.04186320754716981,0.32075471698113206,106,12.833544551201587,0.0004551039912620034,-0.002412051153688618,0.003231238337960224
"Mixtral-8x7B, BOS",STR (first donor),attn_layer,23,0.09080188679245282,0.04481132075471698,0.13561320754716982,0.5283018867924528,106,17.387840752331716,0.007008601465434852,0.0034587903335912256,0.01046739179902608
"Mixtral-8x7B, BOS",STR (first donor),attn_layer,24,2.452240566037736,2.1196639150943395,2.8001326650943397,0.9622641509433962,106,22.678711238897073,0.18927774996586721,0.1636076093387339,0.21613002321030358
"Mixtral-8x7B, BOS",STR (first donor),attn_layer,25,0.04481132075471698,0.008254716981132075,0.08786851415094318,0.3867924528301887,106,9.962143781050196,0.0034587903335912256,0.0006371455877668047,0.006782187229781989
"Mixtral-8x7B, BOS",STR (first donor),attn_layer,26,0.05837264150943396,0.0294811320754717,0.08903301886792453,0.39622641509433965,106,14.069598393620184,0.004505529513493834,0.002275519956310017,0.006872070268056252
"Mixtral-8x7B, BOS",STR (first donor),attn_layer,27,0.18867924528301888,0.14150943396226415,0.23702830188679244,0.7075471698113207,106,20.430426822518402,0.01456332772038411,0.01092249579028808,0.018295180448732535
"Mixtral-8x7B, BOS",STR (first donor),attn_layer,28,0.11615566037735849,0.07309846698113208,0.16214622641509435,0.5377358490566038,106,24.084095028211486,0.008965548627861466,0.005642151731670687,0.012515359759705094
"Mixtral-8x7B, BOS",STR (first donor),attn_layer,29,0.9180424528301887,0.7812352594339622,1.0654628537735846,0.9245283018867925,106,40.9922613377841,0.07085969143949393,0.060300141082237295,0.08223842898102214
"Mixtral-8x7B, BOS",STR (first donor),attn_layer,30,0.1792452830188679,0.14445754716981132,0.21639150943396226,0.7358490566037735,106,33.40905551190646,0.013835161334364902,0.011150047785919083,0.016702316479315523
"Mixtral-8x7B, BOS",STR (first donor),attn_layer,31,0.6780660377358491,0.5619103773584906,0.8054392688679244,0.8773584905660378,106,78.01904190711255,0.05233695899513039,0.04337141036726892,0.06216834296636781
"Mixtral-8x7B, BOS",STR (first donor),layer,0,0.012382075471698114,-0.018278301886792452,0.04716981132075472,0.29245283018867924,106,0.23454153952452372,0.0009557183816502072,-0.0014108223729122104,0.0036408319300960273
"Mixtral-8x7B, BOS",STR (first donor),layer,1,-0.030660377358490566,-0.08195754716981132,0.014150943396226415,0.2358490566037736,106,0.47836642065700496,-0.0023665407545624176,-0.006325945478541847,0.0010922495790288082
"Mixtral-8x7B, BOS",STR (first donor),layer,2,-0.0047169811320754715,-0.03714622641509434,0.030070754716981132,0.19811320754716982,106,0.8242155071699394,-0.00036408319300960273,-0.0028671551449506215,0.0023210303554362173
"Mixtral-8x7B, BOS",STR (first donor),layer,3,0.013561320754716982,-0.0294811320754717,0.05955188679245283,0.3490566037735849,106,1.6036970390463776,0.0010467391799026079,-0.002275519956310017,0.004596550311746234
"Mixtral-8x7B, BOS",STR (first donor),layer,4,-0.04009433962264151,-0.11556603773584906,0.025943396226415096,0.33962264150943394,106,2.9313334777670086,-0.003094707140581623,-0.008920038228735267,0.002002457561552815
"Mixtral-8x7B, BOS",STR (first donor),layer,5,-0.01650943396226415,-0.09551886792452831,0.05778301886792453,0.44339622641509435,106,4.650479227866766,-0.0012742911755336094,-0.007372684658444455,0.004460019114367633
"Mixtral-8x7B, BOS",STR (first donor),layer,6,0.017099056603773585,-0.07370283018867925,0.09492924528301887,0.4528301886792453,106,5.856897941175497,0.0013198015746598098,-0.005688799890775043,0.007327174259318255
"Mixtral-8x7B, BOS",STR (first donor),layer,7,0.009433962264150943,-0.06780660377358491,0.08551002358490545,0.49056603773584906,106,7.741833416920788,0.0007281663860192055,-0.00523369589951304,0.006600145633277188
"Mixtral-8x7B, BOS",STR (first donor),layer,8,0.08195754716981132,0.012382075471698114,0.15390624999999977,0.5,106,8.529036422945419,0.006325945478541847,0.0009557183816502072,0.011879351931916426
"Mixtral-8x7B, BOS",STR (first donor),layer,9,-0.024764150943396228,-0.10613207547169812,0.057193396226415096,0.42452830188679247,106,9.146730485952125,-0.0019114367633004145,-0.008191871842716062,0.004414508715241433
"Mixtral-8x7B, BOS",STR (first donor),layer,10,0.0330188679245283,-0.04009433962264151,0.10613207547169812,0.4716981132075472,106,9.45968602288444,0.002548582351067219,-0.003094707140581623,0.008191871842716062
"Mixtral-8x7B, BOS",STR (first donor),layer,11,0.07547169811320754,0.00884433962264151,0.1420990566037736,0.4811320754716981,106,10.130936483167252,0.005825331088153644,0.000682655986893005,0.010968006189414282
"Mixtral-8x7B, BOS",STR (first donor),layer,12,-0.012382075471698114,-0.07370283018867925,0.04481132075471698,0.41509433962264153,106,10.67171399998215,-0.0009557183816502072,-0.005688799890775043,0.0034587903335912256
"Mixtral-8x7B, BOS",STR (first donor),layer,13,0.06308962264150944,-0.0076650943396226415,0.1332547169811321,0.5566037735849056,106,12.134507372694195,0.004869612706503437,-0.0005916351886406044,0.010285350202521278
"Mixtral-8x7B, BOS",STR (first donor),layer,14,0.04363207547169811,-0.024778891509433958,0.11440153301886771,0.49056603773584906,106,13.979631900787354,0.003367769535338825,-0.001912574523278569,0.008830155190461004
"Mixtral-8x7B, BOS",STR (first donor),layer,15,0.13679245283018868,0.05070754716981132,0.22407134433962242,0.5754716981132075,106,17.557018136078458,0.010558412597278478,0.00391389432485323,0.017295089427934267
"Mixtral-8x7B, BOS",STR (first donor),layer,16,0.12264150943396226,0.03418337264150944,0.21521226415094338,0.5660377358490566,106,19.452309266576226,0.00946616301824967,0.0026384653893414653,0.016611295681063124
"Mixtral-8x7B, BOS",STR (first donor),layer,17,0.1491745283018868,0.04481132075471698,0.2511792452830189,0.5471698113207547,106,22.001878117615323,0.011514130978928686,0.0034587903335912256,0.019387430027761346
"Mixtral-8x7B, BOS",STR (first donor),layer,18,0.49174528301886794,0.35141509433962265,0.6273584905660378,0.7169811320754716,106,30.204090001448144,0.03795567287125109,0.027124197879215405,0.04842306467027716
"Mixtral-8x7B, BOS",STR (first donor),layer,19,1.0194575471698113,0.7959758254716981,1.267688679245283,0.8301886792452831,106,40.112249455362,0.07868748008920039,0.061437901060392305,0.09784735812133073
"Mixtral-8x7B, BOS",STR (first donor),layer,20,0.9410377358490566,0.7865566037735849,1.0978773584905661,0.8962264150943396,106,41.77170330623411,0.07263459700541575,0.060710872434351255,0.08474036317298504
"Mixtral-8x7B, BOS",STR (first donor),layer,21,1.1014150943396226,0.9245135613207547,1.27890625,0.9056603773584906,106,44.80054634022263,0.08501342556774223,0.07135916806990397,0.09871319346470668
"Mixtral-8x7B, BOS",STR (first donor),layer,22,0.7441037735849056,0.5489386792452831,0.9369251179245282,0.8207547169811321,106,49.873209953308105,0.057434123697264826,0.04237018158649252,0.07231716197151049
"Mixtral-8x7B, BOS",STR (first donor),layer,23,0.4693396226415094,0.3455188679245283,0.5996462264150944,0.7169811320754716,106,44.126160513679935,0.03622627770445547,0.0266690938879534,0.04628407591134575
"Mixtral-8x7B, BOS",STR (first donor),layer,24,0.38443396226415094,0.2034198113207547,0.5819575471698113,0.6509433962264151,106,54.53029132339189,0.029672780230282622,0.015701087698539118,0.04491876393755973
"Mixtral-8x7B, BOS",STR (first donor),layer,25,0.48879716981132076,0.31721698113207547,0.6704009433962265,0.7075471698113207,106,54.610440919984065,0.03772812087562008,0.02448459472989578,0.05174532380648979
"Mixtral-8x7B, BOS",STR (first donor),layer,26,0.30483490566037735,0.16096698113207547,0.4552034198113205,0.6037735849056604,106,57.019557107169675,0.023528876348245575,0.012424338961452694,0.0351351658854048
"Mixtral-8x7B, BOS",STR (first donor),layer,27,0.3755896226415094,0.23172169811320756,0.5341981132075472,0.6415094339622641,106,62.14868673288597,0.028990124243389617,0.017885586856596733,0.04123242160833751
"Mixtral-8x7B, BOS",STR (first donor),layer,28,0.4964622641509434,0.2871314858490566,0.7181751179245282,0.6226415094339622,106,64.91342656117565,0.03831975606426069,0.022162426614481413,0.05543280389569016
"Mixtral-8x7B, BOS",STR (first donor),layer,29,-0.04068396226415094,-0.21699587264150944,0.13444870283018845,0.42452830188679247,106,81.55114325037542,-0.0031402175397078234,-0.01674896463841988,0.010377508760751815
"Mixtral-8x7B, BOS",STR (first donor),layer,30,-0.3602594339622642,-0.5023584905660378,-0.22109375000000023,0.2830188679245283,106,76.87398615423238,-0.02780685386610841,-0.03877486005552269,-0.01706526191234699
"Mixtral-8x7B, BOS",STR (first donor),layer,31,-0.8649764150943396,-1.0990713443396227,-0.6320754716981132,0.1792452830188679,106,130.07610443403135,-0.0667637555181359,-0.0848325217312156,-0.048787147863286764
"Mixtral-8x7B, BOS",STR (first donor),block,0,-0.011202830188679245,-0.04481132075471698,0.02358490566037736,0.2358490566037736,106,0.28726686003073204,-0.0008646975833978064,-0.0034587903335912256,0.0018204159650480136
"Mixtral-8x7B, BOS",STR (first donor),block,1,-0.055424528301886794,-0.12441037735849056,-0.0005896226415094339,0.20754716981132076,106,0.5920558895142574,-0.004277977517862832,-0.00960269421562827,-4.551039912620034e-05
"Mixtral-8x7B, BOS",STR (first donor),block,2,-0.024764150943396228,-0.061925117924528296,0.01179245283018868,0.24528301886792453,106,0.9445170923224036,-0.0019114367633004145,-0.004779729668229191,0.0009102079825240068
"Mixtral-8x7B, BOS",STR (first donor),block,3,0.011202830188679245,-0.04245283018867924,0.06839622641509434,0.36792452830188677,106,1.9303282251897849,0.0008646975833978064,-0.0032767487370864243,0.005279206298639239
"Mixtral-8x7B, BOS",STR (first donor),block,4,-0.017099056603773585,-0.08433077830188679,0.04836379716981111,0.32075471698113206,106,3.205269509891294,-0.0013198015746598098,-0.0065091248350248035,0.0037329904883265665
"Mixtral-8x7B, BOS",STR (first donor),block,5,0.03125,-0.0342128537735849,0.09669811320754718,0.46226415094339623,106,5.076441159788168,0.002412051153688618,-0.002640740909297774,0.007463705456696856
"Mixtral-8x7B, BOS",STR (first donor),block,6,0.07783018867924528,-0.0076650943396226415,0.15860849056603774,0.5094339622641509,106,6.349278400529106,0.006007372684658445,-0.0005916351886406044,0.01224229736494789
"Mixtral-8x7B, BOS",STR (first donor),block,7,0.08844339622641509,-0.0035524764150943345,0.1804392688679243,0.6132075471698113,106,8.41752798602266,0.006826559868930051,-0.00027420015473535663,0.01392731989259544
"Mixtral-8x7B, BOS",STR (first donor),block,8,0.1479952830188679,0.05070754716981132,0.2411556603773585,0.5754716981132075,106,9.230624320372096,0.011423110180676285,0.00391389432485323,0.018613753242615938
"Mixtral-8x7B, BOS",STR (first donor),block,9,0.020636792452830188,-0.0625,0.10023584905660378,0.5188679245283019,106,9.81976976934469,0.0015928639694170119,-0.004824102307377236,0.007736767851454059
"Mixtral-8x7B, BOS",STR (first donor),block,10,0.04540094339622641,-0.04009433962264151,0.12853773584905662,0.44339622641509435,106,10.262381841551584,0.003504300732717426,-0.003094707140581623,0.009921267009511675
"Mixtral-8x7B, BOS",STR (first donor),block,11,0.08844339622641509,0.01061320754716981,0.16568396226415094,0.5094339622641509,106,10.858734054385492,0.006826559868930051,0.0008191871842716061,0.012788422154462296
"Mixtral-8x7B, BOS",STR (first donor),block,12,-0.01945754716981132,-0.08313679245283019,0.0430571933962262,0.4056603773584906,106,11.324597592623729,-0.0015018431711646112,-0.006416966276794248,0.0033233968961907633
"Mixtral-8x7B, BOS",STR (first donor),block,13,0.09257075471698113,0.0047169811320754715,0.17806603773584906,0.5471698113207547,106,13.371201803099435,0.007145132662813454,0.00036408319300960273,0.013744140536112504
"Mixtral-8x7B, BOS",STR (first donor),block,14,0.18514150943396226,0.09610849056603774,0.27476415094339623,0.5849056603773585,106,15.35195031256046,0.014290265325626907,0.0074181950575706555,0.02120784599280936
"Mixtral-8x7B, BOS",STR (first donor),block,15,0.8461084905660378,0.6509433962264151,1.0430719339622638,0.8113207547169812,106,21.335327382357615,0.0653074227460975,0.050243480635325174,0.08051017157420469
"Mixtral-8x7B, BOS",STR (first donor),block,16,0.20931603773584906,0.10731132075471699,0.3130896226415094,0.5943396226415094,106,21.0283574608137,0.01615619168980112,0.008282892640968462,0.024166021936012378
"Mixtral-8x7B, BOS",STR (first donor),block,17,0.14858490566037735,0.03300412735849057,0.26121757075471674,0.5566037735849056,106,23.412007583762115,0.011468620579802486,0.0025474445910890643,0.020162244572884888
"Mixtral-8x7B, BOS",STR (first donor),block,18,2.98938679245283,2.624955778301887,3.347877358490566,0.9622641509433962,106,35.925871354229045,0.2307377235698357,0.20260888362990945,0.25840804623856556
"Mixtral-8x7B, BOS",STR (first donor),block,19,3.3920990566037736,2.9852446933962264,3.8024764150943398,1.0,106,47.26460311097919,0.26182132617303056,0.23041801301597417,0.293496563964866
"Mixtral-8x7B, BOS",STR (first donor),block,20,1.0831367924528301,0.9127358490566038,1.258254716981132,0.9056603773584906,106,45.898047825075544,0.08360260319483002,0.07045009784735813,0.09711919173531151
"Mixtral-8x7B, BOS",STR (first donor),block,21,1.275943396226415,1.0737028301886793,1.4728773584905661,0.8773584905660378,106,47.9596622215127,0.09848450370909753,0.08287443680881082,0.11368497701724846
"Mixtral-8x7B, BOS",STR (first donor),block,22,0.7405660377358491,0.5412588443396226,0.9351562499999998,0.8113207547169812,106,51.868714998353205,0.05716106130250763,0.04177740863787375,0.07218063077413188
"Mixtral-8x7B, BOS",STR (first donor),block,23,0.5625,0.4345518867924528,0.6922169811320755,0.7924528301886793,106,47.60590492104584,0.043416920766395126,0.03354116415600965,0.053429208574159205
"Mixtral-8x7B, BOS",STR (first donor),block,24,2.8413915094339623,2.454569575471698,3.2317216981132075,0.9622641509433962,106,60.05903584102415,0.21931461338915945,0.1894575160424157,0.24944249761070406
"Mixtral-8x7B, BOS",STR (first donor),block,25,0.5395047169811321,0.37087264150943394,0.7128537735849056,0.7641509433962265,106,55.890674735015295,0.041642015200473316,0.02862604105038001,0.05502207254357621
"Mixtral-8x7B, BOS",STR (first donor),block,26,0.3897405660377358,0.24233490566037735,0.5442216981132075,0.660377358490566,106,59.00382383814398,0.030082373822418424,0.01870477404086834,0.04200609839348291
"Mixtral-8x7B, BOS",STR (first donor),block,27,0.558372641509434,0.4074292452830189,0.7211232311320753,0.7641509433962265,106,65.57414000889041,0.043098347972511726,0.03144768579620444,0.05566035589132116
"Mixtral-8x7B, BOS",STR (first donor),block,28,0.6173349056603774,0.38794221698113207,0.8603036556603767,0.6509433962264151,106,68.17638177691765,0.04764938788513176,0.029943567105083512,0.06640308560506071
"Mixtral-8x7B, BOS",STR (first donor),block,29,0.8685141509433962,0.6297169811320755,1.1191185141509432,0.7358490566037735,106,92.31479418052817,0.0670368179128931,0.04860510626678197,0.08637987530150638
"Mixtral-8x7B, BOS",STR (first donor),block,30,-0.1786556603773585,-0.31839622641509435,-0.039504716981132074,0.3584905660377358,106,81.36317720953024,-0.013789650935238703,-0.024575615528148183,-0.0030491967414554228
"Mixtral-8x7B, BOS",STR (first donor),block,31,-0.09139150943396226,-0.3744251179245283,0.19168632075471612,0.5188679245283019,106,152.77329650015201,-0.007054111864561053,-0.028900241205115373,0.014795430755927664
"Mixtral-8x7B, BOS",GN (same cases),attn_layer,0,-0.00294811320754717,-0.02122641509433962,0.01474056603773585,0.2169811320754717,106,0.22945575746444036,-0.0005929088106249259,-0.004268943436499466,0.002964544053124629
"Mixtral-8x7B, BOS",GN (same cases),attn_layer,1,-0.007075471698113208,-0.033623231132075465,0.018278301886792452,0.25471698113207547,106,0.48471689617858743,-0.001422981145499822,-0.006762124985177278,0.00367603462587454
"Mixtral-8x7B, BOS",GN (same cases),attn_layer,2,-0.018867924528301886,-0.04540094339622641,0.005306603773584905,0.22641509433962265,106,0.6711643980640285,-0.003794616387999525,-0.009130795683623858,0.0010672358591248664
"Mixtral-8x7B, BOS",GN (same cases),attn_layer,3,0.01768867924528302,-0.01061320754716981,0.04658018867924528,0.32075471698113206,106,1.4019253535090752,0.003557452863749555,-0.002134471718249733,0.009367959207873828
"Mixtral-8x7B, BOS",GN (same cases),attn_layer,4,0.036556603773584904,-0.004127358490566038,0.07665094339622641,0.42452830188679247,106,1.985902671544057,0.00735206925174908,-0.0008300723348748962,0.015415629076248072
"Mixtral-8x7B, BOS",GN (same cases),attn_layer,5,0.04186320754716981,-0.004127358490566038,0.08962264150943396,0.36792452830188677,106,3.032079422248984,0.008419305110873947,-0.0008300723348748962,0.018024427842997744
"Mixtral-8x7B, BOS",GN (same cases),attn_layer,6,0.057193396226415096,0.014150943396226415,0.1008254716981132,0.4339622641509434,106,3.481923796095938,0.011502430926123563,0.002845962290999644,0.020277481323372464
"Mixtral-8x7B, BOS",GN (same cases),attn_layer,7,0.060141509433962265,0.018867924528301886,0.09964622641509434,0.46226415094339623,106,4.732891663065496,0.012095339736748487,0.003794616387999525,0.020040317799122492
"Mixtral-8x7B, BOS",GN (same cases),attn_layer,8,0.0607311320754717,0.02122641509433962,0.09964622641509434,0.4528301886792453,106,5.136619968234368,0.012213921498873473,0.004268943436499466,0.020040317799122492
"Mixtral-8x7B, BOS",GN (same cases),attn_layer,9,0.03596698113207547,0.003537735849056604,0.0695754716981132,0.42452830188679247,106,4.989740978996709,0.007233487489624095,0.000711490572749911,0.01399264793074825
"Mixtral-8x7B, BOS",GN (same cases),attn_layer,10,0.02535377358490566,-0.004127358490566038,0.055424528301886794,0.36792452830188677,106,6.06325101852417,0.005099015771374363,-0.0008300723348748962,0.011146685639748606
"Mixtral-8x7B, BOS",GN (same cases),attn_layer,11,-0.004127358490566038,-0.0330188679245283,0.024764150943396228,0.3584905660377358,106,6.299981303934781,-0.0008300723348748962,-0.00664057867899917,0.004980434009249377
"Mixtral-8x7B, BOS",GN (same cases),attn_layer,12,0.018278301886792452,-0.009433962264150943,0.04540094339622641,0.330188679245283,106,6.033809983505393,0.00367603462587454,-0.0018973081939997625,0.009130795683623858
"Mixtral-8x7B, BOS",GN (same cases),attn_layer,13,0.039504716981132074,0.0047169811320754715,0.07252358490566038,0.44339622641509435,106,8.100198561290526,0.007944978062374005,0.0009486540969998813,0.014585556741373178
"Mixtral-8x7B, BOS",GN (same cases),attn_layer,14,0.06544811320754718,0.02357016509433963,0.10731132075471699,0.4811320754716981,106,8.612948921491515,0.013162575595873355,0.004740305940946284,0.0215818807067473
"Mixtral-8x7B, BOS",GN (same cases),attn_layer,15,0.4363207547169811,0.3372494103773585,0.5359669811320755,0.7924528301886793,106,12.205086343693283,0.08775050397248903,0.0678258033914384,0.10779082177161153
"Mixtral-8x7B, BOS",GN (same cases),attn_layer,16,0.05837264150943396,0.018278301886792452,0.09964622641509434,0.49056603773584906,106,10.578083474681062,0.011739594450373533,0.00367603462587454,0.020040317799122492
"Mixtral-8x7B, BOS",GN (same cases),attn_layer,17,0.012382075471698114,-0.015919811320754717,0.038325471698113206,0.37735849056603776,106,10.452763521446371,0.0024902170046246885,-0.0032017075773745998,0.007707814538124036
"Mixtral-8x7B, BOS",GN (same cases),attn_layer,18,0.9534198113207547,0.7788767688679245,1.1314858490566038,0.8867924528301887,106,16.799975597633505,0.19174670935610102,0.15664354322305227,0.22755840151784654
"Mixtral-8x7B, BOS",GN (same cases),attn_layer,19,0.9033018867924528,0.7564858490566038,1.0501326650943394,0.8490566037735849,106,19.34979448003589,0.18166725957547727,0.15214040080635596,0.2111970828886517
"Mixtral-8x7B, BOS",GN (same cases),attn_layer,20,0.0660377358490566,0.038310731132075476,0.09551886792452831,0.4811320754716981,106,16.605344147052406,0.01328115735799834,0.007704849994070912,0.0192102454642476
"Mixtral-8x7B, BOS",GN (same cases),attn_layer,21,0.10377358490566038,0.057193396226415096,0.15154775943396204,0.49056603773584906,106,13.810541704015911,0.020870390133997392,0.011502430926123563,0.030478477410174266
"Mixtral-8x7B, BOS",GN (same cases),attn_layer,22,0.022995283018867923,0.001768867924528302,0.04481132075471698,0.33962264150943394,106,10.451142659727132,0.004624688722874421,0.0003557452863749555,0.009012213921498872
"Mixtral-8x7B, BOS",GN (same cases),attn_layer,23,0.041273584905660375,0.013561320754716982,0.06782134433962243,0.44339622641509435,106,15.55982767410998,0.008300723348748961,0.002727380528874659,0.013639867188426377
"Mixtral-8x7B, BOS",GN (same cases),attn_layer,24,0.8136792452830188,0.6415094339622641,0.9946933962264151,0.8018867924528302,106,17.989185108328765,0.16364283173247954,0.12901695719198386,0.20004743270484998
"Mixtral-8x7B, BOS",GN (same cases),attn_layer,25,0.021816037735849055,0.003537735849056604,0.039504716981132074,0.330188679245283,106,10.847931011667791,0.004387525198624451,0.000711490572749911,0.007944978062374005
"Mixtral-8x7B, BOS",GN (same cases),attn_layer,26,0.00884433962264151,-0.012382075471698114,0.031839622641509434,0.25471698113207547,106,14.807602706945167,0.0017787264318747775,-0.0024902170046246885,0.0064034151547491995
"Mixtral-8x7B, BOS",GN (same cases),attn_layer,27,0.10790094339622641,0.07959905660377359,0.13797169811320756,0.6226415094339622,106,19.899376837712413,0.021700462468872285,0.016008537886873,0.02774813233724653
"Mixtral-8x7B, BOS",GN (same cases),attn_layer,28,0.06839622641509434,0.04009433962264151,0.09787735849056604,0.5,106,22.372113632705975,0.01375548440649828,0.008063559824498991,0.01968457251274754
"Mixtral-8x7B, BOS",GN (same cases),attn_layer,29,0.39976415094339623,0.31662735849056606,0.4840801886792453,0.7641509433962265,106,36.08917453154078,0.08039843472073994,0.06367840626111704,0.09735562670461283
"Mixtral-8x7B, BOS",GN (same cases),attn_layer,30,0.0589622641509434,0.03125,0.08608490566037735,0.5094339622641509,106,33.15015216143626,0.011858176212498517,0.006284833392624214,0.017312937270247835
"Mixtral-8x7B, BOS",GN (same cases),attn_layer,31,0.2511792452830189,0.19103773584905662,0.3160377358490566,0.7358490566037735,106,97.46840264662256,0.050515830665243684,0.0384204909284952,0.06355982449899204
"Mixtral-8x7B, BOS",GN (same cases),layer,0,-0.01179245283018868,-0.030675117924528296,0.006485849056603774,0.19811320754716982,106,0.35772836187256957,-0.0023716352424997035,-0.0061692161745523525,0.001304399383374837
"Mixtral-8x7B, BOS",GN (same cases),layer,1,-0.01650943396226415,-0.04363207547169811,0.01061320754716981,0.22641509433962265,106,0.6886971501528092,-0.003320289339499585,-0.008775050397248902,0.002134471718249733
"Mixtral-8x7B, BOS",GN (same cases),layer,2,-0.0011792452830188679,-0.024778891509433958,0.02240566037735849,0.27358490566037735,106,1.0970295147513442,-0.00023716352424997032,-0.004983398553302501,0.004506106960749436
"Mixtral-8x7B, BOS",GN (same cases),layer,3,0.008254716981132075,-0.02122641509433962,0.03716096698113186,0.3018867924528302,106,1.9625139168973238,0.0016601446697497924,-0.004268943436499466,0.007473615557927147
"Mixtral-8x7B, BOS",GN (same cases),layer,4,0.01474056603773585,-0.02653301886792453,0.05837264150943396,0.37735849056603776,106,3.2192593441819244,0.002964544053124629,-0.005336179295624333,0.011739594450373533
"Mixtral-8x7B, BOS",GN (same cases),layer,5,0.036556603773584904,-0.008254716981132075,0.08313679245283019,0.39622641509433965,106,4.876794954515853,0.00735206925174908,-0.0016601446697497924,0.01672002845962291
"Mixtral-8x7B, BOS",GN (same cases),layer,6,0.04481132075471698,-0.003537735849056604,0.09492924528301887,0.44339622641509435,106,6.2314447906782044,0.009012213921498872,-0.000711490572749911,0.019091663702122612
"Mixtral-8x7B, BOS",GN (same cases),layer,7,0.024174528301886794,-0.02653301886792453,0.07488207547169812,0.3867924528301887,106,7.688835665864764,0.004861852247124392,-0.005336179295624333,0.015059883789873118
"Mixtral-8x7B, BOS",GN (same cases),layer,8,0.0011792452830188679,-0.05011792452830189,0.05188679245283019,0.36792452830188677,106,8.523041131361476,0.00023716352424997032,-0.01007944978062374,0.010435195066998696
"Mixtral-8x7B, BOS",GN (same cases),layer,9,-0.03537735849056604,-0.07724056603773585,0.008254716981132075,0.29245283018867924,106,9.060890022313819,-0.00711490572749911,-0.015534210838373058,0.0016601446697497924
"Mixtral-8x7B, BOS",GN (same cases),layer,10,0.00294811320754717,-0.03714622641509434,0.04245283018867924,0.36792452830188677,106,9.856038017093011,0.0005929088106249259,-0.007470651013874065,0.008537886872998932
"Mixtral-8x7B, BOS",GN (same cases),layer,11,0.00294811320754717,-0.0330188679245283,0.03891509433962264,0.33962264150943394,106,10.656191304044903,0.0005929088106249259,-0.00664057867899917,0.007826396300249021
"Mixtral-8x7B, BOS",GN (same cases),layer,12,-0.009433962264150943,-0.05306603773584906,0.0330188679245283,0.330188679245283,106,11.197702673246276,-0.0018973081939997625,-0.010672358591248666,0.00664057867899917
"Mixtral-8x7B, BOS",GN (same cases),layer,13,-0.00589622641509434,-0.05365566037735849,0.041273584905660375,0.37735849056603776,106,12.350480817398935,-0.0011858176212498517,-0.01079094035337365,0.008300723348748961
"Mixtral-8x7B, BOS",GN (same cases),layer,14,0.02653301886792453,-0.01298643867924528,0.06662735849056604,0.37735849056603776,106,14.056320352374383,0.005336179295624333,-0.0026117633108027976,0.013399739120123325
"Mixtral-8x7B, BOS",GN (same cases),layer,15,0.08608490566037735,0.0294811320754717,0.14327830188679244,0.5188679245283019,106,16.97951973159358,0.017312937270247835,0.005929088106249258,0.028815368196371392
"Mixtral-8x7B, BOS",GN (same cases),layer,16,0.06308962264150944,0.01179245283018868,0.11556603773584906,0.49056603773584906,106,18.615067796887093,0.012688248547373415,0.0023716352424997035,0.023242025376497093
"Mixtral-8x7B, BOS",GN (same cases),layer,17,0.12853773584905662,0.0695754716981132,0.18691037735849056,0.5943396226415094,106,21.27005310778348,0.02585082414324677,0.01399264793074825,0.0375904185936203
"Mixtral-8x7B, BOS",GN (same cases),layer,18,0.27712264150943394,0.19043337264150945,0.3679392688679243,0.6415094339622641,106,27.93537219965233,0.055733428198743024,0.03829894462231709,0.07399798411004382
"Mixtral-8x7B, BOS",GN (same cases),layer,19,0.5607311320754716,0.43042452830188677,0.6963590801886791,0.7735849056603774,106,33.695021989210595,0.11277125578086089,0.08656468635123916,0.1400480256136606
"Mixtral-8x7B, BOS",GN (same cases),layer,20,0.4829009433962264,0.3696933962264151,0.5996609669811319,0.7264150943396226,106,33.94306389790661,0.09711846318036285,0.0743507648523657,0.12060061662516301
"Mixtral-8x7B, BOS",GN (same cases),layer,21,0.47759433962264153,0.3602594339622642,0.5972877358490566,0.7735849056603774,106,36.30380830224955,0.096051227321238,0.07245345665836594,0.12012332503260997
"Mixtral-8x7B, BOS",GN (same cases),layer,22,0.28360849056603776,0.19044811320754718,0.37912735849056606,0.6698113207547169,106,37.87971862756981,0.057037827582117874,0.03830190916637021,0.07624807304636547
"Mixtral-8x7B, BOS",GN (same cases),layer,23,0.2918632075471698,0.21933962264150944,0.36851415094339623,0.7358490566037735,106,34.32455362463897,0.05869797225186766,0.04411241551049448,0.07411360132811573
"Mixtral-8x7B, BOS",GN (same cases),layer,24,0.18455188679245282,0.08726415094339622,0.28714622641509435,0.5188679245283019,106,40.892221882658184,0.037116091545120355,0.017550100794497803,0.05774931815486778
"Mixtral-8x7B, BOS",GN (same cases),layer,25,0.2034198113207547,0.11556603773584906,0.298938679245283,0.5471698113207547,106,42.195535785747026,0.040910707933119884,0.023242025376497093,0.06012095339736748
"Mixtral-8x7B, BOS",GN (same cases),layer,26,0.15919811320754718,0.0907871462264151,0.23054245283018868,0.5566037735849056,106,42.49043242436535,0.032017075773746,0.018258626823194592,0.0463654689908692
"Mixtral-8x7B, BOS",GN (same cases),layer,27,0.15271226415094338,0.07547169811320754,0.23702830188679244,0.5188679245283019,106,47.42232997462435,0.030712676390371157,0.0151784655519981,0.047669868374244036
"Mixtral-8x7B, BOS",GN (same cases),layer,28,0.20872641509433962,0.09787735849056604,0.3295990566037736,0.5660377358490566,106,50.288134808810256,0.041977943792244746,0.01968457251274754,0.06628720502786671
"Mixtral-8x7B, BOS",GN (same cases),layer,29,-0.10200471698113207,-0.20106132075471697,-0.00884433962264151,0.3490566037735849,106,68.30520863802928,-0.020514644847622433,-0.04043638088461994,-0.0017787264318747775
"Mixtral-8x7B, BOS",GN (same cases),layer,30,-0.17629716981132076,-0.2688679245283019,-0.08313679245283019,0.3113207547169811,106,69.31506101140437,-0.03545594687537057,-0.05407328352899324,-0.01672002845962291
"Mixtral-8x7B, BOS",GN (same cases),layer,31,-0.09787735849056604,-0.22995283018867924,0.03716096698113186,0.37735849056603776,106,169.12318517576972,-0.01968457251274754,-0.04624688722874421,0.007473615557927147
"Mixtral-8x7B, BOS",GN (same cases),block,0,-0.00294811320754717,-0.02122641509433962,0.01474056603773585,0.2169811320754717,106,0.4067905332963422,-0.0005929088106249259,-0.004268943436499466,0.002964544053124629
"Mixtral-8x7B, BOS",GN (same cases),block,1,-0.02653301886792453,-0.049528301886792456,-0.0047169811320754715,0.18867924528301888,106,0.8447938460224079,-0.005336179295624333,-0.009960868018498754,-0.0009486540969998813
"Mixtral-8x7B, BOS",GN (same cases),block,2,-0.01061320754716981,-0.03716096698113207,0.01474056603773585,0.27358490566037735,106,1.2207198739051819,-0.002134471718249733,-0.007473615557927189,0.002964544053124629
"Mixtral-8x7B, BOS",GN (same cases),block,3,0.033608490566037735,-0.0011792452830188679,0.06662735849056604,0.4056603773584906,106,2.28503876305976,0.006759160441124155,-0.00023716352424997032,0.013399739120123325
"Mixtral-8x7B, BOS",GN (same cases),block,4,0.04658018867924528,-0.004127358490566038,0.09612323113207526,0.46226415094339623,106,3.594327061806085,0.009367959207873828,-0.0008300723348748962,0.019331791770425665
"Mixtral-8x7B, BOS",GN (same cases),block,5,0.047759433962264154,-0.008254716981132075,0.10554245283018868,0.4339622641509434,106,5.307859656945714,0.0096051227321238,-0.0016601446697497924,0.021226135420372345
"Mixtral-8x7B, BOS",GN (same cases),block,6,0.08490566037735849,0.018867924528301886,0.1527270047169809,0.44339622641509435,106,6.76192603246221,0.017075773745997863,0.003794616387999525,0.030715640934424235
"Mixtral-8x7B, BOS",GN (same cases),block,7,0.1008254716981132,0.036556603773584904,0.16568396226415094,0.4811320754716981,106,8.2385665110822,0.020277481323372464,0.00735206925174908,0.03332147515712083
"Mixtral-8x7B, BOS",GN (same cases),block,8,0.06721698113207547,0.011188089622641513,0.12323113207547169,0.5094339622641509,106,9.234237760867712,0.01351832088224831,0.0022500889363215944,0.0247835882841219
"Mixtral-8x7B, BOS",GN (same cases),block,9,0.013561320754716982,-0.03242924528301887,0.05778301886792453,0.36792452830188677,106,9.625978244925445,0.002727380528874659,-0.006521996916874185,0.011621012688248547
"Mixtral-8x7B, BOS",GN (same cases),block,10,0.015919811320754717,-0.025943396226415096,0.05837264150943396,0.4339622641509434,106,10.615239975587377,0.0032017075773745998,-0.005217597533499348,0.011739594450373533
"Mixtral-8x7B, BOS",GN (same cases),block,11,-0.0011792452830188679,-0.04068396226415094,0.03714622641509434,0.33962264150943394,106,11.51505736135087,-0.00023716352424997032,-0.008182141586623976,0.007470651013874065
"Mixtral-8x7B, BOS",GN (same cases),block,12,0.014150943396226415,-0.0294811320754717,0.055424528301886794,0.4056603773584906,106,11.747213795499981,0.002845962290999644,-0.005929088106249258,0.011146685639748606
"Mixtral-8x7B, BOS",GN (same cases),block,13,0.0330188679245283,-0.01945754716981132,0.08490566037735849,0.44339622641509435,106,13.599151966706762,0.00664057867899917,-0.003913198150124511,0.017075773745997863
"Mixtral-8x7B, BOS",GN (same cases),block,14,0.10436320754716981,0.05011792452830189,0.1544811320754717,0.5660377358490566,106,15.79216226541771,0.020988971896122373,0.01007944978062374,0.031068421676746116
"Mixtral-8x7B, BOS",GN (same cases),block,15,0.5625,0.4357311320754717,0.6875,0.7735849056603774,106,19.68375449810388,0.11312700106723585,0.08763192221036405,0.13826633463773272
"Mixtral-8x7B, BOS",GN (same cases),block,16,0.11497641509433962,0.05483490566037736,0.17688679245283018,0.5377358490566038,106,20.391461471341692,0.023123443614372106,0.01102810387762362,0.03557452863749555
"Mixtral-8x7B, BOS",GN (same cases),block,17,0.14563679245283018,0.07959905660377359,0.20931603773584906,0.660377358490566,106,22.59186362320522,0.029289695244871336,0.016008537886873,0.04209652555436973
"Mixtral-8x7B, BOS",GN (same cases),block,18,1.2122641509433962,0.9946786556603773,1.4351415094339623,0.9245283018867925,106,32.00740685552921,0.2438041029289695,0.20004446816079685,0.2886280090122139
"Mixtral-8x7B, BOS",GN (same cases),block,19,1.3555424528301887,1.1397405660377358,1.5713443396226414,0.8867924528301887,106,39.393638763787614,0.2726194711253409,0.22921854618759632,0.31602039606308546
"Mixtral-8x7B, BOS",GN (same cases),block,20,0.5566037735849056,0.4315890330188679,0.688104363207547,0.7547169811320755,106,38.045904519423,0.111941183445986,0.08679888533143602,0.13838788094391077
"Mixtral-8x7B, BOS",GN (same cases),block,21,0.5831367924528302,0.455188679245283,0.7116745283018868,0.8207547169811321,106,39.28507040131767,0.11727736274161034,0.09154512036048855,0.1431281868848571
"Mixtral-8x7B, BOS",GN (same cases),block,22,0.3007075471698113,0.20753242924528303,0.3956367924528302,0.6792452830188679,106,39.581772138487615,0.06047669868374243,0.04173781572394166,0.07956836238586505
"Mixtral-8x7B, BOS",GN (same cases),block,23,0.3272405660377358,0.24882075471698112,0.4080188679245283,0.7452830188679245,106,38.258638543902705,0.06581287797936676,0.05004150361674374,0.08205857939048973
"Mixtral-8x7B, BOS",GN (same cases),block,24,0.964622641509434,0.7753390330188679,1.1568396226415094,0.839622641509434,106,45.435245405952884,0.19399976283647574,0.15593205265030236,0.2326574172892209
"Mixtral-8x7B, BOS",GN (same cases),block,25,0.22818396226415094,0.13679245283018868,0.3248820754716981,0.5754716981132075,106,43.687345810656275,0.04589114194236926,0.02751096881299656,0.06533855093086682
"Mixtral-8x7B, BOS",GN (same cases),block,26,0.16568396226415094,0.09669811320754718,0.23879716981132076,0.5566037735849056,106,45.25331777896521,0.03332147515712083,0.019447408988497568,0.048025613660619
"Mixtral-8x7B, BOS",GN (same cases),block,27,0.25589622641509435,0.17511792452830188,0.3431603773584906,0.7075471698113207,106,51.491304451564574,0.051464484762243565,0.035218783351120594,0.06901458555674138
"Mixtral-8x7B, BOS",GN (same cases),block,28,0.2606132075471698,0.1409198113207547,0.3897405660377358,0.6132075471698113,106,53.74688117908982,0.052413138859243445,0.028341041147871452,0.07838254476461519
"Mixtral-8x7B, BOS",GN (same cases),block,29,0.30129716981132076,0.18278301886792453,0.419811320754717,0.6226415094339622,106,78.06132554108243,0.06059528044586742,0.0367603462587454,0.08443021463298944
"Mixtral-8x7B, BOS",GN (same cases),block,30,-0.10672169811320754,-0.19398584905660377,-0.017099056603773585,0.36792452830188677,106,73.86705270803199,-0.021463298944622317,-0.039013399739120116,-0.00343887110162457
"Mixtral-8x7B, BOS",GN (same cases),block,31,0.17983490566037735,0.030070754716981132,0.33667452830188677,0.5471698113207547,106,209.66778348526864,0.036167437448120475,0.0060476698683742435,0.06771018617336652
