model,corruption,layer,head,val_mean,val_lo,val_hi,val_p,val_pos_frac,disc_mean,spec,spec_lo,spec_hi,share_attn_layer,z_val,z_disc,detected_2sd,clean_IO,clean_S1,clean_S2,corr_IO,corr_S1,corr_S2,clean_final,clean_pos0
Qwen3-30B-A3B-Base,IOI (i) S2 -> IO,42,11,2.24853515625,2.158203125,2.33985595703125,0.0,1.0,2.123046875,2.2210181451612905,2.132937326738911,2.311858933971774,0.6731472007016518,8.464830128816404,8.51852117238455,True,0.059194207191467285,0.06350088119506836,0.7463703155517578,0.06424355506896973,0.05257302522659302,0.7530364990234375,0.0033170022070407867,0.06462080776691437
Qwen3-30B-A3B-Base,IOI (i) S2 -> IO,43,24,1.27001953125,1.203125,1.3369140625,0.0,1.0,1.16796875,1.2223727318548385,1.1558700069304435,1.2898197297127019,0.46546170365068,4.668187126789936,4.566667007810007,True,0.006100796163082123,0.0048286449164152145,0.03909781575202942,0.005852032452821732,0.005528546869754791,0.039813876152038574,0.1995563507080078,0.3979454040527344
Qwen3-30B-A3B-Base,IOI (i) S2 -> IO,42,10,0.869140625,0.791015625,0.9482543945312498,0.0,0.984375,0.85302734375,0.7971270161290323,0.7219446982106855,0.8738722278225804,0.2601958777956439,3.1127759967182143,3.2635249136634923,True,0.8724832534790039,0.030209021642804146,0.01910785585641861,0.033472441136837006,0.8604326248168945,0.020189817994832993,0.00013819383457303047,0.04155919700860977
Qwen3-30B-A3B-Base,IOI (i) S2 -> IO,43,29,0.79833984375,0.75584716796875,0.8413208007812498,0.0,1.0,0.734375,0.735477570564516,0.6937669323336694,0.7775028351814517,0.2925912670007158,2.838068793477776,2.7725737061013174,True,0.000925722997635603,0.0008606277406215668,0.0029342384077608585,0.0006766053847968578,0.0009378101676702499,0.002608067821711302,0.883056640625,0.04855704307556152
Qwen3-30B-A3B-Base,IOI (i) S2 -> IO,43,28,0.630859375,0.599609375,0.6630859375,0.0,1.0,0.5947265625,0.5625945060483871,0.5317178049395161,0.5956098002772178,0.23120973514674303,2.1882441678814293,2.1947463589293745,True,0.023410215973854065,0.016575969755649567,0.06933224201202393,0.01739099621772766,0.022423215210437775,0.06793540716171265,0.29996156692504883,0.06891357898712158
Qwen3-30B-A3B-Base,IOI (i) S2 -> IO,45,9,0.51953125,0.4619140625,0.58203125,0.0,0.96875,0.41162109375,0.40250126008064513,0.34562358240927415,0.4630686113911289,0.12526489286555215,1.7562907724412922,1.4371056065186105,False,0.3520667552947998,0.06421441584825516,0.010780149139463902,0.07040174305438995,0.3441568613052368,0.012608392164111137,0.00040707411244511604,0.5567455291748047
Qwen3-30B-A3B-Base,IOI (i) S2 -> IO,39,28,0.46435546875,0.42431640625,0.50390625,0.0,0.9921875,0.47900390625,0.44873046875,0.41040787235383064,0.487636246219758,0.24862745098039216,1.5422086071573646,1.7159174034057716,False,0.07484334707260132,0.06593191623687744,0.2138988971710205,0.062036752700805664,0.08027893304824829,0.2137281894683838,0.06507909297943115,0.15021848678588867
Qwen3-30B-A3B-Base,IOI (i) S2 -> IO,43,22,0.45263671875,0.41650390625,0.48876953125,0.0,0.984375,0.40966796875,0.3786227318548387,0.3408648090977823,0.4173544606854839,0.16589119541875447,1.4967398286899818,1.4290241051595622,False,0.3009481430053711,0.11870765686035156,0.03841215372085571,0.1160283088684082,0.2970147132873535,0.04007023572921753,0.006332250311970711,0.3020031452178955
Qwen3-30B-A3B-Base,IOI (i) S2 -> IO,45,20,0.42919921875,0.35400390625,0.50732421875,0.0,0.8125,0.45947265625,0.30925529233870963,0.23104996219758064,0.39028084047379025,0.10348481280904168,1.405802271755216,1.63510238981529,False,0.23694568872451782,0.05383092910051346,0.012201117351651192,0.07064536213874817,0.1996455192565918,0.01609192229807377,0.0012928596697747707,0.6534318923950195
Qwen3-30B-A3B-Base,IOI (i) S2 -> IO,39,19,0.42578125,0.38818359375,0.4638671875,0.0,0.9921875,0.38818359375,0.40891192036290325,0.37496771043346777,0.44370786605342744,0.22797385620915034,1.3925405447022294,1.3401275902100327,False,0.05628226697444916,0.06519981473684311,0.5948923230171204,0.06870231032371521,0.055078551173210144,0.5768632888793945,0.004071462899446487,0.2112569808959961
Qwen3-30B-A3B-Base,IOI (i) S2 -> IO,43,31,0.35693359375,0.3310546875,0.38427734375,0.0,1.0,0.3154296875,0.2798324092741935,0.2542039440524193,0.306987540952621,0.13081603435934144,1.1254114712063552,1.039091664585489,False,0.045540839433670044,0.026280879974365234,0.011290177702903748,0.026124119758605957,0.04665255546569824,0.011792793869972229,0.0766305923461914,0.5231428146362305
Qwen3-30B-A3B-Base,IOI (i) S2 -> IO,45,22,0.3466796875,0.25439453125,0.44775390625,0.0,0.546875,0.42236328125,0.22407384072580644,0.1300442603326613,0.32743983114919345,0.08358841535201318,1.0856262900473952,1.4815538639933754,False,0.20474272966384888,0.06216337904334068,0.009803129360079765,0.06456702202558517,0.19422686100006104,0.012071000412106514,0.000458461232483387,0.693572998046875
Qwen3-30B-A3B-Base,IOI (i) S2 -> IO,45,31,0.34619140625,0.24755859375,0.4516723632812498,0.0,0.6015625,0.3310546875,0.2235698084677419,0.1239592521421371,0.32986745526713696,0.08347068518954556,1.0837317576112542,1.1037436754578744,False,0.16929349303245544,0.06213320791721344,0.008575782179832458,0.04572557285428047,0.21110007166862488,0.0064106592908501625,0.0012972000986337662,0.7252931594848633
Qwen3-30B-A3B-Base,IOI (i) S2 -> IO,45,29,0.31591796875,0.2548828125,0.38330078125,0.0,0.8125,0.22412109375,0.19231980846774194,0.13300072454637096,0.2597368794102822,0.07617141511655286,0.9662707465705151,0.6612814760499882,False,0.2685626149177551,0.050069913268089294,0.007065783254802227,0.04687044024467468,0.2939666509628296,0.0063147349283099174,0.0002497588284313679,0.6542196273803711
Qwen3-30B-A3B-Base,IOI (i) S2 -> IO,45,24,0.2705078125,0.181640625,0.3618286132812498,0.0,0.5390625,0.2138671875,0.14544480846774194,0.05542267830141129,0.23777091733870956,0.0652225100070638,0.7900792300094065,0.6188535939149854,False,0.16834959387779236,0.04836244881153107,0.006735330447554588,0.04606110602617264,0.18404003977775574,0.005627157166600227,0.001079730223864317,0.7540397644042969
Qwen3-30B-A3B-Base,IOI (i) S2 -> IO,42,16,0.2607421875,0.2373046875,0.2841796875,0.0,0.96875,0.23388671875,0.16910282258064518,0.1447202620967742,0.19435365738407254,0.07805876333869317,0.7521885812865875,0.701688982845229,False,0.34658342599868774,0.04937376081943512,0.01441432535648346,0.07265971601009369,0.28103142976760864,0.017508596181869507,0.0023505468852818012,0.5442931652069092
Qwen3-30B-A3B-Base,IOI (i) S2 -> IO,45,10,0.22705078125,0.15380859375,0.3061645507812498,0.0,0.4921875,0.21533203125,0.1005859375,0.025591844128024187,0.1798627299647175,0.05474452554744526,0.6214658431928618,0.6249147199342716,False,0.18331706523895264,0.04635528102517128,0.008146128617227077,0.05363619327545166,0.18602997064590454,0.007750818505883217,0.00046057673171162605,0.7344527244567871
Qwen3-30B-A3B-Base,IOI (i) S2 -> IO,45,5,0.2216796875,0.16748046875,0.2841796875,0.0,0.7109375,0.21337890625,0.09504158266129031,0.039739399571572576,0.158852066532258,0.05344949376030139,0.6006259863953113,0.6168332185752234,False,0.19560633599758148,0.0699440985918045,0.014737105928361416,0.0660676434636116,0.2093762755393982,0.013054169714450836,0.0006669820286333561,0.6806173324584961
Qwen3-30B-A3B-Base,IOI (i) S2 -> IO,45,27,0.2021484375,0.12890625,0.28564453125,0.0,0.5390625,0.14794921875,0.07488029233870966,-0.0003965316280241986,0.15911786479334675,0.04874028726159642,0.5248446889496732,0.3461029230471105,False,0.20420897006988525,0.04639503359794617,0.007165530696511269,0.04594344645738602,0.22241449356079102,0.006893843412399292,0.0006609456613659859,0.7211728096008301
Qwen3-30B-A3B-Base,IOI (i) S2 -> IO,39,24,0.201171875,0.17626953125,0.2265625,0.0,0.890625,0.20458984375,0.1770570816532258,0.1555876701108871,0.199408943422379,0.10771241830065359,0.5210556240773913,0.5804664624595067,False,0.11316585540771484,0.0863105058670044,0.20862650871276855,0.10111629962921143,0.10414838790893555,0.2046363353729248,0.0332983136177063,0.3299546241760254
Qwen3-30B-A3B-Base,IOI (i) S2 -> IO,43,23,0.17919921875,0.158203125,0.20068359375,0.0,0.8984375,0.1962890625,0.09636466733870969,0.07552568989415322,0.11818020728326614,0.06567644953471725,0.43580166445104845,0.5461200816835521,False,0.10940182209014893,0.08119887113571167,0.2169884443283081,0.07764613628387451,0.102114737033844,0.2127981185913086,0.006245933473110199,0.5083036422729492
Qwen3-30B-A3B-Base,IOI (i) S2 -> IO,39,17,0.177734375,0.15478515625,0.20068359375,0.0,0.8828125,0.1455078125,0.152863533266129,0.1337252709173387,0.17283620526713708,0.09516339869281046,0.43011806714262557,0.3360010463483003,False,0.16822290420532227,0.1418452262878418,0.4396095275878906,0.1528029441833496,0.1613450050354004,0.4324526786804199,0.0020576873794198036,0.2062838077545166
Qwen3-30B-A3B-Base,IOI (i) S2 -> IO,45,28,0.1669921875,0.1240234375,0.21484375,0.0,0.6171875,0.185546875,0.03858996975806452,-0.005166330645161282,0.08663133190524193,0.04026371556392748,0.38843835354752465,0.5016718242087873,False,0.1744326651096344,0.04346649721264839,0.005572349298745394,0.04308691248297691,0.17868775129318237,0.0057554286904633045,0.0004615793004631996,0.7438554763793945
Qwen3-30B-A3B-Base,IOI (i) S2 -> IO,45,17,0.1611328125,0.12352294921875001,0.205078125,0.0,0.71875,0.12744140625,0.03254158266129033,-0.005182081653225805,0.07494762789818543,0.03885095361431599,0.36570396431383323,0.2612471587771049,False,0.19932258129119873,0.05351848900318146,0.013135131448507309,0.054926007986068726,0.21424853801727295,0.011415358632802963,0.0005550370551645756,0.6777353286743164
Qwen3-30B-A3B-Base,IOI (i) S2 -> IO,45,23,0.1435546875,0.0673828125,0.2294921875,0.0002,0.390625,0.13623046875,0.014396421370967746,-0.06261065083165324,0.10291944934475802,0.03461266776548152,0.2975007966127589,0.2976139148928216,False,0.14263728260993958,0.036465615034103394,0.006471936125308275,0.04303037002682686,0.13686615228652954,0.008109107613563538,0.0008373772725462914,0.7741231918334961
Qwen3-30B-A3B-Base,IOI (i) S2 -> IO,45,13,0.12890625,0.06640625,0.20020751953124982,0.0,0.34375,0.12646484375,-0.0007245463709677439,-0.06555687689012096,0.07502205141129034,0.03108076289145279,0.24066482352853036,0.25720640809758083,False,0.1483479142189026,0.04298747330904007,0.006667420733720064,0.03995751962065697,0.16946116089820862,0.005842307582497597,0.0007149786688387394,0.7658834457397461
Qwen3-30B-A3B-Base,IOI (i) S2 -> IO,45,6,0.12353515625,0.07421875,0.17822265625,0.0,0.4296875,0.1298828125,-0.006268901209677422,-0.05713008757560484,0.05048631237399188,0.029785731104308925,0.21982496673097987,0.2713490354759151,False,0.14973172545433044,0.041683927178382874,0.006857261992990971,0.04694623500108719,0.1329006552696228,0.007981096394360065,0.0007566390559077263,0.7342758178710938
Qwen3-30B-A3B-Base,IOI (i) S2 -> IO,45,8,0.12255859375,0.06494140625,0.18505859375,0.0,0.34375,0.12158203125,-0.007276965725806453,-0.06595065209173387,0.05588575793850805,0.029550270779373677,0.21603590185869798,0.23700265469996049,False,0.1380157768726349,0.03537703678011894,0.005806421861052513,0.038337286561727524,0.130567267537117,0.00906627532094717,0.0010609747841954231,0.7760238647460938
Qwen3-30B-A3B-Base,IOI (i) S2 -> IO,43,3,0.11376953125,0.0908203125,0.1376953125,0.0,0.7421875,0.13427734375,0.028824344758064516,0.006253150201612905,0.051427828881048375,0.04169649248389406,0.18193431800816082,0.28953241353377346,False,0.10195797681808472,0.03178170323371887,0.12766098976135254,0.03313875198364258,0.0914810299873352,0.13055086135864258,0.027677327394485474,0.6168956756591797
Qwen3-30B-A3B-Base,IOI (i) S2 -> IO,45,4,0.11376953125,0.095703125,0.1328125,0.0,0.7734375,0.095703125,-0.016349546370967742,-0.03370755103326613,0.0021267798639112868,0.02743112785495644,0.18193431800816082,0.12992276169257252,False,0.13278478384017944,0.047574251890182495,0.009978197515010834,0.049854815006256104,0.12470614910125732,0.009876281023025513,0.0020520873367786407,0.7499332427978516
Qwen3-30B-A3B-Base,IOI (i) S2 -> IO,39,29,0.08349609375,0.06396484375,0.10400390625,0.0,0.6875,0.068359375,0.05558530745967742,0.03644783266129033,0.07576234879032256,0.04470588235294118,0.06447330696742179,0.016781742665898432,False,0.21031087636947632,0.08157587051391602,0.029799431562423706,0.09240904450416565,0.1999877393245697,0.02829718589782715,0.029881343245506287,0.18788886070251465
Qwen3-30B-A3B-Base,IOI (i) S2 -> IO,45,0,0.07861328125,0.05126953125,0.10888671875,0.0,0.453125,0.06396484375,-0.052639868951612906,-0.07878890498991935,-0.024177403603830652,0.018954556157287496,0.04552798260601226,-0.0014016353919599019,False,0.10058152675628662,0.03217092901468277,0.005937103182077408,0.030536655336618423,0.10454678535461426,0.006049890071153641,0.0011034454219043255,0.8016204833984375
Qwen3-30B-A3B-Base,IOI (i) S2 -> IO,43,15,0.0732421875,0.05712890625,0.08935546875,0.0,0.703125,0.04443359375,-0.013010332661290322,-0.029250409526209678,0.0036388766381048325,0.026843235504652826,0.024688125808461785,-0.08221664898244138,False,0.2420945167541504,0.14620375633239746,0.030684471130371094,0.16442275047302246,0.21914434432983398,0.02981632947921753,0.01399734616279602,0.41539859771728516
Qwen3-30B-A3B-Base,IOI (i) S2 -> IO,42,12,0.07275390625,0.05224609375,0.09375,0.0,0.6796875,0.0732421875,-0.024949596774193547,-0.04397681451612903,-0.004425245715725817,0.021780441455927495,0.02279359337232083,0.0369854960635188,False,0.20231866836547852,0.11997842788696289,0.04669782519340515,0.12819254398345947,0.1876918077468872,0.047149062156677246,0.006689667701721191,0.42841148376464844
Qwen3-30B-A3B-Base,IOI (i) S2 -> IO,45,2,0.072265625,0.0380859375,0.1103515625,0.0,0.4375,0.068359375,-0.05919228830645162,-0.09368778351814516,-0.021814752394153234,0.01742406404520838,0.02089906093617988,0.016781742665898432,False,0.1378151923418045,0.037397511303424835,0.0068948226980865,0.04527278244495392,0.1188572347164154,0.006560967303812504,0.001097181811928749,0.7462310791015625
Qwen3-30B-A3B-Base,IOI (i) S2 -> IO,45,30,0.0712890625,0.03271484375,0.1162109375,0.0003,0.3203125,0.091796875,-0.06020035282258064,-0.0983674080141129,-0.016144783266129035,0.017188603720273133,0.017109996063897976,0.11375975897447621,False,0.10433769226074219,0.021327774971723557,0.0025806045159697533,0.02286061830818653,0.09322402626276016,0.0038947579450905323,0.0005173087120056152,0.8438100814819336
Qwen3-30B-A3B-Base,IOI (i) S2 -> IO,45,7,0.06689453125,0.0419921875,0.09521484375,0.0,0.53125,0.03955078125,-0.0647366431451613,-0.08965552545362902,-0.03712315713205648,0.016129032258064516,5.920413862940476e-05,-0.10242040238006175,False,0.12490108609199524,0.03235623985528946,0.005802915431559086,0.03833216056227684,0.11475294828414917,0.006833003833889961,0.001758162397891283,0.7936973571777344
Qwen3-30B-A3B-Base,IOI (i) S2 -> IO,45,12,0.06591796875,0.0126953125,0.12890625,0.0202,0.234375,0.01611328125,-0.06574470766129033,-0.12030738092237903,-0.0019802954889113523,0.015893571933129267,-0.0037298607336525,-0.19939841868863956,False,0.1217261552810669,0.031130269169807434,0.003896140493452549,0.026019353419542313,0.13385796546936035,0.002893148921430111,0.0009824722073972225,0.79290771484375
Qwen3-30B-A3B-Base,IOI (i) S2 -> IO,43,26,0.06201171875,0.04736328125,0.07666015625,0.0,0.65625,0.04345703125,-0.024603074596774195,-0.0385588615171371,-0.01063153666834678,0.022727272727272728,-0.01888612022278012,-0.08625739966196547,False,0.0025499332696199417,0.002364286221563816,0.025414228439331055,0.002393249422311783,0.0023961681872606277,0.024414390325546265,0.30770397186279297,0.3046913146972656
Qwen3-30B-A3B-Base,IOI (i) S2 -> IO,42,13,0.06201171875,0.0478515625,0.07666015625,0.0,0.6328125,0.06884765625,-0.036038306451612906,-0.048230374243951615,-0.022917716733870965,0.018564537348340886,-0.01888612022278012,0.018802118005660468,False,0.0181485116481781,0.022054150700569153,0.09770649671554565,0.021832764148712158,0.016588658094406128,0.09980416297912598,0.004564803093671799,0.7894859313964844
Qwen3-30B-A3B-Base,IOI (i) S2 -> IO,43,7,0.060546875,0.04150390625,0.0791015625,0.0,0.5625,0.07275390625,-0.026115171370967742,-0.04432333669354838,-0.00823738344254033,0.02219040801717967,-0.024569717531202975,0.034965120723756765,False,0.36274147033691406,0.08423709869384766,0.0858457088470459,0.09471654891967773,0.32892417907714844,0.09009099006652832,0.006586644798517227,0.3875236511230469
Qwen3-30B-A3B-Base,IOI (i) S2 -> IO,39,31,0.048828125,0.0341796875,0.06396484375,0.0,0.53125,0.06201171875,0.019799017137096774,0.005638073336693548,0.03492077242943547,0.026143790849673203,-0.07003849599858583,-0.00948313675100805,False,0.17194592952728271,0.03745408356189728,0.018102213740348816,0.040921762585639954,0.16984152793884277,0.016126401722431183,0.0083514004945755,0.6062054634094238
Qwen3-30B-A3B-Base,IOI (i) S2 -> IO,45,19,0.04443359375,0.01171875,0.0810546875,0.0146,0.2890625,0.04638671875,-0.08792212701612903,-0.12098743069556452,-0.05104783581149195,0.010713444784553803,-0.0870892879238544,-0.07413514762339324,False,0.11595645546913147,0.026273511350154877,0.005474180448800325,0.028061483055353165,0.09811842441558838,0.006826805882155895,0.0011263773776590824,0.8139610290527344
Qwen3-30B-A3B-Base,IOI (i) S2 -> IO,42,2,0.0419921875,0.029296875,0.05517578125,0.0,0.5078125,0.0400390625,-0.05670362903225806,-0.06873818674395162,-0.044591103830645164,0.01257126151147493,-0.09656195010455916,-0.10040002704029972,False,3.760913386940956e-05,4.394957795739174e-05,0.00019996706396341324,3.9863865822553635e-05,3.849901258945465e-05,0.00018183747306466103,0.9524993896484375,0.03892669081687927
Qwen3-30B-A3B-Base,IOI (i) S2 -> IO,45,14,0.0390625,0.00048828125,0.08349609375,0.0712,0.25,0.04150390625,-0.0934664818548387,-0.13404186617943548,-0.04794488722278227,0.009418412997409937,-0.10792914472140488,-0.09433890102101361,False,0.12940415740013123,0.02430904284119606,0.002835349179804325,0.03231854736804962,0.11377057433128357,0.003573371097445488,0.00046294229105114937,0.8111076354980469
Qwen3-30B-A3B-Base,IOI (i) S2 -> IO,45,3,0.03173828125,0.0126953125,0.052734375,0.0011,0.359375,0.0126953125,-0.10102696572580647,-0.12144027217741936,-0.07717954574092742,0.0076524605603955735,-0.13634713126351916,-0.2135410460669738,False,0.11606217920780182,0.040391501039266586,0.005691164173185825,0.032978616654872894,0.12412215769290924,0.005713543388992548,0.0015513328835368156,0.8040580749511719
Qwen3-30B-A3B-Base,IOI (i) S2 -> IO,45,16,0.029296875,0.01416015625,0.044921875,0.0001,0.3828125,0.03369140625,-0.10354712701612905,-0.11854248046874999,-0.08800088205645161,0.007063809748057453,-0.14581979344422394,-0.1266649064572062,False,0.10904590785503387,0.02789316698908806,0.004589456599205732,0.028912365436553955,0.10179206728935242,0.005290360655635595,0.0008282545022666454,0.8209495544433594
Qwen3-30B-A3B-Base,IOI (i) S2 -> IO,42,7,0.02294921875,0.01171875,0.0341796875,0.0,0.4453125,0.0126953125,-0.07636088709677419,-0.08563941217237903,-0.06687720514112906,0.006870340593480485,-0.17044871511405632,-0.2135410460669738,False,0.0029289517551660538,0.0029776841402053833,0.005833655595779419,0.002999326214194298,0.002933356910943985,0.0059494152665138245,0.189833402633667,0.6045455932617188
Qwen3-30B-A3B-Base,IOI (i) S2 -> IO,43,20,0.0185546875,0.0078125,0.02978515625,0.0021,0.390625,0.00537109375,-0.06946194556451613,-0.07924371534778227,-0.05911313949092742,0.006800286327845383,-0.1874995070393249,-0.24384667616340436,False,0.04128113389015198,0.010724060237407684,0.003941625356674194,0.010395169258117676,0.039619892835617065,0.0037714987993240356,0.001354464329779148,0.9126358032226562
Qwen3-30B-A3B-Base,IOI (i) S2 -> IO,42,18,0.0185546875,0.00732421875,0.029296875,0.0026,0.4453125,0.01416015625,-0.08089717741935484,-0.0906159431703629,-0.07091103830645162,0.00555474345855869,-0.1874995070393249,-0.2074799200476877,False,0.020704325288534164,0.007124228402972221,0.0025358526036143303,0.008932175114750862,0.020415902137756348,0.002556866966187954,0.0035826819948852062,0.9260749816894531
Qwen3-30B-A3B-Base,IOI (i) S2 -> IO,39,15,0.01416015625,0.00048828125,0.02783203125,0.0598,0.40625,0.02001953125,-0.01598727318548387,-0.026210071194556452,-0.005827479208669361,0.007581699346405229,-0.20455029896459345,-0.18323541597054324,False,0.14867818355560303,0.12469619512557983,0.24973000586032867,0.15892475843429565,0.12896978855133057,0.25292205810546875,0.015486780554056168,0.2307450771331787
Qwen3-30B-A3B-Base,IOI (i) S2 -> IO,42,3,0.01171875,0.0,0.0234375,0.0646,0.375,0.01220703125,-0.08795362903225806,-0.0973416236139113,-0.07821911227318548,0.00350825902645812,-0.2140229611452982,-0.21556142140673584,False,0.01392151415348053,0.01338212937116623,0.10845375061035156,0.014006830751895905,0.012884348630905151,0.1148984432220459,0.10896897315979004,0.2622199058532715
Qwen3-30B-A3B-Base,IOI (i) S2 -> IO,42,29,0.01025390625,-0.0009765625,0.02197265625,0.1017,0.328125,-0.00830078125,-0.08946572580645162,-0.09882418724798386,-0.07995172316028225,0.003069726648150855,-0.21970655845372106,-0.3004171856767414,False,0.008945992216467857,0.00821639969944954,0.016984306275844574,0.007693137973546982,0.010120172053575516,0.01783834397792816,0.07374763488769531,0.8015365600585938
Qwen3-30B-A3B-Base,IOI (i) S2 -> IO,42,17,0.0087890625,-0.0009765625,0.01904296875,0.1071,0.328125,-0.0068359375,-0.09097782258064516,-0.10005119077620968,-0.08158982799899195,0.00263119426984359,-0.2253901557621439,-0.2943560596574553,False,0.0030015413649380207,0.0013387217186391354,0.00044007599353790283,0.0015088957734405994,0.002760169096291065,0.0004471689462661743,0.004956675693392754,0.9473152160644531
Qwen3-30B-A3B-Base,IOI (i) S2 -> IO,42,31,0.0087890625,-0.001953125,0.01904296875,0.1456,0.359375,-0.0048828125,-0.09097782258064516,-0.10016066028225806,-0.08212536227318548,0.00263119426984359,-0.2253901557621439,-0.28627455829840714,False,0.0011207377538084984,0.0010525146499276161,0.0023606345057487488,0.0010146629065275192,0.0011125868186354637,0.0021882858127355576,0.08049988746643066,0.8345947265625
Qwen3-30B-A3B-Base,IOI (i) S2 -> IO,32,15,0.0087890625,-0.005859375,0.0234375,0.2867,0.3984375,0.01904296875,0.016948084677419352,0.0054967080393145155,0.02821044921874999,-0.9473684210526315,-0.2253901557621439,-0.18727616665006733,False,0.019516557455062866,0.01655086874961853,0.04653578996658325,0.018846049904823303,0.016215525567531586,0.04587462544441223,0.11846590042114258,0.5270681381225586
Qwen3-30B-A3B-Base,IOI (i) S2 -> IO,43,16,0.0078125,-0.00341796875,0.0185546875,0.1971,0.3359375,-0.0078125,-0.08055065524193547,-0.09036353326612903,-0.07089449974798388,0.002863278453829635,-0.22917922063442583,-0.29839681033697935,False,0.049242258071899414,0.021481424570083618,0.045944035053253174,0.022836357355117798,0.04349827766418457,0.05039036273956299,0.05151170492172241,0.43331050872802734
Qwen3-30B-A3B-Base,IOI (i) S2 -> IO,43,4,0.00732421875,-0.001965332031249996,0.017102050781249822,0.1855,0.3046875,-0.0107421875,-0.0810546875,-0.09014341292842742,-0.07152454007056452,0.002684323550465283,-0.2310737530705668,-0.3105190623755516,False,0.02813238650560379,0.011980058625340462,0.002342729829251766,0.009147252887487411,0.03498763218522072,0.002217778004705906,0.006447739899158478,0.88946533203125
Qwen3-30B-A3B-Base,IOI (i) S2 -> IO,42,28,0.0068359375,-0.0048828125,0.0185546875,0.2953,0.359375,-0.00927734375,-0.09299395161290322,-0.10217718308971774,-0.08379457535282259,0.00204648443210057,-0.23296828550670773,-0.3044579363562655,False,0.025157198309898376,0.02699429541826248,0.007811984047293663,0.02260550856590271,0.03335198014974594,0.007786296308040619,0.023416370153427124,0.8197898864746094
Qwen3-30B-A3B-Base,IOI (i) S2 -> IO,43,11,0.0068359375,-0.00537109375,0.01953125,0.3228,0.3203125,0.00048828125,-0.08155871975806452,-0.09178112399193547,-0.07079959992439518,0.0025053686471009306,-0.23296828550670773,-0.26405042956102476,False,0.0750589370727539,0.04502135515213013,0.026968687772750854,0.052865564823150635,0.06355822086334229,0.026491880416870117,0.05863243341445923,0.48187828063964844
Qwen3-30B-A3B-Base,IOI (i) S2 -> IO,32,16,0.00634765625,-0.00830078125,0.02099609375,0.4333,0.3671875,-0.00146484375,0.014427923387096774,0.004283486643145162,0.024146689138104832,-0.6842105263157895,-0.2348628179428487,-0.2721319309200729,False,0.0017805038951337337,0.001179263461381197,4.7462061047554016e-05,0.0018385602161288261,0.0011105132289230824,4.1774939745664597e-05,0.7804737091064453,0.20883888006210327
Qwen3-30B-A3B-Base,IOI (i) S2 -> IO,32,13,0.005859375,-0.00830078125,0.01953125,0.4469,0.375,0.00634765625,0.013923891129032256,0.002756426411290324,0.02487084173387097,-0.631578947368421,-0.23675735037898965,-0.23980592548388027,False,0.04954838752746582,0.04435458779335022,0.030833780765533447,0.045339375734329224,0.04537409543991089,0.03151574730873108,0.02119949460029602,0.6176643371582031
Qwen3-30B-A3B-Base,IOI (i) S2 -> IO,42,6,0.005859375,-0.0078125,0.02001953125,0.4446,0.34375,0.00634765625,-0.09400201612903225,-0.10450833228326614,-0.08324289629536293,0.00175412951322906,-0.23675735037898965,-0.23980592548388027,False,0.00020839041098952293,0.00018807081505656242,0.014992520213127136,0.00019851746037602425,0.00018225843086838722,0.014893241226673126,0.08002007007598877,0.23631954193115234
Qwen3-30B-A3B-Base,IOI (i) S2 -> IO,43,25,0.005859375,-0.00634765625,0.0185546875,0.4018,0.3359375,-0.0009765625,-0.08256678427419355,-0.09286833732358869,-0.07212347215221773,0.0021474588403722263,-0.23675735037898965,-0.27011155558031086,False,0.07069927453994751,0.04289725422859192,0.01921197772026062,0.04417949914932251,0.06972116231918335,0.01841520518064499,0.016586914658546448,0.6814174652099609
Qwen3-30B-A3B-Base,IOI (i) S2 -> IO,43,10,0.005859375,-0.0048828125,0.0166015625,0.3273,0.2890625,0.0,-0.08256678427419355,-0.09143460181451613,-0.07319493447580645,0.0021474588403722263,-0.23675735037898965,-0.2660708049007868,False,0.03869188204407692,0.022497642785310745,0.013155791908502579,0.022464238107204437,0.03858121484518051,0.012901785783469677,0.002152795437723398,0.8981571197509766
Qwen3-30B-A3B-Base,IOI (i) S2 -> IO,45,1,0.00537109375,-0.0078125,0.01904296875,0.4807,0.3203125,-0.0166015625,-0.12824470766129034,-0.14267578125,-0.11328125,0.0012950317871438662,-0.23865188281513058,-0.33476356645269606,False,0.07382899522781372,0.019890356808900833,0.0027265269309282303,0.019846510142087936,0.07027731835842133,0.002682591788470745,0.002516091801226139,0.8533782958984375
Qwen3-30B-A3B-Base,IOI (i) S2 -> IO,43,1,0.0048828125,-0.00537109375,0.0146484375,0.3887,0.328125,-0.01025390625,-0.08357484879032258,-0.09181380733366937,-0.0749114005796371,0.0017895490336435219,-0.24054641525127154,-0.30849868703578953,False,0.010665513575077057,0.0035856072790920734,0.0013578548096120358,0.0036296434700489044,0.009463515132665634,0.0013761725276708603,0.013976648449897766,0.8806266784667969
Qwen3-30B-A3B-Base,IOI (i) S2 -> IO,42,30,0.00439453125,-0.0068359375,0.01611328125,0.4932,0.3203125,-0.005859375,-0.09551411290322581,-0.10561090284778227,-0.08549607799899193,0.001315597134921795,-0.2424409476874125,-0.29031530897793123,False,0.006688363384455442,0.006912458222359419,0.044744864106178284,0.006590976379811764,0.0067558009177446365,0.04464414715766907,0.29340630769729614,0.3484067916870117
Qwen3-30B-A3B-Base,IOI (i) S2 -> IO,42,25,0.00390625,-0.0078125,0.01513671875,0.5739,0.296875,-0.00927734375,-0.09601814516129031,-0.10608303931451613,-0.08626827116935484,0.00116941967548604,-0.24433548012355344,-0.3044579363562655,False,0.00254162959754467,0.0026363241486251354,0.018747419118881226,0.0024220142513513565,0.002714982256293297,0.01921325922012329,0.40386533737182617,0.29912614822387695
Qwen3-30B-A3B-Base,IOI (i) S2 -> IO,42,4,0.00390625,-0.00732421875,0.0146484375,0.5449,0.328125,-0.00341796875,-0.09601814516129031,-0.10543724798387097,-0.08697706653225806,0.00116941967548604,-0.24433548012355344,-0.28021343227912104,False,0.006047108210623264,0.00556732714176178,0.06920003890991211,0.005471440963447094,0.006007750518620014,0.06883120536804199,0.13180041313171387,0.4964771270751953
Qwen3-30B-A3B-Base,IOI (i) S2 -> IO,42,24,0.0029296875,-0.00830078125,0.01416015625,0.6723,0.3515625,-0.00830078125,-0.09702620967741934,-0.10713993195564517,-0.08733933971774194,0.00087706475661453,-0.24812454499583536,-0.3004171856767414,False,0.010999612510204315,0.010196380317211151,0.009301513433456421,0.01013118028640747,0.012510495260357857,0.009103581309318542,0.061654746532440186,0.7540779113769531
Qwen3-30B-A3B-Base,IOI (i) S2 -> IO,39,12,0.001953125,-0.01025390625,0.013671875,0.8156,0.3359375,-0.0029296875,-0.02858807963709677,-0.038432459677419345,-0.01908943422379033,0.0010457516339869282,-0.2519136098681173,-0.278193056939359,False,0.054292529821395874,0.043538033962249756,0.06010666489601135,0.04455840587615967,0.05552288889884949,0.058744341135025024,0.022115349769592285,0.6357440948486328
Qwen3-30B-A3B-Base,IOI (i) S2 -> IO,42,1,0.001953125,-0.0107421875,0.01416015625,0.8221,0.3125,-0.0107421875,-0.0980342741935484,-0.1081149193548387,-0.0880953881048387,0.00058470983774302,-0.2519136098681173,-0.3105190623755516,False,0.0004478786140680313,0.0005123671144247055,0.010801665484905243,0.0004449342377483845,0.000486867967993021,0.010242380201816559,0.12918329238891602,0.6060962677001953
Qwen3-30B-A3B-Base,IOI (i) S2 -> IO,42,23,0.001953125,-0.008312988281249996,0.0126953125,0.7917,0.2890625,-0.00146484375,-0.0980342741935484,-0.10698124054939517,-0.08880418346774194,0.00058470983774302,-0.2519136098681173,-0.2721319309200729,False,3.992253914475441e-05,3.619398921728134e-05,7.3481351137161255e-06,3.52286733686924e-05,3.80147248506546e-05,6.9695524871349335e-06,1.645134761929512e-05,0.9998245239257812
Qwen3-30B-A3B-Base,IOI (i) S2 -> IO,42,22,0.00146484375,-0.009765625,0.012219238281249822,0.8597,0.3203125,-0.00439453125,-0.0985383064516129,-0.10726515246975804,-0.08957558908770161,0.000438532378307265,-0.2538081423042582,-0.28425418295864513,False,0.007587440311908722,0.007507392205297947,0.004518985748291016,0.00776313804090023,0.007785278372466564,0.004603641107678413,0.0012968317605555058,0.9414787292480469
Qwen3-30B-A3B-Base,IOI (i) S2 -> IO,42,8,0.0009765625,-0.01171875,0.013671875,0.9396,0.3515625,-0.0048828125,-0.09904233870967741,-0.10844569052419353,-0.08935507497479839,0.00029235491887151,-0.25570267474039915,-0.28627455829840714,False,0.0022111646831035614,0.0019217245280742645,0.010331466794013977,0.0016739480197429657,0.002235930413007736,0.009924501180648804,0.06844210624694824,0.7928428649902344
Qwen3-30B-A3B-Base,IOI (i) S2 -> IO,32,6,0.0009765625,-0.01220703125,0.014660644531249822,0.9427,0.3046875,0.01220703125,0.008883568548387098,-0.0013715190272177416,0.01953282510080643,-0.10526315789473684,-0.25570267474039915,-0.21556142140673584,False,0.04892241954803467,0.04491659998893738,0.08778655529022217,0.046162039041519165,0.048637986183166504,0.08614593744277954,0.010338115505874157,0.34259510040283203
Qwen3-30B-A3B-Base,IOI (i) S2 -> IO,42,9,0.0009765625,-0.01123046875,0.01318359375,0.9342,0.3046875,-0.0078125,-0.09904233870967741,-0.10953290385584677,-0.08880339591733873,0.00029235491887151,-0.25570267474039915,-0.29839681033697935,False,0.001791214570403099,0.0014946050941944122,0.0017088837921619415,0.0014100507833063602,0.0018133427947759628,0.0016649188473820686,0.00587405264377594,0.7090873718261719
Qwen3-30B-A3B-Base,IOI (i) S2 -> IO,43,13,0.0009765625,-0.01025390625,0.01220703125,0.933,0.2734375,-0.00341796875,-0.0876071068548387,-0.09653792842741934,-0.07884915259576612,0.00035790980672870435,-0.25570267474039915,-0.28021343227912104,False,0.028250068426132202,0.01619916409254074,0.0061644986271858215,0.015926335006952286,0.028831541538238525,0.005595937371253967,0.0029559023678302765,0.9049568176269531
Qwen3-30B-A3B-Base,IOI (i) S2 -> IO,32,26,0.00048828125,-0.0126953125,0.01318359375,1.0,0.3125,-0.00390625,0.00837953629032258,-0.001041535408266127,0.017720277847782254,-0.05263157894736842,-0.2575972071765401,-0.28223380761888306,False,0.0045076943933963776,0.0040037427097558975,0.06964761018753052,0.004485843703150749,0.004038626328110695,0.06582850217819214,0.03989994525909424,0.4711122512817383
Qwen3-30B-A3B-Base,IOI (i) S2 -> IO,43,8,0.0,-0.0107421875,0.01025390625,1.0,0.28125,-0.0126953125,-0.08861517137096775,-0.09787676411290322,-0.07930632560483872,0.0,-0.25949173961268107,-0.3186005637345997,False,0.0006561190821230412,0.00039776042103767395,0.00010247249156236649,0.00035502202808856964,0.0005996194668114185,8.265534415841103e-05,0.004797240719199181,0.9508247375488281
Qwen3-30B-A3B-Base,IOI (i) S2 -> IO,43,21,0.0,-0.013671875,0.01416015625,1.0,0.3125,-0.01416015625,-0.08861517137096774,-0.10085370463709678,-0.07620298324092742,0.0,-0.25949173961268107,-0.3246616897538859,False,0.07658131420612335,0.05474826693534851,0.020032066851854324,0.056833893060684204,0.07267431914806366,0.019687026739120483,0.006741393357515335,0.6939373016357422
Qwen3-30B-A3B-Base,IOI (i) S2 -> IO,42,20,0.0,-0.01123046875,0.010754394531249822,1.0,0.265625,-0.00732421875,-0.10005040322580644,-0.11043031754032259,-0.08965395035282259,0.0,-0.25949173961268107,-0.29637643499721733,False,0.0021423972211778164,0.0008712648414075375,0.00017128651961684227,0.0009047030471265316,0.0020333603024482727,0.0001567220315337181,0.0007785512134432793,0.9895439147949219
Qwen3-30B-A3B-Base,IOI (i) S2 -> IO,42,19,0.0,-0.01171875,0.01171875,1.0,0.3125,-0.0078125,-0.10005040322580647,-0.11006843813004033,-0.08971695438508065,0.0,-0.25949173961268107,-0.29839681033697935,False,0.025775764137506485,0.006354030221700668,0.004276733845472336,0.006465166807174683,0.02435624599456787,0.004141628742218018,0.002802484668791294,0.9204330444335938
Qwen3-30B-A3B-Base,IOI (i) S2 -> IO,42,26,0.0,-0.01171875,0.01171875,1.0,0.28125,-0.00390625,-0.10005040322580644,-0.10969041393649193,-0.0902375252016129,0.0,-0.25949173961268107,-0.28223380761888306,False,0.007707579061388969,0.006343454122543335,0.014816135168075562,0.0060141608119010925,0.007438693195581436,0.01473146677017212,0.45891475677490234,0.3521881103515625
Qwen3-30B-A3B-Base,IOI (i) S2 -> IO,43,2,-0.00048828125,-0.01171875,0.0107421875,1.0,0.28125,-0.0068359375,-0.08911920362903225,-0.09784526209677419,-0.0803616431451613,-0.00017895490336435218,-0.26138627204882203,-0.2943560596574553,False,0.033252790570259094,0.010645527392625809,0.0025084782391786575,0.009946294128894806,0.02918820083141327,0.002450147643685341,0.005372771993279457,0.8647613525390625
Qwen3-30B-A3B-Base,IOI (i) S2 -> IO,43,5,-0.00048828125,-0.01025390625,0.009765625,1.0,0.296875,-0.01171875,-0.08911920362903225,-0.09844380040322581,-0.0799989761844758,-0.00017895490336435218,-0.26138627204882203,-0.3145598130550757,False,0.012848172336816788,0.004594022408127785,0.0014980565756559372,0.004336673766374588,0.01222240924835205,0.0015238639898598194,0.03529074788093567,0.8696784973144531
Qwen3-30B-A3B-Base,IOI (i) S2 -> IO,32,0,-0.0009765625,-0.013671875,0.01171875,0.9363,0.28125,-0.00244140625,0.006867439516129032,-0.002457551033266128,0.01614478326612903,0.10526315789473684,-0.263280804484963,-0.27617268159959696,False,0.025504276156425476,0.0255587100982666,0.0755355954170227,0.024684248492121696,0.02496964856982231,0.082325279712677,0.02821013331413269,0.5257906913757324
Qwen3-30B-A3B-Base,IOI (i) S2 -> IO,32,1,-0.001953125,-0.01513671875,0.01123046875,0.8273,0.3203125,0.0029296875,0.005859375,-0.004804451234879032,0.017059129284274183,0.21052631578947367,-0.26706986935724486,-0.25394855286221457,False,0.026341155171394348,0.029948050156235695,0.07950139045715332,0.02535245567560196,0.030467884615063667,0.08137460052967072,0.002159020397812128,0.5253576040267944
Qwen3-30B-A3B-Base,IOI (i) S2 -> IO,43,9,-0.00244140625,-0.01220703125,0.00732421875,0.6982,0.234375,-0.009765625,-0.09113533266129033,-0.09994014616935484,-0.08231437436995967,-0.0008947745168217609,-0.2689644017933858,-0.3064783116960275,False,0.0014258641749620438,0.001079050824046135,0.000493842177093029,0.0012132786214351654,0.0010999217629432678,0.0004715542308986187,0.009496599435806274,0.8589706420898438
Qwen3-30B-A3B-Base,IOI (i) S2 -> IO,45,15,-0.0029296875,-0.017578125,0.01171875,0.7483,0.265625,-0.00634765625,-0.1368132560483871,-0.15139908329133067,-0.12138986895161294,-0.0007063809748057452,-0.2708589342295268,-0.29233568431769325,False,0.1874558925628662,0.02494165301322937,0.002828983124345541,0.0226762592792511,0.19459223747253418,0.002922079525887966,0.00035228440538048744,0.7451305389404297
Qwen3-30B-A3B-Base,IOI (i) S2 -> IO,32,9,-0.00341796875,-0.016125488281249996,0.00927734375,0.6563,0.3125,0.00244140625,0.004347278225806452,-0.004205912928427419,0.013011120211693535,0.3684210526315789,-0.27275346666566774,-0.2559689282019766,False,0.014381445944309235,0.01048852875828743,0.02479662373661995,0.010708127170801163,0.012294456362724304,0.023475386202335358,0.0075206635519862175,0.8544750213623047
Qwen3-30B-A3B-Base,IOI (i) S2 -> IO,42,5,-0.00390625,-0.013671875,0.00634765625,0.4993,0.2578125,-0.0087890625,-0.10408266129032259,-0.11309341922883065,-0.09510458669354839,-0.00116941967548604,-0.2746479991018087,-0.30243756101650343,False,0.0014829933643341064,0.0014791805297136307,0.015151992440223694,0.0014342274516820908,0.0013791956007480621,0.014512836933135986,0.05231732130050659,0.3657217025756836
Qwen3-30B-A3B-Base,IOI (i) S2 -> IO,42,27,-0.00390625,-0.01513671875,0.0068359375,0.5492,0.2578125,-0.005859375,-0.10408266129032259,-0.11392782888104838,-0.09447415259576612,-0.00116941967548604,-0.2746479991018087,-0.29031530897793123,False,0.0017512277700006962,0.0017594266682863235,0.013034706935286522,0.0016191457398235798,0.0017638355493545532,0.012761423364281654,0.2445601224899292,0.21904802322387695
Qwen3-30B-A3B-Base,IOI (i) S2 -> IO,32,22,-0.00390625,-0.0185546875,0.009765625,0.6312,0.28125,0.00341796875,0.0038432459677419364,-0.007009592363911292,0.014144405241935484,0.42105263157894735,-0.2746479991018087,-0.2519281775224525,False,0.012169770896434784,0.013088367879390717,0.09694528579711914,0.012861959636211395,0.012523844838142395,0.0971689224243164,0.008763626217842102,0.4401826858520508
Qwen3-30B-A3B-Base,IOI (i) S2 -> IO,32,21,-0.00439453125,-0.0185546875,0.009765625,0.5914,0.3046875,0.00341796875,0.003339213709677418,-0.006773327242943549,0.013656517767137092,0.47368421052631576,-0.27654253153794967,-0.2519281775224525,False,0.019065946340560913,0.0196835994720459,0.026138216257095337,0.01948922872543335,0.018208950757980347,0.026113897562026978,0.016860753297805786,0.6127910614013672
Qwen3-30B-A3B-Base,IOI (i) S2 -> IO,39,1,-0.00439453125,-0.017578125,0.008312988281249822,0.5659,0.3125,-0.00341796875,-0.035140498991935484,-0.04533140120967742,-0.02494880922379034,-0.002352941176470588,-0.27654253153794967,-0.28021343227912104,False,0.04711884260177612,0.04071249067783356,0.13748621940612793,0.039168089628219604,0.047831565141677856,0.14097905158996582,0.05620396137237549,0.5567035675048828
Qwen3-30B-A3B-Base,IOI (i) S2 -> IO,43,17,-0.0048828125,-0.015625,0.00537109375,0.4248,0.2421875,-0.00927734375,-0.0936554939516129,-0.10186255670362904,-0.08532281691028223,-0.0017895490336435219,-0.27843706397409057,-0.3044579363562655,False,0.02636033296585083,0.006009453907608986,0.0013956408947706223,0.005589187145233154,0.025703303515911102,0.0013102535158395767,0.0019050901755690575,0.9114913940429688
Qwen3-30B-A3B-Base,IOI (i) S2 -> IO,32,5,-0.00537109375,-0.01953125,0.0087890625,0.5065,0.28125,-0.0009765625,0.0023311491935483876,-0.008837103074596774,0.013451754662298379,0.5789473684210527,-0.28033159641023153,-0.27011155558031086,False,0.011491309851408005,0.010623693466186523,0.031416065990924835,0.010852411389350891,0.010479234158992767,0.033225737512111664,0.10947814583778381,0.5641517639160156
Qwen3-30B-A3B-Base,IOI (i) S2 -> IO,42,21,-0.005859375,-0.015625,0.00439453125,0.2973,0.21875,-0.0029296875,-0.10609879032258064,-0.11547103389616935,-0.0966796875,-0.00175412951322906,-0.2822261288463725,-0.278193056939359,False,0.0018227719701826572,0.0005152765661478043,0.00025744829326868057,0.0006760223768651485,0.0015493901446461678,0.00023539457470178604,0.001994489226490259,0.9919395446777344
Qwen3-30B-A3B-Base,IOI (i) S2 -> IO,32,18,-0.005859375,-0.0205078125,0.008801269531249822,0.4792,0.3203125,-0.00146484375,0.0018271169354838709,-0.009167874243951612,0.01299536920362902,0.631578947368421,-0.2822261288463725,-0.2721319309200729,False,0.001968917902559042,0.00197977339848876,0.0018184660002589226,0.0019895504228770733,0.002010991331189871,0.0015281615778803825,0.5170259475708008,0.4534698724746704
Qwen3-30B-A3B-Base,IOI (i) S2 -> IO,39,18,-0.00634765625,-0.01708984375,0.00439453125,0.3049,0.265625,0.015625,-0.03715662802419355,-0.04594569052419355,-0.028021043346774195,-0.0033986928104575162,-0.28412066128251345,-0.20141879402840157,False,0.0626024603843689,0.05907881259918213,0.16462087631225586,0.060407429933547974,0.05805133283138275,0.15856921672821045,0.009325109422206879,0.565983772277832
Qwen3-30B-A3B-Base,IOI (i) S2 -> IO,32,2,-0.00634765625,-0.02001953125,0.0068359375,0.4052,0.296875,0.0029296875,0.0013230846774193554,-0.008080267137096774,0.010915448588709676,0.6842105263157895,-0.28412066128251345,-0.25394855286221457,False,0.002599023748189211,0.002386797219514847,0.03736612945795059,0.0024542678147554398,0.0022570686414837837,0.034439533948898315,0.05478885769844055,0.6168961524963379
Qwen3-30B-A3B-Base,IOI (i) S2 -> IO,32,27,-0.00634765625,-0.0205078125,0.0078125,0.4154,0.296875,0.00341796875,0.0013230846774193554,-0.008080267137096774,0.010460638230846746,0.6842105263157895,-0.28412066128251345,-0.2519281775224525,False,0.022632978856563568,0.024601690471172333,0.0575060099363327,0.022180289030075073,0.024859949946403503,0.05925518274307251,0.11302351951599121,0.3871440887451172
Qwen3-30B-A3B-Base,IOI (i) S2 -> IO,39,6,-0.0068359375,-0.0185546875,0.00439453125,0.2827,0.296875,-0.0009765625,-0.03766066028225806,-0.04657573084677419,-0.029076360887096774,-0.0036601307189542483,-0.2860151937186544,-0.27011155558031086,False,0.053032875061035156,0.03725293278694153,0.07907760143280029,0.04146701097488403,0.05190351605415344,0.07767629623413086,0.038600385189056396,0.5437154769897461
Qwen3-30B-A3B-Base,IOI (i) S2 -> IO,32,24,-0.00732421875,-0.02099609375,0.00634765625,0.3359,0.2734375,0.00048828125,0.00031502016129032414,-0.009498251638104836,0.010191295992943545,0.7894736842105263,-0.2879097261547954,-0.26405042956102476,False,0.005491246934980154,0.005255567375570536,0.010711979120969772,0.004910637624561787,0.004772046115249395,0.011390071362257004,0.020997365936636925,0.863861083984375
Qwen3-30B-A3B-Base,IOI (i) S2 -> IO,32,19,-0.00732421875,-0.0205078125,0.00537109375,0.3076,0.3046875,0.001953125,0.00031502016129032295,-0.008254315776209676,0.009182837701612902,0.7894736842105263,-0.2879097261547954,-0.2579893035417386,False,0.001165254507213831,0.00119365518912673,0.0074808597564697266,0.0011290335096418858,0.0011606737971305847,0.006951313465833664,0.019558951258659363,0.31093549728393555
Qwen3-30B-A3B-Base,IOI (i) S2 -> IO,39,14,-0.00732421875,-0.02001953125,0.0048828125,0.3021,0.3046875,0.00439453125,-0.03816469254032258,-0.04723766696068549,-0.029233083417338723,-0.00392156862745098,-0.2879097261547954,-0.24788742684292844,False,0.04062275588512421,0.02249309979379177,0.024955227971076965,0.01875152438879013,0.0450313501060009,0.02400471270084381,0.03213578462600708,0.7143020629882812
Qwen3-30B-A3B-Base,IOI (i) S2 -> IO,39,22,-0.0078125,-0.0205078125,0.00439453125,0.2367,0.28125,0.00537109375,-0.038668724798387094,-0.047426679057459675,-0.02981547694052421,-0.004183006535947713,-0.2898042585909363,-0.24384667616340436,False,0.002618216909468174,0.0027007870376110077,0.006806168705224991,0.002423328347504139,0.002629019320011139,0.005976364016532898,0.005394510924816132,0.9115028381347656
Qwen3-30B-A3B-Base,IOI (i) S2 -> IO,32,10,-0.0078125,-0.0224609375,0.00732421875,0.3381,0.2734375,-0.00634765625,-0.00018901209677419295,-0.010348412298387096,0.009970388104838709,0.8421052631578947,-0.2898042585909363,-0.29233568431769325,False,0.03426600992679596,0.027914296835660934,0.04005340486764908,0.028003692626953125,0.032234031707048416,0.04197239875793457,0.022331979125738144,0.6779308319091797
Qwen3-30B-A3B-Base,IOI (i) S2 -> IO,43,14,-0.00830078125,-0.01904296875,0.00146484375,0.1387,0.2265625,-0.001953125,-0.09718371975806452,-0.10630394720262097,-0.08817414314516128,-0.003042233357193987,-0.29169879102707724,-0.27415230625983494,False,0.07052642107009888,0.04489538073539734,0.027504384517669678,0.04828399419784546,0.06584352254867554,0.026012837886810303,0.013633638620376587,0.7422714233398438
Qwen3-30B-A3B-Base,IOI (i) S2 -> IO,39,5,-0.00830078125,-0.0205078125,0.00390625,0.2245,0.3046875,-0.00341796875,-0.03917275705645162,-0.048828912550403225,-0.029627252394153234,-0.0044444444444444444,-0.29169879102707724,-0.28021343227912104,False,0.02192404866218567,0.01933758705854416,0.028137505054473877,0.020645633339881897,0.02220502495765686,0.028210997581481934,0.01917096972465515,0.7065162658691406
Qwen3-30B-A3B-Base,IOI (i) S2 -> IO,43,6,-0.0087890625,-0.02001953125,0.001953125,0.1432,0.234375,-0.00830078125,-0.09768775201612903,-0.10713875063004032,-0.08830015120967741,-0.0032211882605583395,-0.2935933234632182,-0.3004171856767414,False,0.03457063436508179,0.008904865011572838,0.002832879312336445,0.009493358433246613,0.03225461766123772,0.0029652155935764313,0.003233185037970543,0.9021682739257812
Qwen3-30B-A3B-Base,IOI (i) S2 -> IO,39,2,-0.0087890625,-0.021484375,0.00390625,0.1889,0.28125,0.005859375,-0.039676789314516125,-0.05018271169354839,-0.029359485257056457,-0.004705882352941176,-0.2935933234632182,-0.24182630082364232,False,0.005464823450893164,0.004681022372096777,0.01088571548461914,0.005131748970597982,0.00464558694511652,0.010535404086112976,0.6985607147216797,0.1322784423828125
Qwen3-30B-A3B-Base,IOI (i) S2 -> IO,32,29,-0.0087890625,-0.02294921875,0.0048828125,0.2454,0.296875,-0.00048828125,-0.0011970766129032256,-0.011198966733870965,0.0084901871219758,0.9473684210526315,-0.2935933234632182,-0.2680911802405488,False,0.007025189697742462,0.007582180202007294,0.05707395076751709,0.006817564368247986,0.007063083350658417,0.06244707107543945,0.020356446504592896,0.6060762405395508
Qwen3-30B-A3B-Base,IOI (i) S2 -> IO,39,10,-0.0087890625,-0.021484375,0.00390625,0.2033,0.2578125,-0.00634765625,-0.03967678931451613,-0.04898602885584677,-0.030556561869959687,-0.004705882352941176,-0.2935933234632182,-0.29233568431769325,False,0.04581516981124878,0.03577236086130142,0.030299678444862366,0.041356489062309265,0.04673507809638977,0.03139603137969971,0.019344747066497803,0.7078533172607422
Qwen3-30B-A3B-Base,IOI (i) S2 -> IO,32,31,-0.00927734375,-0.021484375,0.0029296875,0.1662,0.265625,0.005859375,-0.0017011088709677428,-0.010821336315524193,0.0076868857106854776,1.0,-0.29548785589935916,-0.24182630082364232,False,0.014050702564418316,0.011620933189988136,0.2786782383918762,0.014976239763200283,0.010757053270936012,0.2805147171020508,0.08524477481842041,0.04397285729646683
Qwen3-30B-A3B-Base,IOI (i) S2 -> IO,32,12,-0.00927734375,-0.02294921875,0.0048828125,0.234,0.2578125,0.001953125,-0.0017011088709677448,-0.012238927041330646,0.008143664944556447,1.0,-0.29548785589935916,-0.2579893035417386,False,0.014635598286986351,0.012064246460795403,0.0077950675040483475,0.014003163203597069,0.011237779632210732,0.007771467790007591,0.04802259802818298,0.8223724365234375
Qwen3-30B-A3B-Base,IOI (i) S2 -> IO,39,23,-0.00927734375,-0.02099609375,0.001953125,0.1252,0.265625,-0.0126953125,-0.04018082157258064,-0.0497893302671371,-0.030902296496975828,-0.0049673202614379085,-0.29548785589935916,-0.3186005637345997,False,0.021332990378141403,0.022013992071151733,0.04120056331157684,0.019601810723543167,0.020967483520507812,0.03995230793952942,0.013756560161709785,0.7925300598144531
Qwen3-30B-A3B-Base,IOI (i) S2 -> IO,39,16,-0.009765625,-0.02197265625,0.0029296875,0.1436,0.2734375,-0.00048828125,-0.040684853830645164,-0.05057648689516129,-0.030667212701612906,-0.00522875816993464,-0.2973823883355001,-0.2680911802405488,False,0.041802115738391876,0.035137251019477844,0.10556674003601074,0.04202614724636078,0.034338369965553284,0.10087302327156067,0.008417963981628418,0.7427978515625
Qwen3-30B-A3B-Base,IOI (i) S2 -> IO,43,12,-0.009765625,-0.02392578125,0.00390625,0.1952,0.2421875,-0.01611328125,-0.09869581653225806,-0.11098199659778227,-0.08606153918850809,-0.0035790980672870437,-0.2973823883355001,-0.332743191112934,False,0.09145984053611755,0.07754601538181305,0.02617998979985714,0.07335305213928223,0.0958276018500328,0.02353338897228241,0.012046337127685547,0.6412258148193359
Qwen3-30B-A3B-Base,IOI (i) S2 -> IO,32,14,-0.009765625,-0.022961425781249996,0.00439453125,0.1912,0.296875,-0.001953125,-0.002205141129032256,-0.011655745967741936,0.007340363533266125,1.0526315789473684,-0.2973823883355001,-0.27415230625983494,False,0.056834667921066284,0.05205053091049194,0.03431755304336548,0.05109390616416931,0.05241978168487549,0.03448355197906494,0.021084889769554138,0.575892448425293
Qwen3-30B-A3B-Base,IOI (i) S2 -> IO,32,23,-0.0107421875,-0.025390625,0.00341796875,0.1551,0.296875,0.0078125,-0.0032132056451612905,-0.01444367439516129,0.007592379662298381,1.1578947368421053,-0.301171453207782,-0.23374479946459417,False,0.0011131367646157742,0.0009837159886956215,0.0001194830983877182,0.0011924863792955875,0.0009059049189090729,0.00012152921408414841,0.5373010635375977,0.4561176300048828
Qwen3-30B-A3B-Base,IOI (i) S2 -> IO,39,8,-0.0107421875,-0.0234375,0.00146484375,0.1117,0.2890625,-0.005859375,-0.041692918346774195,-0.05029336252520162,-0.03323344569052421,-0.005751633986928104,-0.301171453207782,-0.29031530897793123,False,0.05437558889389038,0.03235074132680893,0.057923272252082825,0.03586705029010773,0.05157861113548279,0.05592387914657593,0.01546555757522583,0.6426506042480469
Qwen3-30B-A3B-Base,IOI (i) S2 -> IO,39,3,-0.01171875,-0.02392578125,0.00048828125,0.0735,0.234375,0.0048828125,-0.042700982862903226,-0.05197832661290322,-0.0331235824092742,-0.006274509803921568,-0.3049605180800639,-0.2458670515031664,False,0.040103569626808167,0.019942373037338257,0.030004262924194336,0.02520957589149475,0.03684528172016144,0.030842870473861694,0.009190846234560013,0.6618137359619141
Qwen3-30B-A3B-Base,IOI (i) S2 -> IO,32,4,-0.01220703125,-0.02587890625,0.00146484375,0.0905,0.2578125,-0.0126953125,-0.00472530241935484,-0.014554325226814512,0.005197832661290321,1.3157894736842106,-0.3068550505162049,-0.3186005637345997,False,0.0004913918673992157,0.0005197525024414062,0.0008437200449407101,0.0004736226983368397,0.0005508754402399063,0.0007514157332479954,0.5910940170288086,0.3679184913635254
Qwen3-30B-A3B-Base,IOI (i) S2 -> IO,32,20,-0.01220703125,-0.025390625,0.0009765625,0.084,0.3046875,0.0048828125,-0.004725302419354839,-0.013593119959677418,0.004143302671370957,1.3157894736842106,-0.3068550505162049,-0.2458670515031664,False,0.00016570044681429863,0.00020634429529309273,0.0028773481026291847,0.00016260845586657524,0.00017442647367715836,0.002752073109149933,0.0032129716128110886,0.9745063781738281
Qwen3-30B-A3B-Base,IOI (i) S2 -> IO,39,4,-0.0126953125,-0.02587890625,0.0,0.0676,0.265625,0.00537109375,-0.04370904737903226,-0.052718623991935484,-0.034667574974798394,-0.0067973856209150325,-0.30874958295234584,-0.24384667616340436,False,0.01742479018867016,0.010682294145226479,0.017296016216278076,0.010007182136178017,0.019121181219816208,0.016752108931541443,0.02052438259124756,0.8065643310546875
Qwen3-30B-A3B-Base,IOI (i) S2 -> IO,42,0,-0.01318359375,-0.0244140625,-0.00146484375,0.0317,0.21875,-0.0234375,-0.11365927419354839,-0.12312563004032258,-0.10427167338709678,-0.003946791404765385,-0.3106441153884868,-0.36304882120936455,False,0.0035965032875537872,0.003361053764820099,0.011069163680076599,0.0033316239714622498,0.0034420080482959747,0.0111771821975708,0.1826763153076172,0.6127166748046875
Qwen3-30B-A3B-Base,IOI (i) S2 -> IO,39,21,-0.01318359375,-0.0263671875,-0.00048828125,0.0527,0.2578125,0.00048828125,-0.04421307963709677,-0.053223443800403225,-0.03504599294354839,-0.007058823529411765,-0.3106441153884868,-0.26405042956102476,False,0.002496190834790468,0.0020255455747246742,0.002071586437523365,0.002015564125031233,0.002242185641080141,0.002032240852713585,0.010348794050514698,0.9654159545898438
Qwen3-30B-A3B-Base,IOI (i) S2 -> IO,32,28,-0.01318359375,-0.0283203125,0.00244140625,0.1146,0.2890625,-0.00244140625,-0.005733366935483871,-0.017467867943548387,0.005876307333669339,1.4210526315789473,-0.3106441153884868,-0.27617268159959696,False,0.01714201271533966,0.01513051986694336,0.06241708993911743,0.016293413937091827,0.015621207654476166,0.06697714328765869,0.1536402702331543,0.5421257019042969
Qwen3-30B-A3B-Base,IOI (i) S2 -> IO,32,17,-0.01318359375,-0.02490234375,-0.00146484375,0.0379,0.2578125,-0.0029296875,-0.005733366935483872,-0.015310373613911292,0.0033238564768145107,1.4210526315789473,-0.3106441153884868,-0.278193056939359,False,0.00023298244923353195,0.00022443151101469994,0.008673246949911118,0.00023435242474079132,0.00022425036877393723,0.009582415223121643,0.14122462272644043,0.5933651924133301
Qwen3-30B-A3B-Base,IOI (i) S2 -> IO,32,30,-0.013671875,-0.0263671875,-0.0009765625,0.0466,0.28125,0.00927734375,-0.006237399193548388,-0.016412550403225805,0.004048009072580645,1.4736842105263157,-0.31253864782462776,-0.22768367344530807,False,0.0031641367822885513,0.0031944969668984413,0.002259979024529457,0.0031816517002880573,0.0031490731053054333,0.002262893132865429,0.8346939086914062,0.1017579436302185
Qwen3-30B-A3B-Base,IOI (i) S2 -> IO,39,0,-0.0146484375,-0.027355957031249996,-0.001953125,0.0324,0.25,0.0029296875,-0.04572517641129032,-0.055207283266129024,-0.036841607862903226,-0.00784313725490196,-0.3163277126969096,-0.25394855286221457,False,0.006251320242881775,0.005698204040527344,0.036926448345184326,0.006043143570423126,0.005691498517990112,0.03694590926170349,0.11852264404296875,0.41573047637939453
Qwen3-30B-A3B-Base,IOI (i) S2 -> IO,39,13,-0.0146484375,-0.02734375,-0.00146484375,0.0323,0.2578125,0.0048828125,-0.04572517641129033,-0.05504977318548387,-0.0361328125,-0.00784313725490196,-0.3163277126969096,-0.2458670515031664,False,0.012663885951042175,0.013567738234996796,0.11576032638549805,0.013695426285266876,0.012292854487895966,0.11573004722595215,0.12505018711090088,0.2698488235473633
Qwen3-30B-A3B-Base,IOI (i) S2 -> IO,39,7,-0.01513671875,-0.02783203125,-0.0029296875,0.0253,0.2890625,-0.0068359375,-0.04622920866935484,-0.05542779737903225,-0.037392893145161296,-0.008104575163398693,-0.3182222451330506,-0.2943560596574553,False,0.04973170906305313,0.022809695452451706,0.027446046471595764,0.02349836751818657,0.05818866193294525,0.026449471712112427,0.003621315583586693,0.8321628570556641
Qwen3-30B-A3B-Base,IOI (i) S2 -> IO,39,11,-0.01513671875,-0.027355957031249996,-0.0029296875,0.0199,0.2578125,-0.0009765625,-0.046229208669354836,-0.05601058467741935,-0.036620699974798394,-0.008104575163398693,-0.3182222451330506,-0.27011155558031086,False,0.03212916851043701,0.028740108013153076,0.10530257225036621,0.029795050621032715,0.0320737361907959,0.10489320755004883,0.043929457664489746,0.5012531280517578
Qwen3-30B-A3B-Base,IOI (i) S2 -> IO,32,7,-0.01708984375,-0.0302734375,-0.00390625,0.0144,0.25,0.0009765625,-0.009765625,-0.020067178049395163,0.0007249401461693477,1.8421052631578947,-0.3258003748776144,-0.2620300542212627,False,0.017222914844751358,0.02286619320511818,0.04089900851249695,0.018111849203705788,0.02159358561038971,0.03923608362674713,0.21081089973449707,0.29680967330932617
Qwen3-30B-A3B-Base,IOI (i) S2 -> IO,32,25,-0.01708984375,-0.03076171875,-0.00390625,0.0191,0.25,0.005859375,-0.009765625,-0.01921622983870968,-0.00020476310483870993,1.8421052631578947,-0.3258003748776144,-0.24182630082364232,False,0.053814057260751724,0.042017556726932526,0.08312639594078064,0.048168882727622986,0.041903674602508545,0.08807197213172913,0.011449530720710754,0.3633163571357727
Qwen3-30B-A3B-Base,IOI (i) S2 -> IO,43,0,-0.0185546875,-0.0302734375,-0.0068359375,0.0027,0.2421875,-0.03173828125,-0.10776839717741934,-0.11696698588709675,-0.09831661101310483,-0.006800286327845383,-0.33148397218603726,-0.3973952019853192,False,0.022018536925315857,0.024194523692131042,0.00960477627813816,0.024473756551742554,0.01993413269519806,0.009428264573216438,0.02176826447248459,0.8593711853027344
Qwen3-30B-A3B-Base,IOI (i) S2 -> IO,32,3,-0.01904296875,-0.03271484375,-0.005859375,0.0076,0.2421875,0.00830078125,-0.011781754032258064,-0.02187854397681452,-0.0019054782006048445,2.0526315789473686,-0.3333785046221782,-0.23172442412483213,False,0.042122188955545425,0.03769780695438385,0.024056214839220047,0.038921333849430084,0.04071205481886864,0.02330438233911991,0.05827203392982483,0.568692684173584
Qwen3-30B-A3B-Base,IOI (i) S2 -> IO,32,11,-0.01953125,-0.03369140625,-0.00537109375,0.0121,0.25,-0.00341796875,-0.012285786290322578,-0.02260309034778226,-0.0023929719002016275,2.1052631578947367,-0.3352730370583192,-0.28021343227912104,False,0.016058731824159622,0.01106145977973938,0.045563481748104095,0.01492130197584629,0.011859128251671791,0.04453270882368088,0.06788462400436401,0.4393470287322998
Qwen3-30B-A3B-Base,IOI (i) S2 -> IO,39,9,-0.01953125,-0.03125,-0.00732421875,0.0027,0.234375,-0.00048828125,-0.050765498991935484,-0.060815035912298386,-0.04046433971774194,-0.01045751633986928,-0.3352730370583192,-0.2680911802405488,False,0.0026644226163625717,0.002413423266261816,0.011093318462371826,0.0024398434907197952,0.002460758201777935,0.010773345828056335,0.8216552734375,0.06671714782714844
Qwen3-30B-A3B-Base,IOI (i) S2 -> IO,32,8,-0.0205078125,-0.0341796875,-0.00732421875,0.0035,0.234375,-0.0048828125,-0.013293850806451613,-0.022776351436491937,-0.003606193296370979,2.210526315789474,-0.33906210193060105,-0.28627455829840714,False,0.0384591668844223,0.03156604617834091,0.04236038029193878,0.03252051770687103,0.03528030216693878,0.04119926691055298,0.04256826639175415,0.6368732452392578
Qwen3-30B-A3B-Base,IOI (i) S2 -> IO,45,26,-0.02099609375,-0.0361328125,-0.00439453125,0.0137,0.1640625,0.00634765625,-0.1554624495967742,-0.17167102444556454,-0.13742754536290322,-0.005062396986107841,-0.340956634366742,-0.23980592548388027,False,0.05643933266401291,0.012596114538609982,0.0017102775163948536,0.012235697358846664,0.06105385720729828,0.0013940967619419098,0.002213073894381523,0.8902931213378906
Qwen3-30B-A3B-Base,IOI (i) S2 -> IO,39,30,-0.025390625,-0.03857421875,-0.01220703125,0.0002,0.203125,-0.01708984375,-0.05681388608870968,-0.06741470829133064,-0.046242990801411324,-0.013594771241830065,-0.3580074262920106,-0.3367839417924581,False,0.06668820977210999,0.05473199486732483,0.044491708278656006,0.05577653646469116,0.0653657615184784,0.0419977605342865,0.061250507831573486,0.4712200164794922
Qwen3-30B-A3B-Base,IOI (i) S2 -> IO,42,15,-0.02587890625,-0.0380859375,-0.01416015625,0.0001,0.1875,-0.0390625,-0.1267641129032258,-0.1373960433467742,-0.11599042338709678,-0.007747405350095015,-0.35990195872815156,-0.42770083208174975,False,0.008323512971401215,0.007310308516025543,0.01292923092842102,0.007466703653335571,0.007759451866149902,0.01331278681755066,0.5103797912597656,0.1749863624572754
Qwen3-30B-A3B-Base,IOI (i) S2 -> IO,39,25,-0.0302734375,-0.04345703125,-0.01708984375,0.0,0.1875,-0.021484375,-0.061854208669354836,-0.07308585874495968,-0.05078046244959679,-0.016209150326797386,-0.3769527506534201,-0.3549673198503164,False,0.09666204452514648,0.06730350852012634,0.07441547513008118,0.07763606309890747,0.08458393812179565,0.07668814063072205,0.010576125234365463,0.3267843723297119
Qwen3-30B-A3B-Base,IOI (i) S2 -> IO,45,21,-0.0380859375,-0.0537109375,-0.024401855468750178,0.0,0.1484375,-0.02783203125,-0.17310357862903225,-0.18860335811491935,-0.15913164692540321,-0.009182952672474688,-0.40726526963167536,-0.3812321992672229,False,0.052583590149879456,0.011290811002254486,0.001748912502080202,0.012655673548579216,0.04796111583709717,0.0016126553528010845,0.0017266301438212395,0.8896408081054688
Qwen3-30B-A3B-Base,IOI (i) S2 -> IO,45,11,-0.041015625,-0.0546875,-0.0263671875,0.0,0.15625,-0.01318359375,-0.17612777217741937,-0.19117077242943548,-0.16050277217741934,-0.009889333647280433,-0.4186324642485211,-0.3206209390743618,False,0.09085726737976074,0.01712435856461525,0.0019917329773306847,0.018349044024944305,0.08594125509262085,0.001914540771394968,0.0005126697942614555,0.8575057983398438
Qwen3-30B-A3B-Base,IOI (i) S2 -> IO,45,25,-0.04541015625,-0.05810546875,-0.0322265625,0.0,0.15625,-0.04296875,-0.1806640625,-0.1929352791078629,-0.16848735194052422,-0.010948905109489052,-0.4356832561737896,-0.44386383479984604,False,0.0663544237613678,0.012806937098503113,0.0019380864687263966,0.013895727694034576,0.06073963642120361,0.0022673988714814186,0.0022701630368828773,0.8473548889160156
Qwen3-30B-A3B-Base,IOI (i) S2 -> IO,39,20,-0.0458984375,-0.0595703125,-0.03271484375,0.0,0.125,-0.02734375,-0.07798324092741934,-0.0912782730594758,-0.06508237777217744,-0.024575163398692812,-0.4375777886099306,-0.37921182392746083,False,0.06419447064399719,0.0581689327955246,0.1690835952758789,0.05474662780761719,0.061940938234329224,0.16376012563705444,0.008779019117355347,0.5817813873291016
Qwen3-30B-A3B-Base,IOI (i) S2 -> IO,45,18,-0.04833984375,-0.06103515625,-0.03564453125,0.0,0.1171875,-0.0458984375,-0.18368825604838712,-0.19736131237399196,-0.17063027658770163,-0.011655286084294796,-0.4470504507906353,-0.45598608683841824,False,0.07763011753559113,0.02109372243285179,0.0026876451447606087,0.018728991970419884,0.07957564294338226,0.0025433748960494995,0.0004857489839196205,0.8683967590332031
Qwen3-30B-A3B-Base,IOI (i) S2 -> IO,39,27,-0.0576171875,-0.07421875,-0.041015625,0.0,0.171875,-0.04296875,-0.09008001512096775,-0.10411455708165322,-0.07653375441028226,-0.030849673202614378,-0.48304656707731347,-0.44386383479984604,False,0.10169875621795654,0.06105226278305054,0.06620484590530396,0.06305575370788574,0.0979289710521698,0.06231093406677246,0.02836322784423828,0.4338569641113281
Qwen3-30B-A3B-Base,IOI (i) S2 -> IO,39,26,-0.1044921875,-0.12451171875,-0.0849609375,0.0,0.109375,-0.0771484375,-0.13846711189516128,-0.15609327746975807,-0.12065193422379035,-0.055947712418300655,-0.6649216809468449,-0.5852901085831888,False,0.18764477968215942,0.04573315382003784,0.016795508563518524,0.057534247636795044,0.17973923683166504,0.01691845804452896,0.005341431125998497,0.5717945098876953
Qwen3-30B-A3B-Base,IOI (i) S2 -> IO,43,19,-0.111328125,-0.13233642578125,-0.08935546875,0.0,0.1015625,-0.0908203125,-0.2035345262096774,-0.22435735887096775,-0.18307317918346774,-0.0408017179670723,-0.6914451350528182,-0.6418606180965257,False,0.2216489315032959,0.05731210112571716,0.059074342250823975,0.05530992150306702,0.20633530616760254,0.05503267049789429,0.00530889630317688,0.5573492050170898
Qwen3-30B-A3B-Base,IOI (i) S2 -> IO,43,18,-0.31982421875,-0.3525390625,-0.2890625,0.0,0.0,-0.26318359375,-0.41875630040322587,-0.45233941847278225,-0.3873161069808468,-0.11721546170365069,-1.5004104852850049,-1.355053113032525,False,0.15789192914962769,0.0239645317196846,0.002958483062684536,0.020195618271827698,0.15505170822143555,0.0028257500380277634,0.0020507220178842545,0.7585506439208984
Qwen3-30B-A3B-Base,IOI (i) S2 -> IO,43,30,-0.35693359375,-0.3828125,-0.33154296875,0.0,0.0,-0.32470703125,-0.457062752016129,-0.4826163999495968,-0.43198635962701615,-0.13081603435934144,-1.6443949504317172,-1.6096204058425416,False,0.041796207427978516,0.03265726566314697,0.08021092414855957,0.03085702657699585,0.04200774431228638,0.08004772663116455,0.0856935977935791,0.48146820068359375
Qwen3-30B-A3B-Base,IOI (i) S2 -> IO,43,27,-0.466796875,-0.49951171875,-0.4345703125,0.0,0.0,-0.42529296875,-0.5704700100806452,-0.6032978673135081,-0.537754378780242,-0.17108088761632068,-2.0706647485634315,-2.0258177258335213,True,0.009362556040287018,0.005112975835800171,0.011541783809661865,0.005399465560913086,0.008003905415534973,0.012537717819213867,0.12529194355010986,0.6284713745117188
Qwen3-30B-A3B-Base,IOI (i) S2 -> IO,42,14,-0.51708984375,-0.55810546875,-0.4775390625,0.0,0.0,-0.49853515625,-0.633820564516129,-0.6741297568044354,-0.5941398374495969,-0.15480192954246455,-2.2658015894859496,-2.3288740267978265,True,0.20672428607940674,0.029494494199752808,0.0057076625525951385,0.032584965229034424,0.20715773105621338,0.006199590861797333,0.0033911652863025665,0.6369419097900391
Qwen3-30B-A3B-Base,"IOI (ii) S1, IO -> other names",42,10,1.05078125,0.9579833984375,1.150390625,0.0,0.984375,1.17041015625,1.040196572580645,0.9498472152217742,1.138137915826613,0.6771554436752675,6.6457184816485,7.2257280601197404,True,0.8724832534790039,0.030209021642804146,0.01910785585641861,0.34072816371917725,0.37023812532424927,0.06166842579841614,0.00014308420941233635,0.04238368570804596
Qwen3-30B-A3B-Base,"IOI (ii) S1, IO -> other names",45,9,0.6904296875,0.5625,0.8212890625,0.0,0.78125,0.62841796875,0.5218939012096775,0.3971026020665323,0.6551490045362903,0.14481769766489144,4.258732430421269,3.7119559644142672,True,0.3520667552947998,0.06421441584825516,0.010780149139463902,0.21061736345291138,0.2171497941017151,0.057675838470458984,0.0004076431505382061,0.5558404922485352
Qwen3-30B-A3B-Base,"IOI (ii) S1, IO -> other names",45,29,0.6357421875,0.4931396484375,0.7871337890624996,0.0,0.6875,0.64404296875,0.4654422883064516,0.3208157447076613,0.6184908959173386,0.13334698893895944,3.8964798047607676,3.8132538987048754,True,0.2685626149177551,0.050069913268089294,0.007065783254802227,0.14281132817268372,0.14686959981918335,0.04136223345994949,0.0002484307624399662,0.6540431976318359
Qwen3-30B-A3B-Base,"IOI (ii) S1, IO -> other names",45,20,0.5888671875,0.416015625,0.7754150390624996,0.0,0.6171875,0.49267578125,0.41705519153225806,0.23830487651209675,0.6096923828125002,0.12351495288816058,3.5859775541946237,2.831930160264608,True,0.23694568872451782,0.05383092910051346,0.012201117351651192,0.18518447875976562,0.13149839639663696,0.0474129356443882,0.0013174931518733501,0.653472900390625
Qwen3-30B-A3B-Base,"IOI (ii) S1, IO -> other names",45,22,0.51171875,0.3203125,0.7255859375,0.0,0.4609375,0.56884765625,0.3374180947580645,0.13895145539314516,0.5557680191532256,0.10733306022122081,3.074942600137845,3.325757589931323,True,0.20474272966384888,0.06216337904334068,0.009803129360079765,0.14864590764045715,0.16313624382019043,0.05216919258236885,0.00046054180711507797,0.6934890747070312
Qwen3-30B-A3B-Base,"IOI (ii) S1, IO -> other names",45,10,0.416015625,0.2470703125,0.5986328125,0.0,0.3515625,0.27392578125,0.23862777217741934,0.06527217741935484,0.4244581653225806,0.08725931995083983,2.4410005052319677,1.4137590801960924,False,0.18331706523895264,0.04635528102517128,0.008146128617227077,0.10757365822792053,0.13269585371017456,0.04140295833349228,0.00045574549585580826,0.7333498001098633
Qwen3-30B-A3B-Base,"IOI (ii) S1, IO -> other names",43,24,0.3525390625,0.314453125,0.390625,0.0,0.9375,0.38623046875,0.3408833165322581,0.30515451738911287,0.3770791330645161,0.4272189349112426,2.0205287075903144,2.1418379829098395,True,0.006100796163082123,0.0048286449164152145,0.03909781575202942,0.0065143294632434845,0.005753729492425919,0.03999745845794678,0.20197486877441406,0.39594268798828125
Qwen3-30B-A3B-Base,"IOI (ii) S1, IO -> other names",42,11,0.34375,0.287109375,0.4013671875,0.0,0.796875,0.353515625,0.31035786290322576,0.25547898815524195,0.3670929939516129,0.22152297042164884,1.9623095356091622,1.9297454329888784,False,0.059194207191467285,0.06350088119506836,0.7463703155517578,0.08575892448425293,0.08656978607177734,0.4973945617675781,0.0033110249787569046,0.06532275676727295
Qwen3-30B-A3B-Base,"IOI (ii) S1, IO -> other names",45,23,0.2783203125,0.12204589843750001,0.4599609375,0.0008,0.3359375,0.16259765625,0.0964906754032258,-0.06429797757056452,0.2823887978830645,0.058377714051618186,1.5289001441939194,0.6920112983755087,False,0.14263728260993958,0.036465615034103394,0.006471936125308275,0.07281169295310974,0.09013131260871887,0.040052782744169235,0.0008359616622328758,0.774846076965332
Qwen3-30B-A3B-Base,"IOI (ii) S1, IO -> other names",45,24,0.2705078125,0.1201171875,0.4326171875,0.0009,0.3203125,0.17138671875,0.08842615927419355,-0.06382938508064513,0.25170583417338704,0.05673904137648505,1.477149769099562,0.7489913864139758,False,0.16834959387779236,0.04836244881153107,0.006735330447554588,0.11007910966873169,0.12796781957149506,0.038118764758110046,0.001063852570950985,0.7536039352416992
Qwen3-30B-A3B-Base,"IOI (ii) S1, IO -> other names",45,28,0.255859375,0.12497558593750001,0.408203125,0.0004,0.3203125,0.2998046875,0.07330519153225806,-0.062028257308467734,0.23037975680443537,0.05366653011061041,1.3801178157976421,1.5815337838649124,False,0.1744326651096344,0.04346649721264839,0.005572349298745394,0.12135832011699677,0.11842799186706543,0.031010396778583527,0.0004646936431527138,0.7425594329833984
Qwen3-30B-A3B-Base,"IOI (ii) S1, IO -> other names",45,5,0.24609375,0.1611328125,0.3359375,0.0,0.6015625,0.32470703125,0.06322454637096775,-0.024043126260080636,0.15606256300403226,0.05161818926669398,1.3154298469296954,1.7429773666405695,False,0.19560633599758148,0.0699440985918045,0.014737105928361416,0.14632439613342285,0.11928397417068481,0.06937487423419952,0.0006689811125397682,0.6802186965942383
Qwen3-30B-A3B-Base,"IOI (ii) S1, IO -> other names",45,31,0.21875,0.0615234375,0.384765625,0.0076,0.2890625,0.46435546875,0.03499873991935484,-0.12361469884072582,0.20196021295362904,0.04588283490372798,1.1343035340994447,2.6483276543628804,False,0.16929349303245544,0.06213320791721344,0.008575782179832458,0.12437855452299118,0.14976191520690918,0.04652075469493866,0.0013142405077815056,0.7238368988037109
Qwen3-30B-A3B-Base,"IOI (ii) S1, IO -> other names",45,27,0.2138671875,0.11032714843750001,0.3291015625,0.0,0.4453125,0.23193359375,0.029958417338709672,-0.07815807711693548,0.14862651209677416,0.04485866448176977,1.1019595496654715,1.1415208817900828,False,0.20420897006988525,0.04639503359794617,0.007165530696511269,0.12571686506271362,0.11974048614501953,0.04024645686149597,0.0006742095574736595,0.7181797027587891
Qwen3-30B-A3B-Base,"IOI (ii) S1, IO -> other names",45,8,0.2138671875,0.08688964843750001,0.3623535156249993,0.0017,0.2890625,0.201171875,0.029958417338709676,-0.10084504158266128,0.18438287550403223,0.04485866448176977,1.1019595496654715,0.9420905736554478,False,0.1380157768726349,0.03537703678011894,0.005806421861052513,0.09699482470750809,0.09651798754930496,0.028569446876645088,0.0010356223210692406,0.7761774063110352
Qwen3-30B-A3B-Base,"IOI (ii) S1, IO -> other names",43,15,0.1943359375,0.1640625,0.224609375,0.0,0.78125,0.22216796875,0.17757686491935482,0.1499480216733871,0.2054262222782258,0.23550295857988165,0.9725836119295781,1.0782096728584527,False,0.2420945167541504,0.14620375633239746,0.030684471130371094,0.19871878623962402,0.17172956466674805,0.11380481719970703,0.01399240642786026,0.4192771911621094
Qwen3-30B-A3B-Base,"IOI (ii) S1, IO -> other names",45,6,0.1884765625,0.0986328125,0.294921875,0.0,0.3984375,0.24609375,0.00374873991935485,-0.09015955771169354,0.11329148815524179,0.039532978287587055,0.93377083060881,1.2333221347409464,False,0.14973172545433044,0.041683927178382874,0.006857261992990971,0.10829927027225494,0.08239170908927917,0.03920326009392738,0.0007570497691631317,0.7327213287353516
Qwen3-30B-A3B-Base,"IOI (ii) S1, IO -> other names",45,13,0.16796875,0.052734375,0.2958984375,0.0054,0.3203125,0.234375,-0.01742061491935484,-0.13707236013104837,0.11554939516129033,0.035231462515362556,0.7979260959861221,1.1573486840229903,False,0.1483479142189026,0.04298747330904007,0.006667420733720064,0.1270953118801117,0.0835190862417221,0.0394601933658123,0.0006965035572648048,0.7656011581420898
Qwen3-30B-A3B-Base,"IOI (ii) S1, IO -> other names",43,19,0.1533203125,0.1220703125,0.185546875,0.0,0.7109375,0.14208984375,0.1352381552419355,0.10552860383064516,0.16604791456653226,0.18579881656804734,0.7008941426842021,0.5590577596190853,False,0.2216489315032959,0.05731210112571716,0.059074342250823975,0.10986578464508057,0.10669934749603271,0.10378265380859375,0.005381584167480469,0.5567655563354492
Qwen3-30B-A3B-Base,"IOI (ii) S1, IO -> other names",45,4,0.1533203125,0.119140625,0.1884765625,0.0,0.6484375,0.13818359375,-0.03254158266129033,-0.06750882056451613,0.0041267641129032265,0.032158951249487915,0.7008941426842021,0.5337332760464333,False,0.13278478384017944,0.047574251890182495,0.009978197515010834,0.09510201215744019,0.0993959903717041,0.04074758291244507,0.0020798221230506897,0.7467250823974609
Qwen3-30B-A3B-Base,"IOI (ii) S1, IO -> other names",45,7,0.1484375,0.0869140625,0.216796875,0.0,0.3984375,0.07275390625,-0.03758190524193547,-0.09894940776209676,0.03279674899193545,0.031134780827529702,0.6685501582502288,0.10954817620451131,False,0.12490108609199524,0.03235623985528946,0.005802915431559086,0.09260788559913635,0.08010291308164597,0.02670380473136902,0.0017735208384692669,0.7912693023681641
Qwen3-30B-A3B-Base,"IOI (ii) S1, IO -> other names",45,2,0.1396484375,0.056640625,0.23828125,0.0005,0.3671875,0.140625,-0.04665448588709678,-0.13224625126008063,0.05383694556451613,0.029291274068004917,0.6103309862690768,0.5495610782793409,False,0.1378151923418045,0.037397511303424835,0.0068948226980865,0.09381327033042908,0.07398191094398499,0.032234013080596924,0.0010919999331235886,0.7451114654541016
Qwen3-30B-A3B-Base,"IOI (ii) S1, IO -> other names",43,22,0.138671875,0.08981933593750001,0.1865234375,0.0,0.6015625,0.22314453125,0.1201171875,0.07305081275201614,0.16544937626008066,0.1680473372781065,0.6038621893822821,1.0845407937516156,False,0.3009481430053711,0.11870765686035156,0.03841215372085571,0.19439244270324707,0.2002887725830078,0.0778118371963501,0.006360899657011032,0.30315256118774414
Qwen3-30B-A3B-Base,"IOI (ii) S1, IO -> other names",45,30,0.1357421875,0.05078125,0.23537597656249964,0.0035,0.2578125,0.0947265625,-0.0506867439516129,-0.1354586693548387,0.048932869203628875,0.028471937730438344,0.5844557987218981,0.25199839630067916,False,0.10433769226074219,0.021327774971723557,0.0025806045159697533,0.06582865118980408,0.05226588249206543,0.014932196587324142,0.0005210465751588345,0.8430929183959961
Qwen3-30B-A3B-Base,"IOI (ii) S1, IO -> other names",45,17,0.130859375,0.0625,0.203125,0.0003,0.40625,0.1572265625,-0.05572706653225807,-0.12472356980846774,0.016791362147177403,0.02744776730848013,0.5521118142879248,0.6571901334631121,False,0.19932258129119873,0.05351848900318146,0.013135131448507309,0.13975459337234497,0.1436360776424408,0.05004271864891052,0.0005527269095182419,0.6766223907470703
Qwen3-30B-A3B-Base,"IOI (ii) S1, IO -> other names",42,16,0.1298828125,0.095703125,0.1650390625,0.0,0.5859375,0.12744140625,0.08959173387096774,0.05811649445564515,0.12223097278225802,0.08370044052863436,0.5456430174011301,0.46409094622164015,False,0.34658342599868774,0.04937376081943512,0.01441432535648346,0.15432117879390717,0.12153889238834381,0.04206860065460205,0.0023083891719579697,0.5445423126220703
Qwen3-30B-A3B-Base,"IOI (ii) S1, IO -> other names",40,24,0.126953125,0.0986328125,0.1572265625,0.0,0.6484375,0.1220703125,0.13208795362903225,0.10499385710685483,0.16182664440524194,0.7386363636363636,0.5262366267407461,0.42926978130924354,False,0.04263278841972351,0.07560622692108154,0.25031471252441406,0.060651421546936035,0.05575895309448242,0.24741220474243164,0.09101080894470215,0.2837066650390625
Qwen3-30B-A3B-Base,"IOI (ii) S1, IO -> other names",45,0,0.1220703125,0.06052246093750001,0.1953125,0.0,0.3203125,0.15966796875,-0.06479964717741936,-0.12828093497983872,0.008860729586693419,0.025604260548955347,0.49389264230677277,0.6730179356960196,False,0.10058152675628662,0.03217092901468277,0.005937103182077408,0.07163561880588531,0.07270880043506622,0.029935646802186966,0.0011061616241931915,0.7986679077148438
Qwen3-30B-A3B-Base,"IOI (ii) S1, IO -> other names",40,2,0.1171875,0.08203125,0.15234375,0.0,0.609375,0.11279296875,0.12200730846774194,0.08874039188508065,0.15568375126008063,0.6818181818181818,0.4615486578727994,0.36912413282419493,False,0.0008450564928352833,0.0007215640507638454,0.004975328221917152,0.0009311088360846043,0.0007845666259527206,0.005714938044548035,0.5546226501464844,0.20314407348632812
Qwen3-30B-A3B-Base,"IOI (ii) S1, IO -> other names",43,7,0.1142578125,0.0849609375,0.14453125,0.0,0.6015625,0.130859375,0.09491557459677419,0.06690870715725805,0.12414944556451613,0.13846153846153847,0.4421422672124154,0.4862498693477107,False,0.36274147033691406,0.08423709869384766,0.0858457088470459,0.17610099911689758,0.16325706243515015,0.09005540609359741,0.006602421402931213,0.38723182678222656
Qwen3-30B-A3B-Base,"IOI (ii) S1, IO -> other names",45,14,0.095703125,0.0185546875,0.18557128906249964,0.0241,0.234375,0.05078125,-0.09201738911290323,-0.17125126008064515,3.858996975795199e-05,0.02007374027038099,0.3192351263633168,-0.03290204389165654,False,0.12940415740013123,0.02430904284119606,0.002835349179804325,0.07745835930109024,0.08401284366846085,0.017098883166909218,0.00047639990225434303,0.8081121444702148
Qwen3-30B-A3B-Base,"IOI (ii) S1, IO -> other names",45,12,0.087890625,-0.010766601562499992,0.21291503906249964,0.1423,0.1640625,-0.01318359375,-0.10008190524193548,-0.20429214969758064,0.029959204889112866,0.01843506759524785,0.2674847512689595,-0.4475904623938341,False,0.1217261552810669,0.031130269169807434,0.003896140493452549,0.07408705353736877,0.07425963878631592,0.026778601109981537,0.0009897751733660698,0.7898077964782715
Qwen3-30B-A3B-Base,"IOI (ii) S1, IO -> other names",43,28,0.072265625,0.044921875,0.1005859375,0.0,0.515625,0.13818359375,0.051568800403225805,0.02866447202620968,0.07588993195564513,0.08757396449704143,0.1639840010802448,0.5337332760464333,False,0.023410215973854065,0.016575969755649567,0.06933224201202393,0.02016141265630722,0.020602591335773468,0.10185396671295166,0.2979426383972168,0.07039612531661987
Qwen3-30B-A3B-Base,"IOI (ii) S1, IO -> other names",40,0,0.06640625,0.044921875,0.087890625,0.0,0.515625,0.064453125,0.06958795362903225,0.05084189138104839,0.08927828881048384,0.38636363636363635,0.12517121975947682,0.055733648612625676,False,0.012826470658183098,0.010801147669553757,0.18825149536132812,0.006902441382408142,0.006847565993666649,0.18035197257995605,0.05700880289077759,0.24303555488586426
Qwen3-30B-A3B-Base,"IOI (ii) S1, IO -> other names",45,19,0.0634765625,-0.0048828125,0.142578125,0.0996,0.2109375,0.0615234375,-0.12528351814516128,-0.1963528540826613,-0.043622416834677526,0.01331421548545678,0.10576482909909281,0.036740285933136635,False,0.11595645546913147,0.026273511350154877,0.005474180448800325,0.07790964841842651,0.08270478248596191,0.026040002703666687,0.001133558340370655,0.8138103485107422
Qwen3-30B-A3B-Base,"IOI (ii) S1, IO -> other names",45,16,0.0634765625,0.0283203125,0.1015625,0.0007,0.3828125,0.076171875,-0.1252835181451613,-0.15902296496975807,-0.0889270413306452,0.01331421548545678,0.10576482909909281,0.13170709933058186,False,0.10904590785503387,0.02789316698908806,0.004589456599205732,0.10865600407123566,0.08370210975408554,0.02075125463306904,0.0008158520795404911,0.8194046020507812
Qwen3-30B-A3B-Base,"IOI (ii) S1, IO -> other names",43,14,0.056640625,0.0390625,0.0751953125,0.0,0.421875,0.05615234375,0.03543976814516128,0.018648405997983872,0.05289267263104838,0.06863905325443787,0.060483250891530144,0.0019191210207400481,False,0.07052642107009888,0.04489538073539734,0.027504384517669678,0.06490015983581543,0.06310427188873291,0.09694278240203857,0.01362183690071106,0.7433719635009766
Qwen3-30B-A3B-Base,"IOI (ii) S1, IO -> other names",43,31,0.05078125,0.029296875,0.0732421875,0.0,0.4609375,0.08447265625,0.029391381048387094,0.01058467741935484,0.047946856098790305,0.06153846153846154,0.021670469570762144,0.1855216269224675,False,0.045540839433670044,0.026280879974365234,0.011290177702903748,0.03673747181892395,0.03572109341621399,0.019554749131202698,0.07659721374511719,0.5236396789550781
Qwen3-30B-A3B-Base,"IOI (ii) S1, IO -> other names",42,12,0.046875,0.0166015625,0.0771484375,0.0022,0.4453125,0.09423828125,0.00390625,-0.024040763608870967,0.033014900453629016,0.030207677784770296,-0.004204717976416524,0.24883283585409766,False,0.20231866836547852,0.11997842788696289,0.04669782519340515,0.15287327766418457,0.14064860343933105,0.07709121704101562,0.006713792681694031,0.4289665222167969
Qwen3-30B-A3B-Base,"IOI (ii) S1, IO -> other names",43,10,0.0380859375,0.0224609375,0.0537109375,0.0,0.375,0.05029296875,0.016286542338709676,0.004410282258064517,0.027722561743951598,0.046153846153846156,-0.06242388995756852,-0.036067604338238045,False,0.03869188204407692,0.022497642785310745,0.013155791908502579,0.04218362271785736,0.035498835146427155,0.0359196662902832,0.0021595233120024204,0.8978347778320312
Qwen3-30B-A3B-Base,"IOI (ii) S1, IO -> other names",43,20,0.03515625,0.01953125,0.0498046875,0.0001,0.359375,0.03173828125,0.013262348790322578,0.00012600806451612957,0.025737147177419352,0.04260355029585799,-0.08183028061795253,-0.15635890130833535,False,0.04128113389015198,0.010724060237407684,0.003941625356674194,0.02563488483428955,0.024217188358306885,0.012511149048805237,0.0013630939647555351,0.9138755798339844
Qwen3-30B-A3B-Base,"IOI (ii) S1, IO -> other names",40,13,0.0322265625,0.005859375,0.05859375,0.0258,0.3828125,0.08056640625,0.034305695564516125,0.010803616431451609,0.05859532510080643,0.1875,-0.10123667127833652,0.16019714334981544,False,0.3890953063964844,0.18841618299484253,0.08812183141708374,0.2667248249053955,0.2116091251373291,0.2875528335571289,0.006650183349847794,0.1605234146118164
Qwen3-30B-A3B-Base,"IOI (ii) S1, IO -> other names",40,15,0.03125,0.009765625,0.052734375,0.0064,0.3515625,0.06103515625,0.033297631048387094,0.013702589465725806,0.052451644405241915,0.18181818181818182,-0.10770546816513119,0.03357472548655512,False,0.03711630403995514,0.04041630029678345,0.14236509799957275,0.0528215616941452,0.03734425827860832,0.34411048889160156,0.20039153099060059,0.15655946731567383
Qwen3-30B-A3B-Base,"IOI (ii) S1, IO -> other names",45,15,0.0283203125,0.0029296875,0.0537109375,0.0385,0.3515625,0.00439453125,-0.16157384072580644,-0.1882568359375,-0.13485934349798387,0.00594018844735764,-0.12711185882551518,-0.3336302863168998,False,0.1874558925628662,0.02494165301322937,0.002828983124345541,0.10442900657653809,0.10929971933364868,0.022441357374191284,0.0003528655506670475,0.7423725128173828
Qwen3-30B-A3B-Base,"IOI (ii) S1, IO -> other names",43,12,0.02734375,0.005859375,0.048828125,0.0185,0.3984375,0.056640625,0.005197832661290322,-0.013577368951612902,0.023597372731854808,0.033136094674556214,-0.13358065571230984,0.005084681467321556,False,0.09145984053611755,0.07754601538181305,0.02617998979985714,0.09826672077178955,0.08520561456680298,0.061412155628204346,0.012089809402823448,0.6412124633789062
Qwen3-30B-A3B-Base,"IOI (ii) S1, IO -> other names",43,3,0.0224609375,-0.00390625,0.0498046875,0.1131,0.359375,0.02099609375,0.00015751008064516028,-0.02639868951612903,0.02712323588709677,0.027218934911242602,-0.1659246401462832,-0.2260012311331285,False,0.10195797681808472,0.03178170323371887,0.12766098976135254,0.05049729347229004,0.04975080490112305,0.061348795890808105,0.02755853533744812,0.6175651550292969
Qwen3-30B-A3B-Base,"IOI (ii) S1, IO -> other names",45,3,0.0185546875,-0.0107421875,0.051782226562499645,0.2879,0.2578125,-0.013671875,-0.1716544858870968,-0.2042913621471774,-0.1362737840221775,0.0038918476034412127,-0.19179982769346185,-0.4507560228404156,False,0.11606217920780182,0.040391501039266586,0.005691164173185825,0.08182042837142944,0.07272851467132568,0.02579406648874283,0.001556564588099718,0.8036594390869141
Qwen3-30B-A3B-Base,"IOI (ii) S1, IO -> other names",40,10,0.017578125,0.0,0.03515625,0.0674,0.3125,0.0478515625,0.019184727822580648,0.004473286290322581,0.03424426663306449,0.10227272727272728,-0.19826862458025651,-0.05189540657114558,False,0.14896488189697266,0.061139702796936035,0.036174654960632324,0.14421296119689941,0.13472700119018555,0.1214287281036377,0.013700872659683228,0.5047855377197266
Qwen3-30B-A3B-Base,"IOI (ii) S1, IO -> other names",40,11,0.0146484375,-0.00390625,0.033203125,0.152,0.296875,0.0400390625,0.016160534274193547,0.001197076612903226,0.031408297631048375,0.08522727272727272,-0.2176750152406405,-0.10254437371644971,False,0.11616697907447815,0.1203041672706604,0.1490468978881836,0.09284234046936035,0.07650986313819885,0.46071815490722656,0.04487931728363037,0.4142465591430664
Qwen3-30B-A3B-Base,"IOI (ii) S1, IO -> other names",42,15,0.013671875,-0.0029296875,0.0302734375,0.1348,0.3125,0.0126953125,-0.030367943548387094,-0.043821667086693536,-0.01707251764112905,0.00881057268722467,-0.2241438121274352,-0.27981575872501413,False,0.008323512971401215,0.007310308516025543,0.01292923092842102,0.008367054164409637,0.007831625640392303,0.013897627592086792,0.5076713562011719,0.17748260498046875
Qwen3-30B-A3B-Base,"IOI (ii) S1, IO -> other names",42,22,0.0107421875,-0.0029296875,0.0234375,0.143,0.203125,0.0,-0.03339213709677419,-0.045016381048387094,-0.02217741935483871,0.006922592825676526,-0.2435502027878192,-0.36212033033613333,False,0.007587440311908722,0.007507392205297947,0.004518985748291016,0.009013770148158073,0.008792538195848465,0.010189741849899292,0.0012960457243025303,0.9419670104980469
Qwen3-30B-A3B-Base,"IOI (ii) S1, IO -> other names",43,13,0.009765625,-0.005859375,0.0244140625,0.2521,0.2265625,0.017578125,-0.012947328629032258,-0.025264616935483868,-0.0009135584677419342,0.011834319526627219,-0.25001899967461383,-0.24816015425919907,False,0.028250068426132202,0.01619916409254074,0.0061644986271858215,0.034282147884368896,0.03257344663143158,0.019746363162994385,0.0029415301978588104,0.9050216674804688
Qwen3-30B-A3B-Base,"IOI (ii) S1, IO -> other names",42,18,0.009765625,-0.005859375,0.025390625,0.2566,0.234375,0.005859375,-0.03440020161290322,-0.04649697580645161,-0.021482012348790356,0.0062932662051604785,-0.25001899967461383,-0.32413360497715527,False,0.020704325288534164,0.007124228402972221,0.0025358526036143303,0.01665327325463295,0.014441259205341339,0.005476880818605423,0.0035506938584148884,0.9260978698730469
Qwen3-30B-A3B-Base,"IOI (ii) S1, IO -> other names",42,13,0.009765625,-0.0087890625,0.02734375,0.3588,0.28125,0.02490234375,-0.034400201612903226,-0.051568800403225805,-0.018585401965725817,0.0062932662051604785,-0.25001899967461383,-0.20067674756047646,False,0.0181485116481781,0.022054150700569153,0.09770649671554565,0.02286285161972046,0.025073140859603882,0.08883881568908691,0.004685487598180771,0.7886123657226562
Qwen3-30B-A3B-Base,"IOI (ii) S1, IO -> other names",40,29,0.009765625,-0.0087890625,0.0283203125,0.3451,0.2578125,0.00390625,0.011120211693548388,-0.003559727822580645,0.02599073840725804,0.056818181818181816,-0.25001899967461383,-0.3367958467634813,False,0.10220140218734741,0.05417005717754364,0.029056578874588013,0.07629585266113281,0.060246407985687256,0.0388835072517395,0.021988660097122192,0.5804948806762695
Qwen3-30B-A3B-Base,"IOI (ii) S1, IO -> other names",40,28,0.009765625,-0.0087890625,0.0283203125,0.3489,0.2421875,0.01904296875,0.011120211693548387,-0.0025839528729838697,0.02495038432459676,0.056818181818181816,-0.25001899967461383,-0.23866347291945453,False,0.1534138321876526,0.044480662792921066,0.034512974321842194,0.09079241752624512,0.07886689901351929,0.0330466628074646,0.022359400987625122,0.5784561634063721
Qwen3-30B-A3B-Base,"IOI (ii) S1, IO -> other names",42,30,0.0087890625,-0.0048828125,0.0224609375,0.2848,0.2265625,0.01416015625,-0.03540826612903226,-0.04703487273185483,-0.023847026209677418,0.005663939584644431,-0.2564877965614085,-0.2703190773852696,False,0.006688363384455442,0.006912458222359419,0.044744864106178284,0.007198089733719826,0.007175855338573456,0.04922884702682495,0.2931065559387207,0.3488733768463135
Qwen3-30B-A3B-Base,"IOI (ii) S1, IO -> other names",42,3,0.0068359375,-0.0078125,0.021484375,0.4164,0.21875,0.01806640625,-0.03742439516129032,-0.04967867943548387,-0.024854303175403235,0.004405286343612335,-0.26942539033499785,-0.24499459381261757,False,0.01392151415348053,0.01338212937116623,0.10845375061035156,0.012684017419815063,0.011893220245838165,0.09774422645568848,0.10956692695617676,0.26399993896484375
Qwen3-30B-A3B-Base,"IOI (ii) S1, IO -> other names",43,21,0.005859375,-0.01171875,0.0244140625,0.6029,0.2421875,0.03173828125,-0.016979586693548387,-0.034180475050403225,-2.1141942363475225e-18,0.007100591715976331,-0.27589418722179254,-0.15635890130833535,False,0.07658131420612335,0.05474826693534851,0.020032066851854324,0.05921007692813873,0.0542597770690918,0.02770306169986725,0.006760120391845703,0.6935310363769531
Qwen3-30B-A3B-Base,"IOI (ii) S1, IO -> other names",40,23,0.005859375,-0.009765625,0.021484375,0.5379,0.203125,0.00439453125,0.00708795362903226,-0.0045362903225806455,0.018807491179435473,0.03409090909090909,-0.27589418722179254,-0.3336302863168998,False,0.0023011425510048866,0.0022303014993667603,0.025585278868675232,0.0031607765704393387,0.0028620287775993347,0.02206823229789734,0.037070393562316895,0.8030166625976562
Qwen3-30B-A3B-Base,"IOI (ii) S1, IO -> other names",43,17,0.005859375,-0.0078125,0.01953125,0.4915,0.2265625,0.00390625,-0.016979586693548387,-0.028131300403225805,-0.005481350806451613,0.007100591715976331,-0.27589418722179254,-0.3367958467634813,False,0.02636033296585083,0.006009453907608986,0.0013956408947706223,0.017866909503936768,0.017893441021442413,0.006053571589291096,0.001878630369901657,0.911712646484375
Qwen3-30B-A3B-Base,"IOI (ii) S1, IO -> other names",43,26,0.005859375,-0.0107421875,0.0224609375,0.5702,0.25,0.0224609375,-0.016979586693548387,-0.0320068359375,-0.0018578314012096878,0.007100591715976331,-0.27589418722179254,-0.216504549793384,False,0.0025499332696199417,0.002364286221563816,0.025414228439331055,0.00217223446816206,0.0022821538150310516,0.019025474786758423,0.3061027526855469,0.30689477920532227
Qwen3-30B-A3B-Base,"IOI (ii) S1, IO -> other names",43,0,0.0048828125,-0.0107421875,0.0205078125,0.6237,0.25,0.00439453125,-0.017987651209677418,-0.032006048387096774,-0.003998393397177453,0.005917159763313609,-0.2823629841085872,-0.3336302863168998,False,0.022018536925315857,0.024194523692131042,0.00960477627813816,0.01666615903377533,0.016300804913043976,0.016475453972816467,0.021772123873233795,0.8597373962402344
Qwen3-30B-A3B-Base,"IOI (ii) S1, IO -> other names",43,25,0.0048828125,-0.01171875,0.0205078125,0.6382,0.2109375,0.01708984375,-0.017987651209677418,-0.030652249243951612,-0.005229334677419354,0.005917159763313609,-0.2823629841085872,-0.2513257147057806,False,0.07069927453994751,0.04289725422859192,0.01921197772026062,0.0586511492729187,0.06660774350166321,0.06658637523651123,0.016567736864089966,0.6839199066162109
Qwen3-30B-A3B-Base,"IOI (ii) S1, IO -> other names",45,1,0.00390625,-0.015625,0.0234375,0.784,0.2109375,-0.00439453125,-0.18677545362903225,-0.20662251134072582,-0.16642357610887099,0.0008193363375665711,-0.28883178099538187,-0.3906103743553669,False,0.07382899522781372,0.019890356808900833,0.0027265269309282303,0.04514158144593239,0.05277617275714874,0.01554792933166027,0.002551666460931301,0.8516387939453125
Qwen3-30B-A3B-Base,"IOI (ii) S1, IO -> other names",42,6,0.00390625,-0.0126953125,0.0205078125,0.7323,0.234375,0.02294921875,-0.040448588709677415,-0.053680223034274194,-0.027375252016129035,0.0025173064820641915,-0.28883178099538187,-0.21333898934680248,False,0.00020839041098952293,0.00018807081505656242,0.014992520213127136,0.0003016926348209381,0.00026781903579831123,0.0152052640914917,0.07981681823730469,0.23854494094848633
Qwen3-30B-A3B-Base,"IOI (ii) S1, IO -> other names",26,16,0.00390625,-0.014672851562499992,0.0224609375,0.7709,0.25,-0.0068359375,0.016097530241935484,6.142893145161299e-05,0.032699880292338696,-0.6666666666666666,-0.28883178099538187,-0.40643817658827447,False,0.00391874834895134,0.004944562911987305,0.008354686200618744,0.004072309471666813,0.0038465894758701324,0.012968599796295166,0.64520263671875,0.24046564102172852
Qwen3-30B-A3B-Base,"IOI (ii) S1, IO -> other names",40,5,0.0029296875,-0.0126953125,0.0185546875,0.803,0.21875,0.0,0.004063760080645162,-0.008852066532258064,0.016381835937499988,0.017045454545454544,-0.2953005778821765,-0.36212033033613333,False,0.00028034625574946404,0.000311064999550581,0.0019501401111483574,0.0003303680568933487,0.00044736359268426895,0.0024806163273751736,0.002911999821662903,0.7616958618164062
Qwen3-30B-A3B-Base,"IOI (ii) S1, IO -> other names",43,4,0.0029296875,-0.01171875,0.0166015625,0.7798,0.203125,0.005859375,-0.020003780241935484,-0.03373865927419355,-0.006394909274193547,0.0035502958579881655,-0.2953005778821765,-0.32413360497715527,False,0.02813238650560379,0.011980058625340462,0.002342729829251766,0.010548342019319534,0.0113251693546772,0.0061272382736206055,0.006461523473262787,0.889923095703125
Qwen3-30B-A3B-Base,"IOI (ii) S1, IO -> other names",42,23,0.001953125,-0.01171875,0.015625,0.886,0.1953125,0.0087890625,-0.042464717741935484,-0.054310263356854835,-0.03106020035282259,0.0012586532410320957,-0.3017693747689712,-0.3051402422976662,False,3.992253914475441e-05,3.619398921728134e-05,7.3481351137161255e-06,4.060287028551102e-05,3.886781632900238e-05,1.8831342458724976e-05,1.6357284039258957e-05,0.9998283386230469
Qwen3-30B-A3B-Base,"IOI (ii) S1, IO -> other names",26,28,0.001953125,-0.0166015625,0.0205078125,0.916,0.25,0.00732421875,0.014081401209677422,-0.0007568359375000016,0.029707188760080636,-0.3333333333333333,-0.3017693747689712,-0.31463692363741075,False,0.0018979883752763271,0.002271312288939953,0.0037995614111423492,0.0015981625765562057,0.0017389454878866673,0.0061910576187074184,0.0011564139276742935,0.9605369567871094
Qwen3-30B-A3B-Base,"IOI (ii) S1, IO -> other names",42,21,0.0009765625,-0.0126953125,0.0146484375,1.0,0.1796875,-0.0078125,-0.043472782258064516,-0.05594758064516129,-0.031122416834677438,0.0006293266205160479,-0.30823817165576584,-0.41276929748143754,False,0.0018227719701826572,0.0005152765661478043,0.00025744829326868057,0.0007592644542455673,0.0007207896560430527,0.0007576034404337406,0.001986062154173851,0.9919013977050781
Qwen3-30B-A3B-Base,"IOI (ii) S1, IO -> other names",40,12,0.0009765625,-0.0146484375,0.0166015625,1.0,0.21875,0.01416015625,0.0020476310483870967,-0.011310011340725805,0.015184759324596763,0.005681818181818182,-0.30823817165576584,-0.2703190773852696,False,0.09556835889816284,0.07285201549530029,0.054697275161743164,0.07562217116355896,0.06094643473625183,0.17756986618041992,0.03967355191707611,0.48878002166748047
Qwen3-30B-A3B-Base,"IOI (ii) S1, IO -> other names",26,8,0.0,-0.0205078125,0.01953125,1.0,0.2890625,-0.00732421875,0.012065272177419354,-0.004883600050403224,0.02772177419354839,-0.0,-0.31470696854256053,-0.409603737034856,False,0.02757743000984192,0.02667960524559021,0.06386598944664001,0.02164745330810547,0.021811336278915405,0.13625669479370117,0.07342517375946045,0.4504051208496094
Qwen3-30B-A3B-Base,"IOI (ii) S1, IO -> other names",42,7,0.0,-0.0146484375,0.0146484375,1.0,0.234375,0.009765625,-0.04448084677419355,-0.05765026461693548,-0.031342930947580665,0.0,-0.31470696854256053,-0.29880912140450316,False,0.0029289517551660538,0.0029776841402053833,0.005833655595779419,0.002986866980791092,0.003013826906681061,0.0069240182638168335,0.18952012062072754,0.6052474975585938
Qwen3-30B-A3B-Base,"IOI (ii) S1, IO -> other names",42,29,0.0,-0.01171875,0.01171875,1.0,0.1640625,0.00048828125,-0.04448084677419355,-0.05632560483870967,-0.03254158266129032,0.0,-0.31470696854256053,-0.35895476988955183,False,0.008945992216467857,0.00821639969944954,0.016984306275844574,0.010070674121379852,0.011418387293815613,0.017444640398025513,0.07414102554321289,0.80157470703125
Qwen3-30B-A3B-Base,"IOI (ii) S1, IO -> other names",26,0,-0.0009765625,-0.0205078125,0.017578125,1.0,0.25,0.0068359375,0.011057207661290324,-0.005733366935483869,0.02712402343749999,0.16666666666666666,-0.32117576542935516,-0.31780248408399225,False,0.0006192615255713463,0.0006987941451370716,0.003650132566690445,0.0005030925385653973,0.0004601236432790756,0.004886787384748459,0.7889862060546875,0.12074732780456543
Qwen3-30B-A3B-Base,"IOI (ii) S1, IO -> other names",42,2,-0.0009765625,-0.0205078125,0.01953125,1.0,0.2734375,0.01708984375,-0.04548891129032258,-0.0632568359375,-0.02772019909274196,-0.0006293266205160479,-0.32117576542935516,-0.2513257147057806,False,3.760913386940956e-05,4.394957795739174e-05,0.00019996706396341324,3.707734867930412e-05,5.559390410780907e-05,0.0002060229890048504,0.9510116577148438,0.04038870334625244
Qwen3-30B-A3B-Base,"IOI (ii) S1, IO -> other names",42,5,-0.0009765625,-0.013671875,0.0126953125,1.0,0.1875,0.00634765625,-0.04548891129032258,-0.05695564516129032,-0.03461992817540324,-0.0006293266205160479,-0.32117576542935516,-0.32096804453057376,False,0.0014829933643341064,0.0014791805297136307,0.015151992440223694,0.0017944872379302979,0.0016571152955293655,0.017044588923454285,0.052175819873809814,0.3665046691894531
Qwen3-30B-A3B-Base,"IOI (ii) S1, IO -> other names",42,25,-0.0009765625,-0.017578125,0.0146484375,1.0,0.2265625,0.01318359375,-0.04548891129032257,-0.05985383064516128,-0.03219427293346775,-0.0006293266205160479,-0.32117576542935516,-0.2766501982784326,False,0.00254162959754467,0.0026363241486251354,0.018747419118881226,0.0025779828429222107,0.0027658510953187943,0.024398088455200195,0.4031851291656494,0.3017268180847168
Qwen3-30B-A3B-Base,"IOI (ii) S1, IO -> other names",26,21,-0.0009765625,-0.0166015625,0.0146484375,1.0,0.21875,-0.0048828125,0.011057207661290324,-0.003403005292338709,0.025454416582661277,0.16666666666666666,-0.32117576542935516,-0.3937759348019484,False,0.01864224672317505,0.024024546146392822,0.02075549215078354,0.015179261565208435,0.016888944432139397,0.03487735986709595,0.02044069766998291,0.7389316558837891
Qwen3-30B-A3B-Base,"IOI (ii) S1, IO -> other names",42,20,-0.001953125,-0.015625,0.01171875,0.8893,0.1796875,0.013671875,-0.04649697580645161,-0.05812121975806451,-0.03556577620967742,-0.0012586532410320957,-0.32764456231614986,-0.2734846378318511,False,0.0021423972211778164,0.0008712648414075375,0.00017128651961684227,0.001116689294576645,0.0010871407575905323,0.0003634784370660782,0.0007546958513557911,0.9895668029785156
Qwen3-30B-A3B-Base,"IOI (ii) S1, IO -> other names",26,11,-0.001953125,-0.0205078125,0.015625,0.9201,0.234375,-0.0068359375,0.010049143145161294,-0.002930475050403225,0.02280824722782257,0.3333333333333333,-0.32764456231614986,-0.40643817658827447,False,0.023651957511901855,0.024909645318984985,0.036170005798339844,0.021285340189933777,0.021897390484809875,0.06607824563980103,0.037488967180252075,0.5163192749023438
Qwen3-30B-A3B-Base,"IOI (ii) S1, IO -> other names",40,18,-0.001953125,-0.017578125,0.0126953125,0.9034,0.1953125,0.00146484375,-0.0009765624999999991,-0.01184475806451613,0.010490958921370959,-0.011363636363636364,-0.32764456231614986,-0.3526236489963888,False,0.0026032738387584686,0.0023805638775229454,0.04605978727340698,0.0027772467583417892,0.0025453846901655197,0.04945021867752075,0.05750399827957153,0.6390419006347656
Qwen3-30B-A3B-Base,"IOI (ii) S1, IO -> other names",40,26,-0.001953125,-0.017578125,0.013671875,0.9014,0.21875,0.0087890625,-0.0009765624999999993,-0.012318075856854838,0.010080645161290322,-0.011363636363636364,-0.32764456231614986,-0.3051402422976662,False,0.033802688121795654,0.030158817768096924,0.047192931175231934,0.030913054943084717,0.03197100758552551,0.06947767734527588,0.0055841803550720215,0.6380405426025391
Qwen3-30B-A3B-Base,"IOI (ii) S1, IO -> other names",42,19,-0.001953125,-0.0166015625,0.0126953125,0.9024,0.1796875,0.00048828125,-0.04649697580645161,-0.05875283518145161,-0.03531218497983873,-0.0012586532410320957,-0.32764456231614986,-0.35895476988955183,False,0.025775764137506485,0.006354030221700668,0.004276733845472336,0.01076824963092804,0.012352563440799713,0.006809521466493607,0.0028088148683309555,0.9193038940429688
Qwen3-30B-A3B-Base,"IOI (ii) S1, IO -> other names",43,2,-0.001953125,-0.0166015625,0.0126953125,0.8935,0.1953125,0.00537109375,-0.025044102822580648,-0.03723617061491936,-0.012631520917338719,-0.002366863905325444,-0.32764456231614986,-0.32729916542373677,False,0.033252790570259094,0.010645527392625809,0.0025084782391786575,0.014039022848010063,0.01430479809641838,0.006549656391143799,0.005418544635176659,0.8639602661132812
Qwen3-30B-A3B-Base,"IOI (ii) S1, IO -> other names",42,9,-0.0029296875,-0.0185546875,0.0126953125,0.8031,0.21875,-0.00146484375,-0.04750504032258064,-0.059885332661290314,-0.034651430191532266,-0.0018879798615481435,-0.3341133592029445,-0.37161701167587785,False,0.001791214570403099,0.0014946050941944122,0.0017088837921619415,0.002338062971830368,0.0023342259228229523,0.0031263455748558044,0.00598280131816864,0.7083606719970703
Qwen3-30B-A3B-Base,"IOI (ii) S1, IO -> other names",26,27,-0.0029296875,-0.01953125,0.013671875,0.8181,0.2421875,0.00244140625,0.009041078629032258,-0.0037810294858870957,0.020980342741935484,0.5,-0.3341133592029445,-0.3462925281032258,False,0.02215493470430374,0.017366353422403336,0.10145226120948792,0.017624497413635254,0.015099920332431793,0.09290969371795654,0.05400562286376953,0.6081390380859375
Qwen3-30B-A3B-Base,"IOI (ii) S1, IO -> other names",26,6,-0.00390625,-0.0224609375,0.013671875,0.7623,0.25,0.00830078125,0.008033014112903226,-0.006459488407258064,0.022712953629032258,0.6666666666666666,-0.3405821560897392,-0.3083058027442477,False,0.03876381367444992,0.04524042829871178,0.07436107099056244,0.032815247774124146,0.030070453882217407,0.12794733047485352,0.03387065231800079,0.2985803484916687
Qwen3-30B-A3B-Base,"IOI (ii) S1, IO -> other names",40,17,-0.00390625,-0.01953125,0.0107421875,0.6915,0.2109375,-0.00146484375,-0.0029926915322580658,-0.014680727066532258,0.008915070564516129,-0.022727272727272728,-0.3405821560897392,-0.37161701167587785,False,0.0008613220416009426,0.0007486180402338505,0.011587589979171753,0.0011046454310417175,0.0009376625530421734,0.016914188861846924,0.008992217481136322,0.9304351806640625
Qwen3-30B-A3B-Base,"IOI (ii) S1, IO -> other names",42,27,-0.00390625,-0.0185546875,0.009765625,0.6951,0.1796875,0.0107421875,-0.04851310483870967,-0.06010663432459677,-0.03735902847782261,-0.0025173064820641915,-0.3405821560897392,-0.29247800051134015,False,0.0017512277700006962,0.0017594266682863235,0.013034706935286522,0.001920708455145359,0.0018904819153249264,0.025663137435913086,0.24326357245445251,0.22280392050743103
Qwen3-30B-A3B-Base,"IOI (ii) S1, IO -> other names",42,4,-0.00390625,-0.0185546875,0.009765625,0.6943,0.1875,0.0,-0.04851310483870967,-0.06051694808467742,-0.036258033014112914,-0.0025173064820641915,-0.3405821560897392,-0.36212033033613333,False,0.006047108210623264,0.00556732714176178,0.06920003890991211,0.005755767226219177,0.005839924328029156,0.07510101795196533,0.13241004943847656,0.49703407287597656
Qwen3-30B-A3B-Base,"IOI (ii) S1, IO -> other names",26,26,-0.00390625,-0.01953125,0.01171875,0.7118,0.1796875,-0.0009765625,0.008033014112903228,-0.00349672379032258,0.02041409400201612,0.6666666666666666,-0.3405821560897392,-0.36845145122929635,False,0.00031313393265008926,0.0003710370510816574,0.00020167231559753418,0.000518192071467638,0.0005779964849352837,0.0003164946101605892,0.008654091507196426,0.9790611267089844
Qwen3-30B-A3B-Base,"IOI (ii) S1, IO -> other names",26,31,-0.0048828125,-0.0205078125,0.009765625,0.6158,0.1796875,0.0,0.007024949596774195,-0.005702652469758066,0.019783266129032258,0.8333333333333334,-0.3470509529765339,-0.36212033033613333,False,0.019570130854845047,0.018701549619436264,0.012263098731637001,0.018650293350219727,0.018658138811588287,0.013884436339139938,0.006272410973906517,0.7893905639648438
Qwen3-30B-A3B-Base,"IOI (ii) S1, IO -> other names",40,14,-0.0048828125,-0.0234375,0.013671875,0.6734,0.234375,0.01123046875,-0.004000756048387096,-0.018586977066532256,0.011277721774193549,-0.028409090909090908,-0.3470509529765339,-0.28931244006475865,False,0.06837356090545654,0.03970714658498764,0.03549754619598389,0.07216918468475342,0.05508148670196533,0.07386088371276855,0.041996702551841736,0.3759322166442871
Qwen3-30B-A3B-Base,"IOI (ii) S1, IO -> other names",42,17,-0.0048828125,-0.01953125,0.009765625,0.6007,0.171875,-0.0048828125,-0.049521169354838704,-0.060925686743951615,-0.037991431451612906,-0.0031466331025802393,-0.3470509529765339,-0.3937759348019484,False,0.0030015413649380207,0.0013387217186391354,0.00044007599353790283,0.0018607042729854584,0.0016036024317145348,0.00068691186606884,0.004927545785903931,0.9474983215332031
Qwen3-30B-A3B-Base,"IOI (ii) S1, IO -> other names",43,8,-0.005859375,-0.0185546875,0.0068359375,0.468,0.15625,0.00537109375,-0.029076360887096774,-0.03997684601814516,-0.0179868636592742,-0.007100591715976331,-0.3535197498633285,-0.32729916542373677,False,0.0006561190821230412,0.00039776042103767395,0.00010247249156236649,0.0006933133117854595,0.0007077525369822979,0.00035931123420596123,0.004821094684302807,0.9504852294921875
Qwen3-30B-A3B-Base,"IOI (ii) S1, IO -> other names",43,6,-0.0068359375,-0.021484375,0.0087890625,0.4456,0.1953125,0.005859375,-0.03008442540322581,-0.04293724798387096,-0.01770334551411291,-0.008284023668639054,-0.3599885467501232,-0.32413360497715527,False,0.03457063436508179,0.008904865011572838,0.002832879312336445,0.015277974307537079,0.01364915445446968,0.005779385566711426,0.00319497287273407,0.9020156860351562
Qwen3-30B-A3B-Base,"IOI (ii) S1, IO -> other names",43,23,-0.0068359375,-0.03713378906249999,0.0234375,0.7109,0.3203125,-0.01904296875,-0.03008442540322581,-0.059412802419354836,-0.0016987462197581042,-0.008284023668639054,-0.3599885467501232,-0.48557718775281217,False,0.10940182209014893,0.08119887113571167,0.2169884443283081,0.11200511455535889,0.10387289524078369,0.1827712059020996,0.006379406899213791,0.5091686248779297
Qwen3-30B-A3B-Base,"IOI (ii) S1, IO -> other names",26,1,-0.0068359375,-0.02734375,0.0126953125,0.5652,0.2109375,0.0078125,0.005008820564516129,-0.011655745967741934,0.021265435987903203,1.1666666666666667,-0.3599885467501232,-0.31147136319082924,False,0.025575727224349976,0.02387402579188347,0.08609586954116821,0.018371421843767166,0.016571536660194397,0.10238438844680786,0.07177788019180298,0.26283931732177734
Qwen3-30B-A3B-Base,"IOI (ii) S1, IO -> other names",26,2,-0.0078125,-0.0244140625,0.0087890625,0.4285,0.1875,-0.01025390625,0.004000756048387098,-0.007939295614919354,0.016475554435483868,1.3333333333333333,-0.36645734363691784,-0.42859709971434506,False,0.06260895729064941,0.07449723780155182,0.06671100854873657,0.060923635959625244,0.056548893451690674,0.10306000709533691,0.030590206384658813,0.2714083194732666
Qwen3-30B-A3B-Base,"IOI (ii) S1, IO -> other names",42,8,-0.0078125,-0.02150878906249999,0.0068359375,0.3566,0.1640625,-0.0107421875,-0.0525453629032258,-0.06536668346774194,-0.039943768901209695,-0.005034612964128383,-0.36645734363691784,-0.43176266016092657,False,0.0022111646831035614,0.0019217245280742645,0.010331466794013977,0.0017296839505434036,0.001858564093708992,0.012282386422157288,0.06816959381103516,0.7922430038452148
Qwen3-30B-A3B-Base,"IOI (ii) S1, IO -> other names",26,14,-0.0087890625,-0.02734375,0.0087890625,0.4004,0.21875,0.0078125,0.002992691532258064,-0.010962701612903226,0.016979586693548387,1.5,-0.37292614052371253,-0.31147136319082924,False,0.019138723611831665,0.0220060795545578,0.06138867139816284,0.0147627592086792,0.01707376539707184,0.09132236242294312,0.04973825812339783,0.46863460540771484
Qwen3-30B-A3B-Base,"IOI (ii) S1, IO -> other names",43,9,-0.0087890625,-0.0224609375,0.0048828125,0.2772,0.15625,0.00390625,-0.032100554435483875,-0.043724798387096774,-0.02053931451612903,-0.010650887573964497,-0.37292614052371253,-0.3367958467634813,False,0.0014258641749620438,0.001079050824046135,0.000493842177093029,0.0013898452743887901,0.0014353636652231216,0.0011916235089302063,0.00953434593975544,0.8585586547851562
Qwen3-30B-A3B-Base,"IOI (ii) S1, IO -> other names",43,1,-0.0087890625,-0.0234375,0.005859375,0.2764,0.1640625,-0.00537109375,-0.032100554435483875,-0.04359879032258064,-0.020350302419354836,-0.010650887573964497,-0.37292614052371253,-0.39694149524852995,False,0.010665513575077057,0.0035856072790920734,0.0013578548096120358,0.003260459750890732,0.002887616865336895,0.001521817408502102,0.013758286833763123,0.8804931640625
Qwen3-30B-A3B-Base,"IOI (ii) S1, IO -> other names",40,31,-0.0087890625,-0.0234375,0.0048828125,0.3029,0.171875,-0.00146484375,-0.008033014112903228,-0.020477098034274194,0.00463079637096774,-0.05113636363636364,-0.37292614052371253,-0.37161701167587785,False,0.010129213333129883,0.007958382368087769,0.0330389142036438,0.009266093373298645,0.008140429854393005,0.027841806411743164,0.20434045791625977,0.5486955642700195
Qwen3-30B-A3B-Base,"IOI (ii) S1, IO -> other names",43,5,-0.0087890625,-0.0224609375,0.0048828125,0.2732,0.1640625,-0.00048828125,-0.032100554435483875,-0.04322076612903226,-0.02047631048387097,-0.010650887573964497,-0.37292614052371253,-0.36528589078271484,False,0.012848172336816788,0.004594022408127785,0.0014980565756559372,0.006295070052146912,0.006314784288406372,0.003542127087712288,0.035128213465213776,0.8697280883789062
Qwen3-30B-A3B-Base,"IOI (ii) S1, IO -> other names",42,28,-0.009765625,-0.0244140625,0.0048828125,0.227,0.171875,0.005859375,-0.05456149193548387,-0.0669740738407258,-0.04220955141129036,-0.0062932662051604785,-0.37939493741050717,-0.32413360497715527,False,0.025157198309898376,0.02699429541826248,0.007811984047293663,0.0391947403550148,0.04704384505748749,0.025796398520469666,0.02350117266178131,0.8187675476074219
Qwen3-30B-A3B-Base,"IOI (ii) S1, IO -> other names",40,25,-0.009765625,-0.0341796875,0.013696289062499645,0.489,0.28125,-0.00927734375,-0.009041078629032256,-0.030496314264112902,0.011120999243951601,-0.056818181818181816,-0.37939493741050717,-0.42226597882118205,False,0.10103356838226318,0.09711945056915283,0.4393196105957031,0.09066402912139893,0.07837820053100586,0.3365325927734375,0.024274572730064392,0.12497687339782715
Qwen3-30B-A3B-Base,"IOI (ii) S1, IO -> other names",40,9,-0.009765625,-0.0283203125,0.009765625,0.3795,0.234375,-0.0302734375,-0.00904107862903226,-0.025926159274193547,0.007907006048387094,-0.056818181818181816,-0.37939493741050717,-0.5583850780241869,False,0.0039323680102825165,0.003362533636391163,0.0040495553985238075,0.0029402519576251507,0.0025375359691679478,0.0031741964630782604,0.7420101165771484,0.0806729793548584
Qwen3-30B-A3B-Base,"IOI (ii) S1, IO -> other names",42,31,-0.009765625,-0.021484375,0.001953125,0.1558,0.1171875,0.0146484375,-0.054561491935483875,-0.06536668346774194,-0.04359800277217743,-0.0062932662051604785,-0.37939493741050717,-0.2671535169386881,False,0.0011207377538084984,0.0010525146499276161,0.0023606345057487488,0.0008142106235027313,0.000829057302325964,0.0018415860831737518,0.0807710587978363,0.8338718414306641
Qwen3-30B-A3B-Base,"IOI (ii) S1, IO -> other names",26,10,-0.0107421875,-0.0283203125,0.0068359375,0.2772,0.2109375,-0.0126953125,0.0009765625,-0.011845545614919356,0.013797883064516125,1.8333333333333333,-0.38586373429730186,-0.4444249019472526,False,0.010628633201122284,0.01005081832408905,0.012088008224964142,0.013531230390071869,0.014724232256412506,0.016633927822113037,0.017069917172193527,0.8055639266967773
Qwen3-30B-A3B-Base,"IOI (ii) S1, IO -> other names",26,29,-0.0107421875,-0.02734375,0.0068359375,0.2558,0.2109375,-0.0048828125,0.0009765624999999996,-0.011658108618951613,0.014049899193548387,1.8333333333333333,-0.38586373429730186,-0.3937759348019484,False,0.008004243485629559,0.006699939724057913,0.005517092999070883,0.007502622902393341,0.006324216723442078,0.01263396441936493,0.016655176877975464,0.797001838684082
Qwen3-30B-A3B-Base,"IOI (ii) S1, IO -> other names",26,23,-0.0107421875,-0.02734375,0.0048828125,0.2346,0.1875,-0.0068359375,0.0009765625000000009,-0.01039645287298387,0.012726814516129031,1.8333333333333333,-0.38586373429730186,-0.40643817658827447,False,0.010073564946651459,0.009695257991552353,0.019472703337669373,0.008086778223514557,0.007784754037857056,0.025687456130981445,0.02777308225631714,0.6912548542022705
Qwen3-30B-A3B-Base,"IOI (ii) S1, IO -> other names",43,11,-0.0107421875,-0.02734375,0.005859375,0.2646,0.1953125,0.0185546875,-0.03411668346774194,-0.04804057459677419,-0.020444808467741934,-0.01301775147928994,-0.38586373429730186,-0.24182903336603603,False,0.0750589370727539,0.04502135515213013,0.026968687772750854,0.058264195919036865,0.05424928665161133,0.052212417125701904,0.05840077996253967,0.4839363098144531
Qwen3-30B-A3B-Base,"IOI (ii) S1, IO -> other names",43,16,-0.0107421875,-0.0244140625,0.0029296875,0.1576,0.1328125,0.0087890625,-0.03411668346774194,-0.0458039314516129,-0.022586945564516125,-0.01301775147928994,-0.38586373429730186,-0.3051402422976662,False,0.049242258071899414,0.021481424570083618,0.045944035053253174,0.02840384840965271,0.026959985494613647,0.04020923376083374,0.05107414722442627,0.4348001480102539
Qwen3-30B-A3B-Base,"IOI (ii) S1, IO -> other names",26,30,-0.0107421875,-0.02734375,0.0048828125,0.2388,0.1875,0.0126953125,0.0009765625,-0.014459425403225808,0.016382623487903206,1.8333333333333333,-0.38586373429730186,-0.27981575872501413,False,0.0031421612948179245,0.004021113738417625,0.021659374237060547,0.0020185685716569424,0.0018736901693046093,0.03269214183092117,0.16582447290420532,0.331160306930542
Qwen3-30B-A3B-Base,"IOI (ii) S1, IO -> other names",40,22,-0.01171875,-0.029296875,0.005859375,0.2386,0.203125,-0.01220703125,-0.011057207661290324,-0.025769436743951615,0.002709960937499988,-0.06818181818181818,-0.3923325311840965,-0.4412593415006711,False,0.0055179111659526825,0.005486246198415756,0.0663832426071167,0.005164589732885361,0.005128528922796249,0.06437480449676514,0.1359400749206543,0.39376068115234375
Qwen3-30B-A3B-Base,"IOI (ii) S1, IO -> other names",40,21,-0.01171875,-0.025390625,0.001953125,0.1415,0.15625,0.01708984375,-0.011057207661290324,-0.021263860887096774,-0.00037802419354838676,-0.06818181818181818,-0.3923325311840965,-0.2513257147057806,False,0.000184561125934124,0.00022614281624555588,0.0031232833862304688,0.00022808974608778954,0.00023262063041329384,0.0037409253418445587,0.016173750162124634,0.9317359924316406
Qwen3-30B-A3B-Base,"IOI (ii) S1, IO -> other names",42,1,-0.01171875,-0.025390625,0.001953125,0.1291,0.140625,0.005859375,-0.05657762096774194,-0.06798135080645161,-0.04545740927419355,-0.007551919446192574,-0.3923325311840965,-0.32413360497715527,False,0.0004478786140680313,0.0005123671144247055,0.010801665484905243,0.000640171580016613,0.0006553656421601772,0.011357858777046204,0.1292421817779541,0.6074142456054688
Qwen3-30B-A3B-Base,"IOI (ii) S1, IO -> other names",40,1,-0.01171875,-0.0283203125,0.00390625,0.2087,0.1875,0.013671875,-0.011057207661290322,-0.02441485005040323,0.0015435987903225806,-0.06818181818181818,-0.3923325311840965,-0.2734846378318511,False,0.0033543631434440613,0.0037897564470767975,0.0954088568687439,0.00315708015114069,0.0033918051049113274,0.09696519374847412,0.013757765293121338,0.3746929168701172
Qwen3-30B-A3B-Base,"IOI (ii) S1, IO -> other names",42,26,-0.01171875,-0.02734375,0.00390625,0.1817,0.1796875,0.0009765625,-0.05657762096774194,-0.06949423513104838,-0.04328298261088711,-0.007551919446192574,-0.3923325311840965,-0.3557892094429703,False,0.007707579061388969,0.006343454122543335,0.014816135168075562,0.005693767219781876,0.005686158314347267,0.023586273193359375,0.45856189727783203,0.3518228530883789
Qwen3-30B-A3B-Base,"IOI (ii) S1, IO -> other names",40,4,-0.0126953125,-0.033203125,0.0068359375,0.246,0.2734375,0.0,-0.012065272177419354,-0.030464024697580645,0.005608933971774171,-0.07386363636363637,-0.3988013280708912,-0.36212033033613333,False,0.0045759351924061775,0.00417691096663475,0.008733093738555908,0.004811698570847511,0.005295086652040482,0.021138906478881836,0.33823490142822266,0.37960147857666016
Qwen3-30B-A3B-Base,"IOI (ii) S1, IO -> other names",26,15,-0.0126953125,-0.0302734375,0.0048828125,0.2001,0.1953125,0.00537109375,-0.001039566532258065,-0.014901241179435481,0.012822108114919347,2.1666666666666665,-0.3988013280708912,-0.32729916542373677,False,0.025837332010269165,0.025602489709854126,0.02728787064552307,0.02573457360267639,0.025664210319519043,0.02794519066810608,0.014201164245605469,0.6416339874267578
Qwen3-30B-A3B-Base,"IOI (ii) S1, IO -> other names",26,13,-0.0126953125,-0.03515625,0.009765625,0.3205,0.265625,0.0009765625,-0.0010395665322580653,-0.02016207787298387,0.01792543472782257,2.1666666666666665,-0.3988013280708912,-0.3557892094429703,False,0.0013873027637600899,0.001303486991673708,0.004512327257543802,0.0012494050897657871,0.0012280205264687538,0.007626650854945183,0.7391433715820312,0.18740345537662506
Qwen3-30B-A3B-Base,"IOI (ii) S1, IO -> other names",40,3,-0.013671875,-0.02834472656249999,0.0009765625,0.0965,0.171875,-0.00048828125,-0.013073336693548387,-0.025264616935483868,-0.0011647870463709783,-0.07954545454545454,-0.40527012495768583,-0.36528589078271484,False,0.003039130475372076,0.0019177990034222603,0.010191722773015499,0.0023624878376722336,0.0024931631051003933,0.007285863161087036,0.009398408234119415,0.7485570907592773
Qwen3-30B-A3B-Base,"IOI (ii) S1, IO -> other names",42,24,-0.0146484375,-0.0283203125,0.0,0.0591,0.1171875,0.00341796875,-0.05960181451612903,-0.07317918346774194,-0.04583543346774194,-0.009439899307740718,-0.4117389218444805,-0.3399614072100628,False,0.010999612510204315,0.010196380317211151,0.009301513433456421,0.013853706419467926,0.013683289289474487,0.017317160964012146,0.062114596366882324,0.7530879974365234
Qwen3-30B-A3B-Base,"IOI (ii) S1, IO -> other names",40,20,-0.0146484375,-0.0283203125,-0.0009765625,0.0589,0.1171875,-0.0078125,-0.014081401209677418,-0.027093308971774192,-0.001291582661290325,-0.08522727272727272,-0.4117389218444805,-0.41276929748143754,False,0.002146223559975624,0.002270348370075226,0.06348437070846558,0.0023801475763320923,0.002255653962492943,0.04379415512084961,0.1333482265472412,0.3086667060852051
Qwen3-30B-A3B-Base,"IOI (ii) S1, IO -> other names",40,19,-0.015625,-0.0322265625,0.0009765625,0.0829,0.1796875,0.00830078125,-0.015089465725806453,-0.02888734879032258,-0.001195501512096797,-0.09090909090909091,-0.4182077187312752,-0.3083058027442477,False,0.0006938055157661438,0.0006977701559662819,0.004162628203630447,0.0008656904101371765,0.0008274144493043423,0.004145395010709763,0.786285400390625,0.1730339527130127
Qwen3-30B-A3B-Base,"IOI (ii) S1, IO -> other names",45,21,-0.0166015625,-0.05078125,0.0244140625,0.4357,0.1171875,-0.0185546875,-0.20794480846774194,-0.24379489037298385,-0.16421922253024193,-0.003482179434657927,-0.4246765156180699,-0.48241162730623066,False,0.052583590149879456,0.011290811002254486,0.001748912502080202,0.03999806195497513,0.0377391017973423,0.009608501568436623,0.0017346050590276718,0.8889007568359375
Qwen3-30B-A3B-Base,"IOI (ii) S1, IO -> other names",26,5,-0.0166015625,-0.0341796875,0.001953125,0.0795,0.203125,-0.00146484375,-0.0050718245967741925,-0.018775201612903226,0.008444115423387077,2.8333333333333335,-0.4246765156180699,-0.37161701167587785,False,0.010545648634433746,0.013125196099281311,0.01759040355682373,0.010926170274615288,0.009166819974780083,0.037964507937431335,0.0768396258354187,0.4442809820175171
Qwen3-30B-A3B-Base,"IOI (ii) S1, IO -> other names",26,24,-0.0166015625,-0.0322265625,-0.0009765625,0.0602,0.171875,0.0009765625,-0.005071824596774193,-0.018870495211693546,0.008348821824596765,2.8333333333333335,-0.4246765156180699,-0.3557892094429703,False,0.0008394857868552208,0.0007834373973309994,0.0003482857719063759,0.0007374878041446209,0.0008543417789041996,0.0003728852607309818,0.03158047795295715,0.8980674743652344
Qwen3-30B-A3B-Base,"IOI (ii) S1, IO -> other names",40,16,-0.0166015625,-0.033203125,0.0,0.0552,0.1875,-0.00927734375,-0.016097530241935484,-0.028699124243951612,-0.002991116431451635,-0.09659090909090909,-0.4246765156180699,-0.42226597882118205,False,0.004353047348558903,0.003899162169545889,0.026663005352020264,0.007731974590569735,0.006522752344608307,0.042292699217796326,0.043204545974731445,0.758544921875
Qwen3-30B-A3B-Base,"IOI (ii) S1, IO -> other names",26,12,-0.0166015625,-0.03515625,0.0009765625,0.0956,0.1796875,0.00048828125,-0.005071824596774193,-0.019280021421370967,0.009167086693548387,2.8333333333333335,-0.4246765156180699,-0.35895476988955183,False,0.013196803629398346,0.013899125158786774,0.03244668245315552,0.014929518103599548,0.013414151966571808,0.08977210521697998,0.07800263166427612,0.5416646003723145
Qwen3-30B-A3B-Base,"IOI (ii) S1, IO -> other names",26,19,-0.017578125,-0.0380859375,0.001953125,0.1029,0.234375,-0.0029296875,-0.006079889112903224,-0.022712953629032258,0.010238942792338699,3.0,-0.43114531250486454,-0.38111369301562237,False,0.012360833585262299,0.014720536768436432,0.13691741228103638,0.011244267225265503,0.010533332824707031,0.13866853713989258,0.049369215965270996,0.23542284965515137
Qwen3-30B-A3B-Base,"IOI (ii) S1, IO -> other names",26,4,-0.017578125,-0.037109375,0.001953125,0.0977,0.203125,0.00244140625,-0.006079889112903225,-0.021768680695564514,0.00986091859879031,3.0,-0.43114531250486454,-0.3462925281032258,False,0.027786463499069214,0.032223254442214966,0.06795680522918701,0.025955945253372192,0.023237690329551697,0.06733715534210205,0.047731101512908936,0.4010474681854248
Qwen3-30B-A3B-Base,"IOI (ii) S1, IO -> other names",42,0,-0.0185546875,-0.033203125,-0.0029296875,0.024,0.1640625,0.01171875,-0.06363407258064516,-0.07629788306451613,-0.05118762600806456,-0.01195720578980491,-0.43761410939165923,-0.28614687961817714,False,0.0035965032875537872,0.003361053764820099,0.011069163680076599,0.0038689449429512024,0.0038565173745155334,0.01084090769290924,0.18290090560913086,0.6124324798583984
Qwen3-30B-A3B-Base,"IOI (ii) S1, IO -> other names",26,25,-0.0185546875,-0.0341796875,-0.0029296875,0.031,0.171875,-0.0126953125,-0.007087953629032259,-0.01937452746975807,0.005891664566532247,3.1666666666666665,-0.43761410939165923,-0.4444249019472526,False,0.006498781964182854,0.006114352494478226,0.002054501324892044,0.005582354962825775,0.005021119490265846,0.003819592297077179,0.051010191440582275,0.7303829193115234
Qwen3-30B-A3B-Base,"IOI (ii) S1, IO -> other names",26,7,-0.0185546875,-0.0361328125,-0.001953125,0.0465,0.15625,-0.00439453125,-0.00708795362903226,-0.02016207787298387,0.006049174647177407,3.1666666666666665,-0.43761410939165923,-0.3906103743553669,False,0.011000767350196838,0.01089920848608017,0.0237986221909523,0.010535025969147682,0.008585825562477112,0.031681619584560394,0.020729847252368927,0.5774843692779541
Qwen3-30B-A3B-Base,"IOI (ii) S1, IO -> other names",26,9,-0.01953125,-0.0361328125,-0.0029296875,0.0333,0.171875,0.0048828125,-0.00809601814516129,-0.021641885080645157,0.005449848790322579,3.3333333333333335,-0.44408290627845387,-0.3304647258703183,False,0.02322527766227722,0.02143707126379013,0.021327771246433258,0.018854275345802307,0.01758037507534027,0.035700440406799316,0.019971244037151337,0.7440090179443359
Qwen3-30B-A3B-Base,"IOI (ii) S1, IO -> other names",26,17,-0.01953125,-0.037109375,-0.0009765625,0.0465,0.1796875,-0.00732421875,-0.00809601814516129,-0.022871251260080643,0.007087953629032258,3.3333333333333335,-0.44408290627845387,-0.409603737034856,False,0.010057434439659119,0.009818557649850845,0.019528675824403763,0.007287522777915001,0.008139141835272312,0.02211400866508484,0.01398620754480362,0.7432336807250977
Qwen3-30B-A3B-Base,"IOI (ii) S1, IO -> other names",40,8,-0.021484375,-0.0390625,-0.0048828125,0.0208,0.1640625,-0.009765625,-0.021137852822580645,-0.0356626449092742,-0.0068351499495967845,-0.125,-0.45702050005204325,-0.42543153926776356,False,0.02030003070831299,0.019788384437561035,0.10364437103271484,0.019607722759246826,0.01833397150039673,0.09802365303039551,0.08709716796875,0.4338645935058594
Qwen3-30B-A3B-Base,"IOI (ii) S1, IO -> other names",26,3,-0.0244140625,-0.04296875,-0.005859375,0.0176,0.171875,-0.01416015625,-0.013136340725806451,-0.028195091985887096,0.001512884324596763,4.166666666666667,-0.4764268907124272,-0.4539215832869971,False,0.007647059857845306,0.008322551846504211,0.05340069532394409,0.006682980805635452,0.005769863724708557,0.0724172592163086,0.084561288356781,0.23511481285095215
Qwen3-30B-A3B-Base,"IOI (ii) S1, IO -> other names",43,30,-0.025390625,-0.0478515625,-0.001953125,0.042,0.2734375,-0.05615234375,-0.04923765120967742,-0.07185609879032258,-0.02699644027217743,-0.03076923076923077,-0.4828956875992219,-0.7261597816930068,False,0.041796207427978516,0.03265726566314697,0.08021092414855957,0.0317302942276001,0.035507380962371826,0.1177825927734375,0.08469080924987793,0.4844207763671875
Qwen3-30B-A3B-Base,"IOI (ii) S1, IO -> other names",45,18,-0.025390625,-0.0439453125,-0.0068359375,0.0108,0.171875,-0.0244140625,-0.21701738911290322,-0.23654942666330642,-0.19748456401209677,-0.005325686194182712,-0.4828956875992219,-0.5203983526652087,False,0.07763011753559113,0.02109372243285179,0.0026876451447606087,0.04669608548283577,0.056725963950157166,0.018058333545923233,0.0004807496443390846,0.8667716979980469
Qwen3-30B-A3B-Base,"IOI (ii) S1, IO -> other names",26,18,-0.0263671875,-0.04296875,-0.009765625,0.0031,0.1484375,-0.00146484375,-0.015152469758064517,-0.028383316532258063,-0.0017011088709677413,4.5,-0.48936448448601655,-0.37161701167587785,False,0.008242107927799225,0.011901944875717163,0.03111991286277771,0.0076354071497917175,0.0073992908000946045,0.04134058952331543,0.028788983821868896,0.6081333160400391
Qwen3-30B-A3B-Base,"IOI (ii) S1, IO -> other names",26,22,-0.02734375,-0.0439453125,-0.0107421875,0.002,0.15625,0.01416015625,-0.01616053427419355,-0.027753276209677418,-0.004062972530241946,4.666666666666667,-0.49583328137281124,-0.2703190773852696,False,0.007562705315649509,0.009349046275019646,0.025310799479484558,0.0071167368441820145,0.006924495100975037,0.04359281063079834,0.030474543571472168,0.45276856422424316
Qwen3-30B-A3B-Base,"IOI (ii) S1, IO -> other names",43,18,-0.0283203125,-0.048828125,-0.0078125,0.008,0.1796875,-0.052734375,-0.052261844758064516,-0.07192304057459678,-0.0337063697076613,-0.03431952662721893,-0.5023020782596059,-0.7040008585669362,False,0.15789192914962769,0.0239645317196846,0.002958483062684536,0.06302422285079956,0.06853559613227844,0.010949283838272095,0.002065379172563553,0.7579288482666016
Qwen3-30B-A3B-Base,"IOI (ii) S1, IO -> other names",26,20,-0.029296875,-0.0458984375,-0.0126953125,0.0008,0.1484375,0.00390625,-0.018176663306451613,-0.03169181577620968,-0.004409494707661302,5.0,-0.5087708751464005,-0.3367958467634813,False,0.009272195398807526,0.011593952775001526,0.049147188663482666,0.008264042437076569,0.008825529366731644,0.06805431842803955,0.024094611406326294,0.5559663772583008
Qwen3-30B-A3B-Base,"IOI (ii) S1, IO -> other names",45,11,-0.0302734375,-0.048828125,-0.0107421875,0.0026,0.1640625,-0.00146484375,-0.22205771169354838,-0.24278761340725807,-0.2001953125,-0.006349856616140926,-0.5152396720331952,-0.37161701167587785,False,0.09085726737976074,0.01712435856461525,0.0019917329773306847,0.07764026522636414,0.0682433545589447,0.0142320916056633,0.000516603235155344,0.8570404052734375
Qwen3-30B-A3B-Base,"IOI (ii) S1, IO -> other names",40,27,-0.03515625,-0.052734375,-0.0185546875,0.0004,0.1171875,-0.029296875,-0.035250756048387094,-0.051285282258064516,-0.019530462449596782,-0.20454545454545456,-0.5475836564671686,-0.5520539571310239,False,0.25492095947265625,0.06674176454544067,0.035686761140823364,0.1422802209854126,0.13524127006530762,0.09424304962158203,0.01493784785270691,0.46895790100097656
Qwen3-30B-A3B-Base,"IOI (ii) S1, IO -> other names",45,26,-0.04296875,-0.068359375,-0.0078125,0.0005,0.0390625,-0.0263671875,-0.2351625504032258,-0.2633899319556452,-0.19647571194556457,-0.009012699713232281,-0.5993340315615259,-0.5330605944515348,False,0.05643933266401291,0.012596114538609982,0.0017102775163948536,0.04332854598760605,0.041186802089214325,0.010778630152344704,0.002192392945289612,0.8897972106933594
Qwen3-30B-A3B-Base,"IOI (ii) S1, IO -> other names",45,25,-0.0576171875,-0.072265625,-0.0439453125,0.0,0.0546875,-0.06787109375,-0.25028351814516125,-0.2697533392137097,-0.2311917212701613,-0.012085210979106923,-0.6963659848634459,-0.8021332324109629,False,0.0663544237613678,0.012806937098503113,0.0019380864687263966,0.049603819847106934,0.042104773223400116,0.010469932109117508,0.0022758408449590206,0.846923828125
Qwen3-30B-A3B-Base,"IOI (ii) S1, IO -> other names",40,30,-0.078125,-0.1044921875,-0.0517578125,0.0,0.1875,-0.05224609375,-0.07960559475806452,-0.10383222026209676,-0.05440398185483872,-0.45454545454545453,-0.8322107194861339,-0.7008352981203547,False,0.1776580810546875,0.03508329391479492,0.09186172485351562,0.1392897367477417,0.11159032583236694,0.07053804397583008,0.07182210683822632,0.34668922424316406
Qwen3-30B-A3B-Base,"IOI (ii) S1, IO -> other names",40,7,-0.0869140625,-0.1083984375,-0.0654296875,0.0,0.1015625,-0.05224609375,-0.0886781754032258,-0.10956637474798386,-0.06775926159274195,-0.5056818181818182,-0.8904298914672859,-0.7008352981203547,False,0.002581622451543808,0.0025683483108878136,0.026366189122200012,0.0031668711453676224,0.0030838269740343094,0.037511616945266724,0.29184389114379883,0.4974555969238281
Qwen3-30B-A3B-Base,"IOI (ii) S1, IO -> other names",43,27,-0.0888671875,-0.109375,-0.068359375,0.0,0.09375,-0.10302734375,-0.11476184475806452,-0.13567918346774194,-0.09283565398185485,-0.1076923076923077,-0.9033674852408752,-1.0300535845648315,False,0.009362556040287018,0.005112975835800171,0.011541783809661865,0.005359478294849396,0.005117781460285187,0.015254959464073181,0.12528276443481445,0.6277122497558594
Qwen3-30B-A3B-Base,"IOI (ii) S1, IO -> other names",40,6,-0.0966796875,-0.125,-0.0673828125,0.0,0.078125,-0.1103515625,-0.09875882056451613,-0.12569540700604837,-0.07084488407258069,-0.5625,-0.9551178603352326,-1.0775369912635542,False,0.0012176679447293282,0.001374699641019106,0.0007862569764256477,0.0008381442166864872,0.0006390088237822056,0.0006338357925415039,0.823089599609375,0.15393829345703125
Qwen3-30B-A3B-Base,"IOI (ii) S1, IO -> other names",42,14,-0.15234375,-0.177734375,-0.1279296875,0.0,0.0546875,-0.17626953125,-0.20173891129032256,-0.22725633190524192,-0.17641129032258063,-0.09817495280050346,-1.3238392828825285,-1.5048876515520577,False,0.20672428607940674,0.029494494199752808,0.0057076625525951385,0.13687944412231445,0.13104605674743652,0.014476507902145386,0.003417201340198517,0.6343173980712891
Qwen3-30B-A3B-Base,"IOI (ii) S1, IO -> other names",43,29,-0.3701171875,-0.412109375,-0.3291015625,0.0,0.015625,-0.3017578125,-0.40508442540322576,-0.44811696698588704,-0.36444603704637096,-0.4485207100591716,-2.766380988637739,-2.318436686323505,True,0.000925722997635603,0.0008606277406215668,0.0029342384077608585,0.0007392982952296734,0.0007245414890348911,0.0028964243829250336,0.8812026977539062,0.05005568265914917
"Mixtral-8x7B, BOS",IOI (i) S2 -> IO,21,6,1.15283203125,1.099609375,1.2041137695312498,0.0,1.0,1.16650390625,1.1340095766129032,1.0808908770161292,1.1860201927923386,0.6738013698630136,7.477842391141555,7.515575901101583,True,0.037634313106536865,0.01962299644947052,0.6108589172363281,0.01880010962486267,0.0399852991104126,0.6138229370117188,0.02087397873401642,0.1463841199874878
"Mixtral-8x7B, BOS",IOI (i) S2 -> IO,19,10,0.71630859375,0.65330810546875,0.779296875,0.0,1.0,0.71044921875,0.693359375,0.6301190776209677,0.7567418252268145,0.31001690617075234,4.540878295904682,4.474053789174862,True,0.049965858459472656,0.05083322525024414,0.3479728698730469,0.05130809545516968,0.050689637660980225,0.3587937355041504,0.023629099130630493,0.27308130264282227
"Mixtral-8x7B, BOS",IOI (i) S2 -> IO,31,5,0.69287109375,0.63916015625,0.74951171875,0.0,1.0,0.7109375,0.639223160282258,0.5853334488407257,0.6966056577620967,0.31988277727682596,4.383188948509414,4.477310236832171,True,0.03521019220352173,0.015466257929801941,0.3269460201263428,0.016419753432273865,0.030443668365478516,0.379671573638916,0.047632068395614624,0.407473087310791
"Mixtral-8x7B, BOS",IOI (i) S2 -> IO,19,8,0.53515625,0.49267578125,0.57763671875,0.0,0.9765625,0.56591796875,0.5063634072580645,0.46514262537802414,0.5475054340977822,0.231614539306847,3.322071048328754,3.5101452826113615,True,0.6902914047241211,0.040945351123809814,0.02298581600189209,0.04866555333137512,0.6489219665527344,0.025700747966766357,0.0026458557695150375,0.049750715494155884
"Mixtral-8x7B, BOS",IOI (i) S2 -> IO,16,15,0.50146484375,0.45458984375,0.5498168945312498,0.0,0.984375,0.51318359375,0.48128780241935487,0.4363797095514113,0.5279903288810485,0.313587786259542,3.095392611448056,3.1584489356219763,True,0.051145702600479126,0.02894797921180725,0.2561817169189453,0.032585471868515015,0.04370257258415222,0.25597047805786133,0.03021244704723358,0.28958988189697266
"Mixtral-8x7B, BOS",IOI (i) S2 -> IO,31,28,0.3525390625,0.30712890625,0.400390625,0.0,0.9375,0.29931640625,0.2879126764112903,0.24396618258568548,0.3353574691280241,0.16275924256086566,2.093408216540622,1.7321248617205804,False,0.02888195961713791,0.030700325965881348,0.3143795132637024,0.02690368890762329,0.030362337827682495,0.3138749599456787,0.013327188789844513,0.5371818542480469
"Mixtral-8x7B, BOS",IOI (i) S2 -> IO,16,3,0.34326171875,0.30419921875,0.38720703125,0.0,0.96875,0.40087890625,0.3179813508064516,0.2799580235635081,0.35948565083165324,0.21465648854961833,2.030989516529995,2.409465974440878,True,0.04261311888694763,0.05335751175880432,0.25934600830078125,0.06066572666168213,0.04036211967468262,0.2704673409461975,0.024537362158298492,0.2565727233886719
"Mixtral-8x7B, BOS",IOI (i) S2 -> IO,16,16,0.3232421875,0.29541015625,0.35302734375,0.0,0.9765625,0.3046875,0.29731602822580644,0.2709488407258065,0.32506969821068554,0.20213740458015267,1.8962965322965366,1.7679457859509808,False,0.09531642496585846,0.08056563138961792,0.6163206100463867,0.09225708991289139,0.08230668306350708,0.614872932434082,0.0036407634615898132,0.10459809750318527
"Mixtral-8x7B, BOS",IOI (i) S2 -> IO,31,6,0.294921875,0.26513671875,0.326171875,0.0,0.9609375,0.2470703125,0.2284368699596774,0.19871393019153225,0.26005150579637093,0.13615870153291254,1.705755237527254,1.3836849623885044,False,0.2262200117111206,0.07635033130645752,0.040564894676208496,0.08870983123779297,0.20660829544067383,0.04111844301223755,0.03247720003128052,0.4849815368652344
"Mixtral-8x7B, BOS",IOI (i) S2 -> IO,31,22,0.2724609375,0.24853515625,0.29736328125,0.0,0.9765625,0.2744140625,0.2052513860887097,0.1816563760080645,0.22952408329133062,0.12578899909828675,1.5546362796067885,1.5660460311978153,False,0.003043876029551029,0.0030453354120254517,0.015122711658477783,0.0030944114550948143,0.0030644461512565613,0.015320569276809692,0.12429451942443848,0.5431604385375977
"Mixtral-8x7B, BOS",IOI (i) S2 -> IO,31,16,0.197265625,0.169921875,0.2255859375,0.0,0.8828125,0.15185546875,0.1276304183467742,0.10149713331653226,0.15535258631552418,0.09107303877366997,1.0487162900469693,0.7486776692132255,False,0.06263929605484009,0.01857154071331024,0.1584223508834839,0.020954042673110962,0.05931764841079712,0.1656060814857483,0.020762234926223755,0.6273775100708008
"Mixtral-8x7B, BOS",IOI (i) S2 -> IO,31,18,0.1943359375,0.16209716796875,0.22509765625,0.0,0.7890625,0.13818359375,0.1246062247983871,0.09283644153225806,0.1549745621219758,0.08972046889089269,1.0290051216225609,0.6574971348085701,False,0.25098752975463867,0.1287204623222351,0.040754057466983795,0.1309564709663391,0.2593116760253906,0.036041826009750366,0.013534978032112122,0.4692974090576172
"Mixtral-8x7B, BOS",IOI (i) S2 -> IO,21,17,0.1455078125,0.12890625,0.16357421875,0.0,0.90625,0.13330078125,0.09419102822580647,0.07785644531250001,0.11243148311491934,0.08504566210045662,0.7004856478824184,0.6249326582354788,False,0.019109219312667847,0.01152212917804718,0.16267836093902588,0.01113012433052063,0.017720326781272888,0.16360080242156982,0.024565167725086212,0.7027854919433594
"Mixtral-8x7B, BOS",IOI (i) S2 -> IO,31,30,0.13427734375,0.08056640625,0.19482421875,0.0,0.2890625,0.177734375,0.06261025705645161,0.00993612966229839,0.1230807396673387,0.06199278629395852,0.6249261689221857,0.921269395050609,False,0.005866756662726402,0.007732577621936798,0.05406239628791809,0.009834572672843933,0.004720715805888176,0.076704241335392,0.011468425393104553,0.8694572448730469
"Mixtral-8x7B, BOS",IOI (i) S2 -> IO,21,1,0.125,0.08203125,0.1728515625,0.0,0.4609375,0.09130859375,0.07302167338709678,0.030524666078629033,0.12068737399193545,0.0730593607305936,0.5625074689115587,0.3448781597068943,False,0.15003648400306702,0.03170718252658844,0.005854145158082247,0.021938811987638474,0.17254872620105743,0.0048841447569429874,0.003383292816579342,0.7597053050994873
"Mixtral-8x7B, BOS",IOI (i) S2 -> IO,31,29,0.11962890625,0.0654296875,0.18115234375,0.0,0.2109375,0.1435546875,0.047489289314516125,-0.006142893145161289,0.10939153855846774,0.05522993688007214,0.5263703268001431,0.6933180590389704,False,0.09752342104911804,0.02420002967119217,0.008404012769460678,0.03724747896194458,0.06954805552959442,0.01284424401819706,0.00912349671125412,0.8118696212768555
"Mixtral-8x7B, BOS",IOI (i) S2 -> IO,19,18,0.11474609375,0.0966796875,0.1318359375,0.0,0.75,0.0986328125,0.07239163306451613,0.05657762096774194,0.08760710685483872,0.04966187658495351,0.4935183794261288,0.3937248745665311,False,0.19639182090759277,0.03946162760257721,0.015315920114517212,0.046122416853904724,0.19372308254241943,0.015097446739673615,0.016256116330623627,0.3456997871398926
"Mixtral-8x7B, BOS",IOI (i) S2 -> IO,19,15,0.09716796875,0.08349609375,0.111328125,0.0,0.8203125,0.0986328125,0.05424647177419355,0.04159801852318548,0.06730445123487903,0.04205409974640744,0.3752513688796775,0.3937248745665311,False,0.05513721704483032,0.02105739712715149,0.04174444079399109,0.021251201629638672,0.057791292667388916,0.040201276540756226,0.10573101043701172,0.3637208938598633
"Mixtral-8x7B, BOS",IOI (i) S2 -> IO,21,3,0.09228515625,0.0751953125,0.10986328125,0.0,0.71875,0.0947265625,0.039251512096774195,0.022775563886088715,0.05607398248487904,0.05393835616438356,0.3423994215056633,0.36767329330805815,False,0.227761909365654,0.03532509505748749,0.027862634509801865,0.04190202057361603,0.20832198858261108,0.03118189424276352,0.0059255510568618774,0.5582194328308105
"Mixtral-8x7B, BOS",IOI (i) S2 -> IO,22,6,0.08935546875,0.056640625,0.12451171875,0.0,0.4609375,0.07421875,0.09300970262096774,0.06128323462701614,0.12767845892137097,-3.05,0.32268825308125476,0.230902491701075,False,0.21087494492530823,0.027391087263822556,0.013811444863677025,0.034529950469732285,0.18114589154720306,0.015248265117406845,0.004496638663113117,0.6965376138687134
"Mixtral-8x7B, BOS",IOI (i) S2 -> IO,21,0,0.0849609375,0.0546875,0.1201171875,0.0,0.453125,0.05224609375,0.03169102822580645,0.0023622574344758086,0.06610776839717741,0.04965753424657534,0.29312150044464197,0.08436234712216446,False,0.17230349779129028,0.03795737028121948,0.009265249595046043,0.04285239055752754,0.17263633012771606,0.010404562577605247,0.002719187643378973,0.7271071672439575
"Mixtral-8x7B, BOS",IOI (i) S2 -> IO,19,9,0.08447265625,0.06688232421875001,0.10302734375,0.0,0.703125,0.0927734375,0.041141633064516125,0.024727507560483874,0.05791763797883062,0.036559594251901945,0.28983630570724056,0.35464750267882167,False,0.13956037163734436,0.00945020280778408,0.008243316784501076,0.011692434549331665,0.1401466429233551,0.007342137396335602,0.010189929977059364,0.6085596084594727
"Mixtral-8x7B, BOS",IOI (i) S2 -> IO,22,5,0.080078125,0.064453125,0.095703125,0.0,0.671875,0.06982421875,0.08343308971774194,0.06917842741935484,0.09828629032258066,-2.7333333333333334,0.2602695530706277,0.2015944627852929,False,0.013094566762447357,0.02103615552186966,0.3704099655151367,0.024167165160179138,0.011071532964706421,0.383807897567749,0.04447716474533081,0.2250680923461914
"Mixtral-8x7B, BOS",IOI (i) S2 -> IO,22,1,0.06689453125,0.04150390625,0.09571533203124982,0.0,0.34375,0.0517578125,0.06982421874999999,0.044244581653225805,0.09836780178931447,-2.283333333333333,0.1715692951607893,0.08110589946485534,False,0.13622865080833435,0.049656398594379425,0.017031032592058182,0.05172254890203476,0.13370826840400696,0.019103873521089554,0.004016687162220478,0.7418421506881714
"Mixtral-8x7B, BOS",IOI (i) S2 -> IO,31,4,0.06298828125,0.0458984375,0.08056640625,0.0,0.6171875,0.0732421875,-0.010978452620967744,-0.02849357358870968,0.006600459929435471,0.029080252479711452,0.14528773726157793,0.22438959638645672,False,0.28725337982177734,0.11559253931045532,0.09846293926239014,0.13882267475128174,0.26914167404174805,0.10712337493896484,0.01266498863697052,0.3843107223510742
"Mixtral-8x7B, BOS",IOI (i) S2 -> IO,19,16,0.06298828125,0.05078125,0.07470703125,0.0,0.671875,0.0625,0.01896421370967742,0.008520901587701612,0.029470136088709672,0.027261200338123414,0.14528773726157793,0.15274774792565604,False,0.12120413780212402,0.05894267559051514,0.010749638080596924,0.06498213112354279,0.11940935254096985,0.011896131560206413,0.015018999576568604,0.5057601928710938
"Mixtral-8x7B, BOS",IOI (i) S2 -> IO,21,2,0.06103515625,0.04052734375,0.08349609375,0.0,0.46875,0.064453125,0.006993447580645162,-0.013011907762096772,0.030230516003024125,0.03567351598173516,0.13214695831197223,0.16577353855489252,False,0.20222240686416626,0.02380969002842903,0.005298533942550421,0.031071862205863,0.16582268476486206,0.005256312899291515,0.0037128389813005924,0.7171810865402222
"Mixtral-8x7B, BOS",IOI (i) S2 -> IO,31,7,0.056640625,0.04736328125,0.0654296875,0.0,0.6640625,0.044921875,-0.017530871975806453,-0.025879300025201613,-0.00952896610383065,0.026149684400360685,0.10258020567535941,0.035515632262527616,False,0.025637701153755188,0.016624078154563904,0.0641281008720398,0.017196357250213623,0.025162935256958008,0.06409406661987305,0.21037054061889648,0.33714962005615234
"Mixtral-8x7B, BOS",IOI (i) S2 -> IO,21,9,0.05419921875,0.04248046875,0.06640625,0.0,0.640625,0.064453125,-6.300403225806468e-05,-0.010427167338709678,0.011041850428427412,0.031678082191780824,0.0861542319883523,0.16577353855489252,False,0.0507754385471344,0.05659395456314087,0.14771008491516113,0.054315030574798584,0.05268785357475281,0.14985740184783936,0.016585752367973328,0.5394530296325684
"Mixtral-8x7B, BOS",IOI (i) S2 -> IO,19,13,0.0478515625,0.0341796875,0.06298828125,0.0,0.515625,0.05517578125,0.00333921370967742,-0.009167086693548387,0.016759466355846766,0.020710059171597635,0.0434467004021338,0.1039010330660192,False,0.033171266317367554,0.039676666259765625,0.17816805839538574,0.03879469633102417,0.03821432590484619,0.17476749420166016,0.06057116389274597,0.342684268951416
"Mixtral-8x7B, BOS",IOI (i) S2 -> IO,31,17,0.04736328125,0.03759765625,0.05712890625,0.0,0.59375,0.0419921875,-0.027107484879032258,-0.035487021169354836,-0.018775201612903226,0.021866546438232642,0.04016150566473238,0.015976946318672882,False,0.0867384672164917,0.021913260221481323,0.0060113780200481415,0.02501988410949707,0.0770493745803833,0.006311941891908646,0.06309306621551514,0.6091594696044922
"Mixtral-8x7B, BOS",IOI (i) S2 -> IO,31,10,0.03955078125,0.029296875,0.04931640625,0.0,0.5390625,0.03369140625,-0.035172001008064516,-0.0449065177671371,-0.025768255418346785,0.01825969341749324,-0.01240161013369039,-0.0393826638555822,False,0.0085836723446846,0.009156867861747742,0.01799711585044861,0.008554380387067795,0.009465526789426804,0.01763225346803665,0.40630531311035156,0.2147386074066162
"Mixtral-8x7B, BOS",IOI (i) S2 -> IO,21,10,0.03857421875,0.0234375,0.0546875,0.0,0.4296875,0.0166015625,-0.016192036290322582,-0.030384088331653226,-0.0015278477822580645,0.02254566210045662,-0.018971999608493238,-0.1533583318614015,False,0.16491267085075378,0.048307716846466064,0.024193163961172104,0.06263604760169983,0.11501193046569824,0.03494248539209366,0.0039450628682971,0.6587870121002197
"Mixtral-8x7B, BOS",IOI (i) S2 -> IO,31,31,0.0341796875,0.02001953125,0.04931640625,0.0,0.328125,0.025390625,-0.040716355846774195,-0.05366407825100806,-0.026918472782258063,0.015779981965734897,-0.048538752245106044,-0.09474227402983729,False,0.11735326051712036,0.03279528021812439,0.015012091025710106,0.03420555591583252,0.1244564950466156,0.016288358718156815,0.007921040058135986,0.788665771484375
"Mixtral-8x7B, BOS",IOI (i) S2 -> IO,31,25,0.0322265625,0.0244140625,0.03955078125,0.0,0.4921875,0.03076171875,-0.04273248487903226,-0.050103956653225805,-0.035550025201612906,0.014878268710550046,-0.06167953119471174,-0.05892134979943694,False,0.019957318902015686,0.016558222472667694,0.010704003274440765,0.01625252515077591,0.021196529269218445,0.011577434837818146,0.22812318801879883,0.19313359260559082
"Mixtral-8x7B, BOS",IOI (i) S2 -> IO,31,24,0.03125,0.0224609375,0.04052734375,0.0,0.4453125,0.03515625,-0.04374054939516129,-0.052167732484879034,-0.035172001008064516,0.014427412082957619,-0.06824992066951459,-0.029613320883654835,False,0.0010618530213832855,0.0012817359529435635,0.025786519050598145,0.001057506538927555,0.0012980303727090359,0.026008009910583496,0.5779194831848145,0.07441055774688721
"Mixtral-8x7B, BOS",IOI (i) S2 -> IO,19,21,0.0224609375,0.01318359375,0.03173828125,0.0,0.4140625,0.021484375,-0.022870463709677418,-0.03024193548387097,-0.01551434916834678,0.009721048182586645,-0.1273834259427402,-0.12079385528831027,False,0.0004631131887435913,0.0005291947163641453,0.10022568702697754,0.0004627993330359459,0.000540152657777071,0.10293447971343994,0.08159095048904419,0.4265155792236328
"Mixtral-8x7B, BOS",IOI (i) S2 -> IO,22,0,0.0224609375,0.00537109375,0.041015625,0.0174,0.2734375,0.04345703125,0.02395728326612903,0.007780604208669356,0.04231075163810479,-0.7666666666666667,-0.1273834259427402,0.02574628929060025,False,0.06733554601669312,0.014251560904085636,0.0035260911099612713,0.020468177273869514,0.048671215772628784,0.004562563728541136,0.009041847661137581,0.8201776742935181
"Mixtral-8x7B, BOS",IOI (i) S2 -> IO,22,4,0.02197265625,0.0078125,0.037109375,0.0046,0.3046875,0.0263671875,0.023453251008064516,0.009229303175403224,0.03873172883064516,-0.75,-0.13066862068014162,-0.08822937871521905,False,0.10241524875164032,0.02895883284509182,0.010274576023221016,0.032222550362348557,0.11758454144001007,0.009278493002057076,0.00279152300208807,0.8102922439575195
"Mixtral-8x7B, BOS",IOI (i) S2 -> IO,16,28,0.01953125,0.01025390625,0.029296875,0.0001,0.3671875,0.00830078125,-0.01619203629032258,-0.023862777217741937,-0.008253528225806453,0.012213740458015267,-0.14709459436714875,-0.20871794203565658,False,0.03657139837741852,0.025493398308753967,0.12102174758911133,0.02964189648628235,0.029527902603149414,0.12484395503997803,0.032549500465393066,0.5291481018066406
"Mixtral-8x7B, BOS",IOI (i) S2 -> IO,22,2,0.01611328125,0.0068359375,0.025390625,0.001,0.3203125,0.02734375,0.01740486391129032,0.009828235257056452,0.025186255670362895,-0.55,-0.1700909575289587,-0.0817164834006008,False,0.016351237893104553,0.0264805406332016,0.10133641958236694,0.02222529798746109,0.019645467400550842,0.10004973411560059,0.01900079846382141,0.7536954879760742
"Mixtral-8x7B, BOS",IOI (i) S2 -> IO,31,14,0.015625,0.01025390625,0.021484375,0.0,0.2265625,0.00634765625,-0.059869581653225805,-0.06680041897681452,-0.05290724231350807,0.007213706041478809,-0.17337615226636013,-0.22174373266489308,False,0.014849802479147911,0.01321081630885601,0.001130344346165657,0.01290950458496809,0.01579432561993599,0.0011166688054800034,0.04178324341773987,0.8279800415039062
"Mixtral-8x7B, BOS",IOI (i) S2 -> IO,21,4,0.01416015625,0.001953125,0.02685546875,0.0308,0.3203125,0.02294921875,-0.04139364919354839,-0.05270287298387097,-0.029060609879032258,0.008276255707762557,-0.1832317364785644,-0.1110245123163829,False,0.10182937979698181,0.01959107257425785,0.014379172585904598,0.03196198120713234,0.06318211555480957,0.022309526801109314,0.02534325420856476,0.6570005416870117
"Mixtral-8x7B, BOS",IOI (i) S2 -> IO,31,1,0.013671875,0.0068359375,0.02099609375,0.0009,0.2578125,0.0087890625,-0.06188571068548387,-0.06932058026713711,-0.054324439264112914,0.0063119927862939585,-0.18651693121596583,-0.20546149437834746,False,0.001852300949394703,0.0018389392644166946,0.018740743398666382,0.0017997799441218376,0.0018254914321005344,0.018721848726272583,0.37242650985717773,0.00901763141155243
"Mixtral-8x7B, BOS",IOI (i) S2 -> IO,16,19,0.01220703125,0.001953125,0.0224609375,0.0248,0.3515625,0.01171875,-0.02375252016129032,-0.030998377646169355,-0.016680317540322582,0.007633587786259542,-0.19637251542817008,-0.18592280843449271,False,0.033261433243751526,0.03190484642982483,0.15848541259765625,0.032565638422966,0.03364439308643341,0.15621256828308105,0.014294125139713287,0.6226377487182617
"Mixtral-8x7B, BOS",IOI (i) S2 -> IO,31,13,0.01123046875,0.00390625,0.0185546875,0.0055,0.2578125,0.00634765625,-0.06440587197580644,-0.07261293472782258,-0.05599325856854841,0.005184851217312894,-0.20294290490297293,-0.22174373266489308,False,0.0024667326360940933,0.0023688022047281265,0.004965491592884064,0.002329726703464985,0.002501491457223892,0.005008146166801453,0.3679037094116211,0.4833564758300781
"Mixtral-8x7B, BOS",IOI (i) S2 -> IO,21,30,0.0107421875,0.00048828125,0.02099609375,0.0494,0.3125,0.01611328125,-0.044921875,-0.05245125063004032,-0.03707747920866936,0.006278538812785388,-0.20622809964037436,-0.1566147795187106,False,2.9478222131729126e-05,2.2165942937135696e-05,0.0029851500876247883,2.9194634407758713e-05,2.2275373339653015e-05,0.0028466274961829185,0.22093558311462402,0.6858444213867188
"Mixtral-8x7B, BOS",IOI (i) S2 -> IO,16,14,0.01025390625,-0.00146484375,0.0224609375,0.1121,0.3203125,0.0009765625,-0.02576864919354839,-0.03689043598790323,-0.01420701549899194,0.006412213740458015,-0.20951329437777577,-0.2575646568952934,False,0.0920051634311676,0.05185651034116745,0.014364510774612427,0.05889442563056946,0.07873255759477615,0.015363678336143494,0.011574171483516693,0.27083778381347656
"Mixtral-8x7B, BOS",IOI (i) S2 -> IO,19,14,0.009765625,0.0,0.01904296875,0.071,0.296875,0.01171875,-0.03597530241935484,-0.04413511214717742,-0.02753158077116937,0.00422654268808115,-0.2127984891151772,-0.18592280843449271,False,0.04468730092048645,0.008132528513669968,0.0034065786749124527,0.008450374938547611,0.039653509855270386,0.00355742871761322,0.014470376074314117,0.6144919395446777
"Mixtral-8x7B, BOS",IOI (i) S2 -> IO,31,27,0.009765625,0.00390625,0.015625,0.0028,0.2109375,0.00830078125,-0.06591796875,-0.07210811491935484,-0.05975893082157258,0.004508566275924256,-0.2127984891151772,-0.20871794203565658,False,0.03912366181612015,0.022292375564575195,0.0016686143353581429,0.025011561810970306,0.03730703890323639,0.001691104844212532,0.05491983890533447,0.6679668426513672
"Mixtral-8x7B, BOS",IOI (i) S2 -> IO,22,3,0.00927734375,-0.001953125,0.020031738281249822,0.1178,0.2734375,0.0146484375,0.010348412298387096,0.00129118888608871,0.019768696446572562,-0.31666666666666665,-0.21608368385257862,-0.166384122490638,False,0.07968083769083023,0.0269453227519989,0.011077305302023888,0.03582840412855148,0.07335323840379715,0.012238580733537674,0.004264384508132935,0.8368687629699707
"Mixtral-8x7B, BOS",IOI (i) S2 -> IO,16,6,0.00927734375,-0.00048828125,0.018566894531249822,0.0786,0.328125,-0.00341796875,-0.02677671370967742,-0.03443170362903225,-0.019121330015120973,0.005801526717557252,-0.21608368385257862,-0.2868726858110755,False,0.007061297073960304,0.00701633095741272,0.1350933313369751,0.007493969053030014,0.006481967866420746,0.13675260543823242,0.06694889068603516,0.16198933124542236
"Mixtral-8x7B, BOS",IOI (i) S2 -> IO,21,21,0.0087890625,-0.00048828125,0.017578125,0.0736,0.328125,0.0068359375,-0.04693800403225806,-0.05397909841229838,-0.04018082157258065,0.005136986301369863,-0.21936887858998005,-0.21848728500758394,False,0.01484939455986023,0.01322716474533081,0.05568200349807739,0.014692611992359161,0.012808695435523987,0.05776625871658325,0.19982361793518066,0.4593353271484375
"Mixtral-8x7B, BOS",IOI (i) S2 -> IO,19,22,0.0087890625,-0.00048828125,0.017578125,0.0719,0.3203125,0.00537109375,-0.036983366935483875,-0.04478050970262097,-0.02962764616935484,0.0038038884192730348,-0.21936887858998005,-0.22825662797951132,False,0.020693063735961914,0.021438926458358765,0.11056685447692871,0.021378517150878906,0.021839410066604614,0.11213922500610352,0.06828999519348145,0.3932981491088867
"Mixtral-8x7B, BOS",IOI (i) S2 -> IO,16,29,0.00830078125,-0.00146484375,0.017578125,0.1079,0.328125,0.0029296875,-0.027784778225806453,-0.035077888734879034,-0.02063342678931452,0.005190839694656489,-0.22265407332738146,-0.24453886626605692,False,0.03268400579690933,0.02005784586071968,0.041399046778678894,0.021826263517141342,0.030694276094436646,0.0429539680480957,0.004875760525465012,0.8037147521972656
"Mixtral-8x7B, BOS",IOI (i) S2 -> IO,21,23,0.0078125,0.00048828125,0.015625,0.0578,0.2734375,-0.0009765625,-0.0479460685483871,-0.053790480090725803,-0.04196029170866936,0.0045662100456621,-0.2259392680647829,-0.27059044752452993,False,0.016745224595069885,0.015754207968711853,0.01831091195344925,0.01630556583404541,0.01724325865507126,0.01894649863243103,0.04383563995361328,0.5732626914978027
"Mixtral-8x7B, BOS",IOI (i) S2 -> IO,16,26,0.00732421875,-0.0029296875,0.01806640625,0.1904,0.296875,-0.00390625,-0.028792842741935484,-0.03698376071068549,-0.02016089654737904,0.004580152671755725,-0.2292244628021843,-0.29012913346838465,False,0.03228600323200226,0.03381666541099548,0.22231793403625488,0.03469405323266983,0.03529343008995056,0.21025443077087402,0.04749275743961334,0.2501974105834961
"Mixtral-8x7B, BOS",IOI (i) S2 -> IO,21,5,0.0068359375,-0.003430175781249996,0.017578125,0.2382,0.296875,0.0,-0.04895413306451613,-0.05706629599294355,-0.04063760080645161,0.003995433789954338,-0.23250965753958575,-0.2640775522099117,False,0.03376278281211853,0.035257190465927124,0.11732897162437439,0.030821263790130615,0.03237105906009674,0.11057594418525696,0.011548534035682678,0.716433048248291
"Mixtral-8x7B, BOS",IOI (i) S2 -> IO,21,8,0.0068359375,-0.0014770507812499958,0.01513671875,0.1438,0.28125,0.00244140625,-0.048954133064516125,-0.05613738029233871,-0.04150311869959679,0.003995433789954338,-0.23250965753958575,-0.24779531392336607,False,0.022727027535438538,0.01836630329489708,0.038604140281677246,0.016074135899543762,0.019610203802585602,0.03836736083030701,0.008935254067182541,0.7909812927246094
"Mixtral-8x7B, BOS",IOI (i) S2 -> IO,19,24,0.005859375,-0.001953125,0.013671875,0.1864,0.2890625,0.005859375,-0.04000756048387097,-0.046402863533266135,-0.033202731224798394,0.00253592561284869,-0.2390800470143886,-0.2250001803222022,False,0.0006184037774801254,0.0006576147861778736,0.014038078486919403,0.0006627216935157776,0.0006944462656974792,0.014879636466503143,0.04932588338851929,0.6975326538085938
"Mixtral-8x7B, BOS",IOI (i) S2 -> IO,16,27,0.005859375,-0.00244140625,0.0146484375,0.2155,0.2421875,0.00341796875,-0.03030493951612903,-0.03733028288810483,-0.022996471774193547,0.00366412213740458,-0.2390800470143886,-0.2412824186087478,False,0.017887495458126068,0.016863618046045303,0.11681011319160461,0.019085831940174103,0.01711259037256241,0.1166195273399353,0.02318396419286728,0.4996767044067383
"Mixtral-8x7B, BOS",IOI (i) S2 -> IO,16,21,0.005859375,-0.00341796875,0.01513671875,0.2525,0.3046875,-0.00146484375,-0.03030493951612903,-0.03728302986391129,-0.02329534715221775,0.00366412213740458,-0.2390800470143886,-0.273846895181839,False,0.04084864258766174,0.026655659079551697,0.059418439865112305,0.02948206663131714,0.03478501737117767,0.06165200471878052,0.015810783952474594,0.49495506286621094
"Mixtral-8x7B, BOS",IOI (i) S2 -> IO,22,12,0.005859375,-0.001953125,0.013671875,0.1878,0.28125,0.0,0.006820186491935484,0.00042527721774193565,0.013404501638104834,-0.2,-0.2390800470143886,-0.2640775522099117,False,0.0004071313887834549,0.00042365025728940964,0.06660504639148712,0.0004282696172595024,0.00041696662083268166,0.06845639646053314,0.03134050965309143,0.7184848785400391
"Mixtral-8x7B, BOS",IOI (i) S2 -> IO,16,17,0.00537109375,-0.00341796875,0.01416015625,0.2888,0.2890625,0.001953125,-0.030808971774193547,-0.03835488596270161,-0.023547363281250004,0.0033587786259541984,-0.24236524175179003,-0.25105176158067516,False,0.019537873566150665,0.01630328595638275,0.061688512563705444,0.01712043583393097,0.018918052315711975,0.0641564130783081,0.009469239041209221,0.8097572326660156
"Mixtral-8x7B, BOS",IOI (i) S2 -> IO,22,15,0.00537109375,-0.0029296875,0.01416015625,0.2697,0.2421875,-0.0009765625,0.006316154233870967,-0.0003622731854838715,0.013452148437499988,-0.18333333333333332,-0.24236524175179003,-0.27059044752452993,False,0.0025376174598932266,0.0024758800864219666,0.08671411871910095,0.0024819104000926018,0.0024361051619052887,0.08603048324584961,0.03104424476623535,0.5231313705444336
"Mixtral-8x7B, BOS",IOI (i) S2 -> IO,21,16,0.00537109375,-0.001953125,0.0126953125,0.1932,0.2421875,0.00341796875,-0.05046622983870967,-0.05637285786290322,-0.04438634072580645,0.003139269406392694,-0.24236524175179003,-0.2412824186087478,False,0.0030945520848035812,0.001954740844666958,0.0009573725983500481,0.0019592633470892906,0.003413252532482147,0.0009467839263379574,0.03292980045080185,0.9202728271484375
"Mixtral-8x7B, BOS",IOI (i) S2 -> IO,16,22,0.00537109375,-0.00439453125,0.01416015625,0.3032,0.2578125,0.00537109375,-0.03080897177419355,-0.03811743951612903,-0.024162046370967742,0.0033587786259541984,-0.24236524175179003,-0.22825662797951132,False,0.046933531761169434,0.019332289695739746,0.04794585704803467,0.022158503532409668,0.04000169038772583,0.05033999681472778,0.013752050697803497,0.5828018188476562
"Mixtral-8x7B, BOS",IOI (i) S2 -> IO,16,20,0.0048828125,-0.0048828125,0.01416015625,0.3792,0.296875,0.00927734375,-0.03131300403225807,-0.03899949596774194,-0.023546969506048395,0.0030534351145038168,-0.24565043648919144,-0.20220504672103834,False,0.05118072032928467,0.0414561927318573,0.10170578956604004,0.04914510250091553,0.043436795473098755,0.10666143894195557,0.037858158349990845,0.3960075378417969
"Mixtral-8x7B, BOS",IOI (i) S2 -> IO,21,14,0.0048828125,-0.00390625,0.01318359375,0.3068,0.265625,0.0,-0.050970262096774195,-0.057680585307459675,-0.04410164125504033,0.0028538812785388126,-0.24565043648919144,-0.2640775522099117,False,0.005217693746089935,0.00533631443977356,0.03421233594417572,0.005490578711032867,0.005709268152713776,0.033118486404418945,0.04220318794250488,0.7545204162597656
"Mixtral-8x7B, BOS",IOI (i) S2 -> IO,19,7,0.0048828125,-0.00390625,0.013671875,0.3293,0.25,0.00634765625,-0.041015625,-0.047867313508064516,-0.03433680380544355,0.002113271344040575,-0.24565043648919144,-0.22174373266489308,False,0.030491620302200317,0.02226996421813965,0.029154449701309204,0.022422537207603455,0.029248952865600586,0.026437968015670776,0.03842140734195709,0.519383430480957
"Mixtral-8x7B, BOS",IOI (i) S2 -> IO,22,26,0.0048828125,-0.00341796875,0.013671875,0.3216,0.2578125,-0.0029296875,0.005812121975806451,-0.0005674300655241939,0.01249054939516129,-0.16666666666666666,-0.24565043648919144,-0.2836162381537664,False,0.0095585398375988,0.007037092000246048,0.005382835865020752,0.007941130548715591,0.01002442091703415,0.005853768438100815,0.0794253796339035,0.7421116232872009
"Mixtral-8x7B, BOS",IOI (i) S2 -> IO,22,27,0.0048828125,-0.0029296875,0.01318359375,0.2775,0.234375,-0.0029296875,0.005812121975806451,-0.00017404863911290257,0.011892404863911285,-0.16666666666666666,-0.24565043648919144,-0.2836162381537664,False,0.005886118859052658,0.00702425092458725,0.010177850723266602,0.004836903885006905,0.006187058985233307,0.008825048804283142,0.022092532366514206,0.8798055648803711
"Mixtral-8x7B, BOS",IOI (i) S2 -> IO,19,6,0.00439453125,-0.0048828125,0.01318359375,0.4047,0.296875,0.00439453125,-0.041519657258064516,-0.04834023752520161,-0.03499873991935484,0.0019019442096365174,-0.24893563122659287,-0.23476952329412956,False,0.05405062437057495,0.030001714825630188,0.06354078650474548,0.031932055950164795,0.055224061012268066,0.053023889660835266,0.008302167057991028,0.4100940227508545
"Mixtral-8x7B, BOS",IOI (i) S2 -> IO,16,12,0.00439453125,-0.00634765625,0.01513671875,0.4774,0.3203125,-0.00146484375,-0.03181703629032258,-0.04164566532258064,-0.02206676852318549,0.002748091603053435,-0.24893563122659287,-0.273846895181839,False,0.06258291006088257,0.02653658762574196,0.014826998114585876,0.03215007483959198,0.04894265532493591,0.014975734055042267,0.007230885326862335,0.6325159072875977
"Mixtral-8x7B, BOS",IOI (i) S2 -> IO,31,0,0.00439453125,-0.00048828125,0.009765625,0.14,0.1328125,0.0,-0.07146232358870966,-0.0771330802671371,-0.06571320564516128,0.0020288548241659153,-0.24893563122659287,-0.2640775522099117,False,0.04508057236671448,0.04686105251312256,0.027891457080841064,0.04492145776748657,0.046552956104278564,0.028748691082000732,0.07839560508728027,0.0030077174305915833
"Mixtral-8x7B, BOS",IOI (i) S2 -> IO,31,23,0.00439453125,-0.0009765625,0.009765625,0.1491,0.1484375,0.00537109375,-0.07146232358870969,-0.07738470262096775,-0.06549269153225806,0.0020288548241659153,-0.24893563122659287,-0.22825662797951132,False,0.018108531832695007,0.0187680721282959,0.044444501399993896,0.018258720636367798,0.018878594040870667,0.04520803689956665,0.02831709384918213,0.5603313446044922
"Mixtral-8x7B, BOS",IOI (i) S2 -> IO,31,2,0.00390625,-0.001953125,0.01025390625,0.2885,0.1640625,0.0009765625,-0.07196635584677419,-0.07804663873487903,-0.06580771169354838,0.0018034265103697023,-0.2522208259639943,-0.2575646568952934,False,0.03752735257148743,0.0364951491355896,0.09319067001342773,0.037886083126068115,0.036201536655426025,0.0930713415145874,0.17875051498413086,0.006821572780609131
"Mixtral-8x7B, BOS",IOI (i) S2 -> IO,21,12,0.00341796875,-0.0048828125,0.01171875,0.4869,0.21875,0.00244140625,-0.05248235887096775,-0.05901942099294355,-0.04596104775705646,0.001997716894977169,-0.2555060207013957,-0.24779531392336607,False,0.0012985286302864552,0.0012665074318647385,0.025244615972042084,0.001333900261670351,0.0012405319139361382,0.02478097379207611,0.07171440124511719,0.4224872589111328
"Mixtral-8x7B, BOS",IOI (i) S2 -> IO,21,27,0.00341796875,-0.0048828125,0.01171875,0.4853,0.265625,-0.0048828125,-0.05248235887096774,-0.05875204763104839,-0.04621345766129033,0.001997716894977169,-0.2555060207013957,-0.2966420287830029,False,0.0014841016381978989,0.0015342840924859047,0.013248085975646973,0.001569543033838272,0.0015712771564722061,0.014374986290931702,0.013862073421478271,0.9180259704589844
"Mixtral-8x7B, BOS",IOI (i) S2 -> IO,19,0,0.00341796875,-0.00439453125,0.0107421875,0.4501,0.234375,0.0087890625,-0.04252772177419355,-0.04947431010584677,-0.03592726184475808,0.0014792899408284023,-0.2555060207013957,-0.20546149437834746,False,0.001323482021689415,0.0012948829680681229,0.016060329973697662,0.001363661140203476,0.0013370439410209656,0.016261205077171326,0.10329031944274902,0.6295680999755859
"Mixtral-8x7B, BOS",IOI (i) S2 -> IO,31,19,0.00341796875,-0.001953125,0.0087890625,0.2835,0.1484375,-0.0029296875,-0.07247038810483872,-0.07936972341229839,-0.06553955078125,0.0015779981965734896,-0.2555060207013957,-0.2836162381537664,False,0.04548168182373047,0.012322232127189636,0.0021124957129359245,0.014977075159549713,0.042497873306274414,0.0020250845700502396,0.03622227907180786,0.7583465576171875
"Mixtral-8x7B, BOS",IOI (i) S2 -> IO,22,25,0.00341796875,-0.00537109375,0.01220703125,0.4977,0.28125,0.0009765625,0.004300025201612903,-0.0016227476058467737,0.010191295992943543,-0.11666666666666667,-0.2555060207013957,-0.2575646568952934,False,0.001993676647543907,0.0020029842853546143,0.006281346082687378,0.001989990472793579,0.0021136999130249023,0.006638761609792709,0.06630003452301025,0.7552852630615234
"Mixtral-8x7B, BOS",IOI (i) S2 -> IO,16,2,0.0029296875,-0.0107421875,0.0166015625,0.7238,0.328125,0.021484375,-0.033329133064516125,-0.04432333669354838,-0.02235028666834678,0.00183206106870229,-0.25879121543879713,-0.12079385528831027,False,0.00510551268234849,0.003882625140249729,0.017953336238861084,0.0046003274619579315,0.004167075268924236,0.01793995499610901,0.6826915740966797,0.14440107345581055
"Mixtral-8x7B, BOS",IOI (i) S2 -> IO,31,3,0.0029296875,-0.001953125,0.00732421875,0.3108,0.1171875,0.00146484375,-0.07297442036290322,-0.07913345829133064,-0.0668153824344758,0.001352569882777277,-0.25879121543879713,-0.2543082092379843,False,0.06582808494567871,0.0686902403831482,0.021607041358947754,0.0658995509147644,0.07081824541091919,0.023083120584487915,0.0925602912902832,0.004293620586395264
"Mixtral-8x7B, BOS",IOI (i) S2 -> IO,19,25,0.0029296875,-0.00537109375,0.01123046875,0.5622,0.2109375,0.00048828125,-0.04303175403225806,-0.050088205645161296,-0.03556498865927421,0.001267962806424345,-0.25879121543879713,-0.26082110455260255,False,0.001153438352048397,0.0012031029909849167,0.007261194288730621,0.0011414596810936928,0.0012335358187556267,0.007265590131282806,0.007127702236175537,0.9290580749511719
"Mixtral-8x7B, BOS",IOI (i) S2 -> IO,21,13,0.0029296875,-0.00537109375,0.01171875,0.5826,0.21875,0.00732421875,-0.052986391129032265,-0.05911353326612903,-0.046780493951612906,0.0017123287671232876,-0.25879121543879713,-0.21523083735027482,False,0.005042862147092819,0.005246557295322418,0.02461346983909607,0.004971006885170937,0.005333129316568375,0.025030985474586487,0.6086864471435547,0.15171217918395996
"Mixtral-8x7B, BOS",IOI (i) S2 -> IO,21,25,0.0029296875,-0.004895019531249996,0.0107421875,0.5385,0.21875,-0.0009765625,-0.05298639112903226,-0.059381694178427424,-0.04662259009576613,0.0017123287671232876,-0.25879121543879713,-0.27059044752452993,False,0.0011013830080628395,0.001074750442057848,0.03079390525817871,0.0011836648918688297,0.0010380791500210762,0.03319869935512543,0.019182413816452026,0.8411636352539062
"Mixtral-8x7B, BOS",IOI (i) S2 -> IO,31,15,0.00244140625,-0.00146484375,0.0068359375,0.352,0.09375,-0.00048828125,-0.07347845262096774,-0.08010962701612903,-0.06689453125,0.001127141568981064,-0.26207641017619854,-0.2673339998672208,False,0.0032934434711933136,0.003479147329926491,0.0020139962434768677,0.0031317491084337234,0.0031886883080005646,0.0020248638466000557,0.022555768489837646,0.8892822265625
"Mixtral-8x7B, BOS",IOI (i) S2 -> IO,21,29,0.00244140625,-0.005859375,0.0107421875,0.6445,0.265625,0.00390625,-0.053490423387096774,-0.05986997542842742,-0.04689035723286291,0.0014269406392694063,-0.26207641017619854,-0.23802597095143868,False,0.00016028806567192078,0.00016896240413188934,0.006822144612669945,0.00016852235421538353,0.00018974579870700836,0.006993915885686874,0.031972408294677734,0.8634185791015625
"Mixtral-8x7B, BOS",IOI (i) S2 -> IO,31,21,0.00244140625,-0.00048828125,0.005859375,0.2204,0.0625,0.00048828125,-0.07347845262096774,-0.07911810105846774,-0.06774429813508066,0.001127141568981064,-0.26207641017619854,-0.26082110455260255,False,0.011343657970428467,0.012387409806251526,0.011851340532302856,0.010784544050693512,0.012168258428573608,0.012126505374908447,0.004551634192466736,0.8614959716796875
"Mixtral-8x7B, BOS",IOI (i) S2 -> IO,21,26,0.00244140625,-0.00537109375,0.0107421875,0.6325,0.2265625,0.001953125,-0.05349042338709678,-0.05972782258064516,-0.0470789755544355,0.0014269406392694063,-0.26207641017619854,-0.25105176158067516,False,0.014469757676124573,0.013600602746009827,0.050790831446647644,0.015097804367542267,0.013907112181186676,0.0507853627204895,0.04405692219734192,0.6586647033691406
"Mixtral-8x7B, BOS",IOI (i) S2 -> IO,21,18,0.00244140625,-0.005859375,0.010266113281249822,0.6345,0.234375,-0.0048828125,-0.05349042338709678,-0.05968096333165322,-0.04704826108870967,0.0014269406392694063,-0.26207641017619854,-0.2966420287830029,False,0.0020191557705402374,0.0018514208495616913,0.0027849487960338593,0.001767665147781372,0.0021864473819732666,0.0027607381343841553,0.003045789897441864,0.9450759887695312
"Mixtral-8x7B, BOS",IOI (i) S2 -> IO,22,22,0.00244140625,-0.00634765625,0.01171875,0.671,0.265625,0.00390625,0.003291960685483871,-0.0032447076612903227,0.009844380040322582,-0.08333333333333333,-0.26207641017619854,-0.23802597095143868,False,0.006844460964202881,0.0068870410323143005,0.10113364458084106,0.007066845893859863,0.007276944816112518,0.10521659255027771,0.13604795932769775,0.38567638397216797
"Mixtral-8x7B, BOS",IOI (i) S2 -> IO,16,5,0.00244140625,-0.00830078125,0.0126953125,0.7241,0.3203125,0.001953125,-0.03383316532258065,-0.04202368951612903,-0.025831653225806453,0.0015267175572519084,-0.26207641017619854,-0.25105176158067516,False,0.03911831974983215,0.03775496780872345,0.23169279098510742,0.04049265384674072,0.03780212998390198,0.22791719436645508,0.03948202729225159,0.16692304611206055
"Mixtral-8x7B, BOS",IOI (i) S2 -> IO,16,8,0.001953125,-0.00732421875,0.01123046875,0.7638,0.265625,-0.001953125,-0.034337197580645164,-0.04199258127520161,-0.026949974798387094,0.0012213740458015267,-0.2653616049136,-0.27710334283914817,False,0.014041945338249207,0.01305042952299118,0.1343851089477539,0.014425590634346008,0.012988589704036713,0.13444828987121582,0.03965839743614197,0.5152397155761719
"Mixtral-8x7B, BOS",IOI (i) S2 -> IO,16,10,0.001953125,-0.0068359375,0.01123046875,0.7529,0.2578125,-0.00048828125,-0.03433719758064516,-0.041724420362903226,-0.026477050781250004,0.0012213740458015267,-0.2653616049136,-0.2673339998672208,False,0.015359893441200256,0.014364339411258698,0.12483751773834229,0.01585608720779419,0.013454228639602661,0.12364816665649414,0.05612558126449585,0.30002593994140625
"Mixtral-8x7B, BOS",IOI (i) S2 -> IO,21,22,0.001953125,-0.00634765625,0.0107421875,0.7426,0.21875,0.001953125,-0.05399445564516129,-0.06109816028225806,-0.046701345136088715,0.001141552511415525,-0.2653616049136,-0.25105176158067516,False,0.01387903094291687,0.01469525694847107,0.01865283027291298,0.015466026961803436,0.014362096786499023,0.017399750649929047,0.10833072662353516,0.7268233299255371
"Mixtral-8x7B, BOS",IOI (i) S2 -> IO,19,4,0.001953125,-0.0078125,0.01123046875,0.7642,0.25,0.001953125,-0.0440398185483871,-0.05178970829133065,-0.03672977570564519,0.0008453085376162299,-0.2653616049136,-0.25105176158067516,False,0.11763492226600647,0.06350190937519073,0.07440194487571716,0.06783038377761841,0.1132669746875763,0.06562179327011108,0.019510433077812195,0.32593679428100586
"Mixtral-8x7B, BOS",IOI (i) S2 -> IO,22,14,0.00146484375,-0.00634765625,0.0087890625,0.793,0.1953125,0.001953125,0.002283896169354839,-0.0029615832913306448,0.007482122605846769,-0.05,-0.2686467996510014,-0.25105176158067516,False,0.0008339015766978264,0.0008254284039139748,0.02033655345439911,0.0008765757083892822,0.0008378922939300537,0.01990222930908203,0.016788721084594727,0.7643394470214844
"Mixtral-8x7B, BOS",IOI (i) S2 -> IO,22,7,0.00146484375,-0.0078125,0.0107421875,0.8298,0.25,-0.00146484375,0.002283896169354838,-0.005104114163306452,0.00956086189516129,-0.05,-0.2686467996510014,-0.273846895181839,False,0.024525314569473267,0.020274721086025238,0.00858033075928688,0.02003050595521927,0.020587608218193054,0.010057622566819191,0.0052869729697704315,0.8924546241760254
"Mixtral-8x7B, BOS",IOI (i) S2 -> IO,16,9,0.00146484375,-0.00830078125,0.01123046875,0.8512,0.2421875,0.00634765625,-0.03484122983870967,-0.042842741935483875,-0.026933830015120976,0.000916030534351145,-0.2686467996510014,-0.22174373266489308,False,0.01327311247587204,0.009996064007282257,0.048125267028808594,0.012093305587768555,0.011217258870601654,0.048412024974823,0.034236788749694824,0.6014184951782227
"Mixtral-8x7B, BOS",IOI (i) S2 -> IO,22,10,0.00146484375,-0.005859375,0.0087890625,0.7958,0.2109375,0.0,0.0022838961693548384,-0.003245101436491935,0.007907399823588705,-0.05,-0.2686467996510014,-0.2640775522099117,False,0.001998085528612137,0.00205161701887846,0.00135878287255764,0.0019613122567534447,0.0017453497275710106,0.0009952038526535034,0.0014412086457014084,0.9764385223388672
"Mixtral-8x7B, BOS",IOI (i) S2 -> IO,22,19,0.0009765625,-0.00732421875,0.00927734375,0.9065,0.234375,0.0029296875,0.0017798639112903223,-0.00489895728326613,0.00839607484879031,-0.03333333333333333,-0.2719319943884028,-0.24453886626605692,False,0.005746923387050629,0.005669049918651581,0.005655117332935333,0.005765661597251892,0.005581408739089966,0.0054871514439582825,0.006539195775985718,0.9274101257324219
"Mixtral-8x7B, BOS",IOI (i) S2 -> IO,22,21,0.0009765625,-0.0078125,0.009765625,0.9124,0.2421875,-0.00146484375,0.0017798639112903223,-0.004914314516129033,0.00836457283266128,-0.03333333333333333,-0.2719319943884028,-0.273846895181839,False,0.011253133416175842,0.011313274502754211,0.029564768075942993,0.011127978563308716,0.011822104454040527,0.029838085174560547,0.03280031681060791,0.7103290557861328
"Mixtral-8x7B, BOS",IOI (i) S2 -> IO,22,23,0.0009765625,-0.00732421875,0.00927734375,0.9031,0.25,0.001953125,0.0017798639112903243,-0.004694194178427419,0.008363785282258066,-0.03333333333333333,-0.2719319943884028,-0.25105176158067516,False,0.004651721566915512,0.004512736573815346,0.019787520170211792,0.0046128761023283005,0.004691382870078087,0.01937618851661682,0.2956855297088623,0.5259437561035156
"Mixtral-8x7B, BOS",IOI (i) S2 -> IO,19,12,0.0009765625,-0.00830078125,0.01025390625,0.9159,0.234375,-0.00830078125,-0.045047883064516125,-0.0526398689516129,-0.03729799332157259,0.00042265426880811494,-0.2719319943884028,-0.31943716238416675,False,0.00843790639191866,0.0035042455419898033,0.0033733323216438293,0.0034202993847429752,0.008018115535378456,0.0028044674545526505,0.015665486454963684,0.8530654907226562
"Mixtral-8x7B, BOS",IOI (i) S2 -> IO,16,25,0.0009765625,-0.0078125,0.01025390625,0.9133,0.2734375,0.0009765625,-0.03534526209677419,-0.043063256048387094,-0.027485509072580645,0.0006106870229007634,-0.2719319943884028,-0.2575646568952934,False,0.03128444403409958,0.018428951501846313,0.058887675404548645,0.021022945642471313,0.02505766600370407,0.06018468737602234,0.04038521647453308,0.45226144790649414
"Mixtral-8x7B, BOS",IOI (i) S2 -> IO,16,31,0.0009765625,-0.0087890625,0.0107421875,0.924,0.21875,0.00390625,-0.035345262096774195,-0.04315776209677419,-0.027531186995967766,0.0006106870229007634,-0.2719319943884028,-0.23802597095143868,False,0.017884336411952972,0.014122754335403442,0.06939727067947388,0.0148816779255867,0.015734612941741943,0.07108485698699951,0.04685908555984497,0.5267858505249023
"Mixtral-8x7B, BOS",IOI (i) S2 -> IO,16,4,0.00048828125,-0.0087890625,0.009765625,1.0,0.25,0.00341796875,-0.035849294354838704,-0.042716733870967735,-0.029202368951612902,0.0003053435114503817,-0.27521718912580423,-0.2412824186087478,False,0.026347756385803223,0.025884777307510376,0.053613901138305664,0.02623388171195984,0.025028839707374573,0.05543529987335205,0.24751567840576172,0.35779762268066406
"Mixtral-8x7B, BOS",IOI (i) S2 -> IO,16,18,0.00048828125,-0.0107421875,0.0107421875,1.0,0.2578125,-0.0009765625,-0.03584929435483871,-0.04512703188004032,-0.02669795866935484,0.0003053435114503817,-0.27521718912580423,-0.27059044752452993,False,0.007612423971295357,0.00623336061835289,0.14684170484542847,0.007107298821210861,0.006363473832607269,0.1485881805419922,0.04202589392662048,0.42685985565185547
"Mixtral-8x7B, BOS",IOI (i) S2 -> IO,21,24,0.00048828125,-0.00830078125,0.00927734375,1.0,0.2421875,-0.00244140625,-0.05550655241935484,-0.06240628150201613,-0.04799253402217743,0.00028538812785388126,-0.27521718912580423,-0.28035979049645726,False,0.0009105559438467026,0.0009534750133752823,0.0070765018463134766,0.0009826598688960075,0.0008774977177381516,0.007372550666332245,0.010536588728427887,0.9038887023925781
"Mixtral-8x7B, BOS",IOI (i) S2 -> IO,22,9,0.00048828125,-0.00830078125,0.00830078125,1.0,0.2109375,-0.0009765625,0.0012758316532258075,-0.0053399855090725794,0.007702636718749996,-0.016666666666666666,-0.27521718912580423,-0.27059044752452993,False,0.00260746106505394,0.002566363662481308,0.0025666989386081696,0.002534763887524605,0.0027832798659801483,0.0022999420762062073,0.002146421931684017,0.9739036560058594
"Mixtral-8x7B, BOS",IOI (i) S2 -> IO,21,11,0.0,-0.009765625,0.009765625,1.0,0.21875,-0.00634765625,-0.05601058467741936,-0.06536707724294355,-0.04704747353830646,0.0,-0.2785023838632057,-0.3064113717549303,False,0.08256667852401733,0.048077523708343506,0.04607677459716797,0.053529322147369385,0.08464831113815308,0.04567432403564453,0.014291897416114807,0.6089420318603516
"Mixtral-8x7B, BOS",IOI (i) S2 -> IO,19,3,0.0,-0.009765625,0.01025390625,1.0,0.2578125,0.0029296875,-0.04605594758064516,-0.05438862462197581,-0.03718616116431454,0.0,-0.2785023838632057,-0.24453886626605692,False,0.008103489875793457,0.00717397965490818,0.01475188136100769,0.007906854152679443,0.0071877166628837585,0.014916807413101196,0.42076873779296875,0.43198585510253906
"Mixtral-8x7B, BOS",IOI (i) S2 -> IO,22,8,0.0,-0.00830078125,0.0087890625,1.0,0.2421875,0.00439453125,0.0007717993951612912,-0.00622164818548387,0.00784439579133064,-0.0,-0.2785023838632057,-0.23476952329412956,False,0.02746407687664032,0.01768241822719574,0.010728523135185242,0.018492236733436584,0.029025495052337646,0.01092655211687088,0.016748756170272827,0.8532524108886719
"Mixtral-8x7B, BOS",IOI (i) S2 -> IO,19,20,0.0,-0.00830078125,0.00830078125,1.0,0.234375,0.0,-0.04605594758064516,-0.05188421433971774,-0.040228074596774195,0.0,-0.2785023838632057,-0.2640775522099117,False,0.0021022073924541473,0.0021708449348807335,0.015065327286720276,0.0020772903226315975,0.00216298783197999,0.013899534940719604,0.03466847538948059,0.8682670593261719
"Mixtral-8x7B, BOS",IOI (i) S2 -> IO,16,23,0.0,-0.01025390625,0.009765625,1.0,0.2578125,0.0029296875,-0.036353326612903226,-0.043631079889112905,-0.029516995337701617,0.0,-0.2785023838632057,-0.24453886626605692,False,0.021699026226997375,0.014718949794769287,0.09615075588226318,0.020651936531066895,0.015603452920913696,0.09837275743484497,0.07499957084655762,0.3278694152832031
"Mixtral-8x7B, BOS",IOI (i) S2 -> IO,16,7,0.0,-0.00927734375,0.00927734375,1.0,0.28125,0.0029296875,-0.03635332661290322,-0.04388230846774194,-0.028776697958669363,0.0,-0.2785023838632057,-0.24453886626605692,False,0.012460682541131973,0.010367210954427719,0.03606102615594864,0.00944368913769722,0.012826435267925262,0.03616052865982056,0.03919073939323425,0.5057411193847656
"Mixtral-8x7B, BOS",IOI (i) S2 -> IO,19,26,-0.00048828125,-0.0087890625,0.00732421875,1.0,0.1796875,0.00048828125,-0.04655997983870967,-0.052986391129032265,-0.03997566469254033,-0.00021132713440405747,-0.2817875786006071,-0.26082110455260255,False,0.0009000208228826523,0.0009302049875259399,0.052569568157196045,0.0009098006412386894,0.0009559867903590202,0.05312991142272949,0.02057701349258423,0.7397041320800781
"Mixtral-8x7B, BOS",IOI (i) S2 -> IO,16,30,-0.0009765625,-0.01025390625,0.0078125,0.9146,0.2421875,-0.0048828125,-0.03736139112903225,-0.04437098349294355,-0.030351798765120976,-0.0006106870229007634,-0.2850727733380085,-0.2966420287830029,False,0.02150540053844452,0.013941243290901184,0.08375853300094604,0.016432806849479675,0.018667981028556824,0.08633285760879517,0.011861845850944519,0.6982002258300781
"Mixtral-8x7B, BOS",IOI (i) S2 -> IO,16,11,-0.0009765625,-0.009765625,0.0078125,0.9137,0.21875,0.00146484375,-0.03736139112903226,-0.044244975428427424,-0.030462055821572583,-0.0006106870229007634,-0.2850727733380085,-0.2543082092379843,False,0.018169239163398743,0.012728266417980194,0.028062522411346436,0.013530939817428589,0.016035333275794983,0.02747797966003418,0.04016360640525818,0.4810781478881836
"Mixtral-8x7B, BOS",IOI (i) S2 -> IO,22,18,-0.0009765625,-0.00927734375,0.00732421875,0.9112,0.1953125,-0.0009765625,-0.00023626512096774042,-0.006646925403225807,0.0062531502016129024,0.03333333333333333,-0.2850727733380085,-0.27059044752452993,False,0.008065864443778992,0.007531702518463135,0.005706667900085449,0.007969025522470474,0.007307998836040497,0.005862586200237274,0.012112870812416077,0.8504219055175781
"Mixtral-8x7B, BOS",IOI (i) S2 -> IO,22,24,-0.00146484375,-0.01025390625,0.00732421875,0.8289,0.21875,-0.00537109375,-0.000740297379032257,-0.007623487903225807,0.0059861706149193445,0.05,-0.2883579680754099,-0.29989847644031203,False,0.007575042545795441,0.005126688629388809,0.006889648735523224,0.005613688379526138,0.006949994713068008,0.006910063326358795,0.029337912797927856,0.8753585815429688
"Mixtral-8x7B, BOS",IOI (i) S2 -> IO,21,28,-0.00146484375,-0.00927734375,0.0068359375,0.806,0.1796875,-0.0009765625,-0.057522681451612906,-0.0634765625,-0.05125299269153227,-0.0008561643835616438,-0.2883579680754099,-0.27059044752452993,False,0.00022086221724748611,0.00019915355369448662,0.009257663041353226,0.00022031087428331375,0.00020434102043509483,0.00949019379913807,0.014641620218753815,0.91400146484375
"Mixtral-8x7B, BOS",IOI (i) S2 -> IO,22,20,-0.00146484375,-0.01025390625,0.0068359375,0.8132,0.2109375,0.001953125,-0.0007402973790322584,-0.006647712953629032,0.005008820564516129,0.05,-0.2883579680754099,-0.25105176158067516,False,0.001622624695301056,0.0016866028308868408,0.02535511553287506,0.0016347216442227364,0.0016414104029536247,0.024531185626983643,0.16728639602661133,0.5385055541992188
"Mixtral-8x7B, BOS",IOI (i) S2 -> IO,19,28,-0.001953125,-0.0126953125,0.00830078125,0.791,0.28125,0.00146484375,-0.04807207661290322,-0.05676702683971774,-0.03989651587701614,-0.0008453085376162299,-0.2916431628128114,-0.2543082092379843,False,0.011281618848443031,0.011167400516569614,0.1446765512228012,0.013275347650051117,0.01186622679233551,0.13866163790225983,0.29591912031173706,0.3203318119049072
"Mixtral-8x7B, BOS",IOI (i) S2 -> IO,21,15,-0.001953125,-0.0107421875,0.0068359375,0.7444,0.234375,0.00048828125,-0.05802671370967743,-0.06520956716229839,-0.05084386025705646,-0.001141552511415525,-0.2916431628128114,-0.26082110455260255,False,0.0012159598991274834,0.001293477602303028,0.020062007009983063,0.001213332638144493,0.0013523106463253498,0.020704180002212524,0.05724906921386719,0.6876468658447266
"Mixtral-8x7B, BOS",IOI (i) S2 -> IO,22,13,-0.00244140625,-0.01123046875,0.00634765625,0.6614,0.171875,0.00048828125,-0.0017483618951612905,-0.007734138734879031,0.0041740171370967735,0.08333333333333333,-0.2949283575502128,-0.26082110455260255,False,0.007732190191745758,0.007448337972164154,0.019855573773384094,0.007350727915763855,0.0075334347784519196,0.019679442048072815,0.009336240589618683,0.8100242614746094
"Mixtral-8x7B, BOS",IOI (i) S2 -> IO,19,27,-0.00244140625,-0.01025390625,0.00537109375,0.62,0.2109375,0.00439453125,-0.048576108870967735,-0.054986769153225805,-0.04205479775705646,-0.0010566356720202875,-0.2949283575502128,-0.23476952329412956,False,0.0008108457550406456,0.0009215394966304302,0.04263573884963989,0.0008394098840653896,0.0009004813618957996,0.0427529513835907,0.020528167486190796,0.7663650512695312
"Mixtral-8x7B, BOS",IOI (i) S2 -> IO,19,2,-0.0029296875,-0.01123046875,0.00537109375,0.5824,0.234375,-0.00537109375,-0.04908014112903225,-0.05586921938004033,-0.04232295866935484,-0.001267962806424345,-0.2982135522876142,-0.29989847644031203,False,0.0014291023835539818,0.001613980159163475,0.012350320816040039,0.0014953576028347015,0.0016685845330357552,0.012731611728668213,0.07002842426300049,0.7463111877441406
"Mixtral-8x7B, BOS",IOI (i) S2 -> IO,19,5,-0.0029296875,-0.01123046875,0.005383300781249822,0.5748,0.21875,0.005859375,-0.04908014112903226,-0.055790070564516125,-0.04237021169354838,-0.001267962806424345,-0.2982135522876142,-0.2250001803222022,False,0.01256483606994152,0.006308212876319885,0.02292945235967636,0.006928384304046631,0.011540144681930542,0.0212240070104599,0.08029726147651672,0.5071377754211426
"Mixtral-8x7B, BOS",IOI (i) S2 -> IO,16,24,-0.0029296875,-0.01220703125,0.00634765625,0.6164,0.2265625,-0.0029296875,-0.03937752016129032,-0.047977570564516125,-0.031075557585685504,-0.00183206106870229,-0.2982135522876142,-0.2836162381537664,False,0.006763048470020294,0.00462324358522892,0.02718965709209442,0.005418736487627029,0.006218027323484421,0.02880871295928955,0.03572914004325867,0.7231044769287109
"Mixtral-8x7B, BOS",IOI (i) S2 -> IO,22,17,-0.00341796875,-0.01123046875,0.00439453125,0.4634,0.1875,-0.001953125,-0.0027564264112903223,-0.009293094758064516,0.0036542338709677417,0.11666666666666667,-0.3014987470250156,-0.27710334283914817,False,0.0026709958910942078,0.002669217064976692,0.002446204423904419,0.0027417056262493134,0.002784624695777893,0.002488374710083008,0.0023987963795661926,0.9585609436035156
"Mixtral-8x7B, BOS",IOI (i) S2 -> IO,22,16,-0.00341796875,-0.0126953125,0.005859375,0.5291,0.203125,-0.00146484375,-0.002756426411290323,-0.009971175655241936,0.004426033266129031,0.11666666666666667,-0.3014987470250156,-0.273846895181839,False,0.01354672759771347,0.013758450746536255,0.019104480743408203,0.013550139963626862,0.01377180963754654,0.01959136128425598,0.02640986442565918,0.7290382385253906
"Mixtral-8x7B, BOS",IOI (i) S2 -> IO,16,13,-0.00341796875,-0.013671875,0.0068359375,0.5781,0.2734375,-0.009765625,-0.039881552419354836,-0.04725499306955645,-0.032352570564516125,-0.002137404580152672,-0.3014987470250156,-0.32920650535609414,False,0.05488008260726929,0.02134820818901062,0.011015594005584717,0.022206097841262817,0.04770153760910034,0.010688841342926025,0.0013266140595078468,0.6574020385742188
"Mixtral-8x7B, BOS",IOI (i) S2 -> IO,31,8,-0.00341796875,-0.0126953125,0.005859375,0.5426,0.2265625,-0.01025390625,-0.07952683971774194,-0.08801663306451613,-0.07073777721774194,-0.0015779981965734896,-0.3014987470250156,-0.33246295301340323,False,0.00014585768803954124,0.00010210555046796799,4.819594323635101e-06,0.00015433179214596748,9.261723607778549e-05,4.21842560172081e-06,0.99798583984375,0.00018190452829003334
"Mixtral-8x7B, BOS",IOI (i) S2 -> IO,19,1,-0.00341796875,-0.0126953125,0.005859375,0.5369,0.203125,-0.00048828125,-0.04958417338709678,-0.057223412298387094,-0.04191185735887099,-0.0014792899408284023,-0.3014987470250156,-0.2673339998672208,False,0.0006891000084578991,0.0007645562291145325,0.052673712372779846,0.0007087145932018757,0.0008217734284698963,0.051656901836395264,0.12889885902404785,0.30984926223754883
"Mixtral-8x7B, BOS",IOI (i) S2 -> IO,31,12,-0.00439453125,-0.01025390625,0.00146484375,0.1968,0.109375,-0.0107421875,-0.08053490423387097,-0.08705582157258066,-0.07420221144153227,-0.0020288548241659153,-0.3080691364998185,-0.3357194006707124,False,0.0028169099241495132,0.0028879977762699127,0.0014981180429458618,0.0028627850115299225,0.0028113238513469696,0.001523774117231369,0.3072948455810547,0.5786342620849609
"Mixtral-8x7B, BOS",IOI (i) S2 -> IO,22,31,-0.0048828125,-0.01416015625,0.00390625,0.3341,0.2265625,-0.001953125,-0.004268523185483872,-0.01060121597782258,0.0019688760080645152,0.16666666666666666,-0.3113543312372199,-0.27710334283914817,False,0.014112040400505066,0.014374315738677979,0.024170398712158203,0.01301555335521698,0.014244049787521362,0.023944899439811707,0.009417340159416199,0.8540458679199219
"Mixtral-8x7B, BOS",IOI (i) S2 -> IO,22,28,-0.0048828125,-0.01416015625,0.00390625,0.3327,0.2109375,0.0,-0.004268523185483871,-0.010899697580645162,0.00203188004032258,0.16666666666666666,-0.3113543312372199,-0.2640775522099117,False,0.012982934713363647,0.008795812726020813,0.029375404119491577,0.010119646787643433,0.012409918010234833,0.030565530061721802,0.015907421708106995,0.7571926116943359
"Mixtral-8x7B, BOS",IOI (i) S2 -> IO,21,20,-0.0048828125,-0.01416015625,0.00390625,0.3505,0.1953125,-0.005859375,-0.061050907258064516,-0.0678557365171371,-0.05432483303931453,-0.0028538812785388126,-0.3113543312372199,-0.3031549240976211,False,0.0074979085475206375,0.008031992241740227,0.04025258123874664,0.008323483169078827,0.007341213524341583,0.03937223553657532,0.11802434921264648,0.4113578796386719
"Mixtral-8x7B, BOS",IOI (i) S2 -> IO,19,31,-0.00537109375,-0.013671875,0.00244140625,0.2318,0.1953125,-0.01025390625,-0.05160030241935484,-0.058421276461693546,-0.04481161794354839,-0.002324598478444632,-0.3146395259746213,-0.33246295301340323,False,0.014392253011465073,0.017523985356092453,0.10087975859642029,0.02082987129688263,0.014644581824541092,0.08255141973495483,0.22060692310333252,0.39400672912597656
"Mixtral-8x7B, BOS",IOI (i) S2 -> IO,22,11,-0.00537109375,-0.013671875,0.0029296875,0.2305,0.2109375,0.0009765625,-0.004772555443548386,-0.010694934475806453,0.0011502173639112842,0.18333333333333332,-0.3146395259746213,-0.2575646568952934,False,0.013463705778121948,0.007573515176773071,0.006154781207442284,0.009001612663269043,0.012763552367687225,0.006511718034744263,0.006516881287097931,0.9029083251953125
"Mixtral-8x7B, BOS",IOI (i) S2 -> IO,31,9,-0.005859375,-0.0146484375,0.0029296875,0.2394,0.203125,-0.0126953125,-0.08204700100806453,-0.09017530871975807,-0.07385647681451613,-0.002705139765554554,-0.31792472071202277,-0.34874519129994885,False,5.892803892493248e-05,3.978842869400978e-05,1.101754605770111e-06,5.186256021261215e-05,2.8435606509447098e-05,8.111819624900818e-07,0.9958000183105469,0.003223265055567026
"Mixtral-8x7B, BOS",IOI (i) S2 -> IO,21,31,-0.00732421875,-0.01611328125,0.00146484375,0.1294,0.2109375,-0.0048828125,-0.0635710685483871,-0.07054915889616936,-0.056687484248991934,-0.004280821917808219,-0.327780304924227,-0.2966420287830029,False,0.00010385224595665932,0.00010982807725667953,0.009283211082220078,0.00011149095371365547,0.00010885996744036674,0.009799832478165627,0.0657319724559784,0.3380122184753418
"Mixtral-8x7B, BOS",IOI (i) S2 -> IO,19,23,-0.00830078125,-0.017578125,0.0009765625,0.105,0.1875,-0.0078125,-0.05462449596774194,-0.06239013671874999,-0.04671709614415324,-0.003592561284868977,-0.33435069439902987,-0.31618071472685766,False,0.0031622573733329773,0.0029507093131542206,0.008635655045509338,0.003094783052802086,0.0030088499188423157,0.008087169378995895,0.12298917770385742,0.7513790130615234
"Mixtral-8x7B, BOS",IOI (i) S2 -> IO,19,30,-0.00830078125,-0.01806640625,0.0009765625,0.1063,0.1875,-0.00732421875,-0.05462449596774194,-0.06341355846774194,-0.04594529674899194,-0.003592561284868977,-0.33435069439902987,-0.3129242670695485,False,0.02259135991334915,0.016984665766358376,0.15073376893997192,0.01877729594707489,0.023635439574718475,0.14541655778884888,0.11720514297485352,0.20151641964912415
"Mixtral-8x7B, BOS",IOI (i) S2 -> IO,21,19,-0.01025390625,-0.01904296875,-0.001953125,0.0249,0.171875,-0.0107421875,-0.06659526209677419,-0.07336858933971774,-0.05939665763608872,-0.0059931506849315065,-0.34749147334863556,-0.3357194006707124,False,0.008726537227630615,0.009263329207897186,0.012709096074104309,0.009485669434070587,0.008472107350826263,0.012492567300796509,0.021623484790325165,0.9098587036132812
"Mixtral-8x7B, BOS",IOI (i) S2 -> IO,19,29,-0.0126953125,-0.0244140625,-0.00146484375,0.0369,0.21875,-0.01171875,-0.05916078629032258,-0.06919457220262096,-0.05005591607862904,-0.005494505494505495,-0.36391744703564266,-0.3422322959853306,False,0.07869276404380798,0.06909401714801788,0.2016512155532837,0.076020747423172,0.08160112798213959,0.1924147605895996,0.017064720392227173,0.33480769395828247
"Mixtral-8x7B, BOS",IOI (i) S2 -> IO,19,11,-0.0146484375,-0.02490234375,-0.0048828125,0.005,0.1640625,-0.02001953125,-0.06117691532258065,-0.07089607484879032,-0.0519468245967742,-0.006339814032121725,-0.37705822598524835,-0.3975919061595857,False,0.03742504119873047,0.024499952793121338,0.05888393521308899,0.022954747080802917,0.03463536500930786,0.04977826774120331,0.009503621608018875,0.7669548988342285
"Mixtral-8x7B, BOS",IOI (i) S2 -> IO,31,11,-0.0185546875,-0.02783203125,-0.0087890625,0.0004,0.1328125,-0.0185546875,-0.09515183971774194,-0.10441382623487902,-0.08547993321572582,-0.008566275924256087,-0.40333978388445973,-0.38782256318765834,False,0.0018986333161592484,0.0016741086728870869,0.0004384606145322323,0.0018248395062983036,0.0017092525959014893,0.0004672086797654629,0.8303203582763672,0.09844064712524414
"Mixtral-8x7B, BOS",IOI (i) S2 -> IO,22,30,-0.0185546875,-0.0283203125,-0.00927734375,0.0006,0.140625,-0.0107421875,-0.01838142641129032,-0.026288432459677415,-0.010757544732862905,0.6333333333333333,-0.40333978388445973,-0.3357194006707124,False,0.0544133186340332,0.05027607083320618,0.1171187162399292,0.04707980155944824,0.06105336546897888,0.12229111790657043,0.02116997539997101,0.6134767532348633
"Mixtral-8x7B, BOS",IOI (i) S2 -> IO,31,26,-0.0390625,-0.048828125,-0.02978515625,0.0,0.046875,-0.0400390625,-0.11632119455645161,-0.12563043409778227,-0.10759434853830648,-0.018034265103697024,-0.5413179628553195,-0.5311062601092598,False,0.014193065464496613,0.012642189860343933,0.03133583068847656,0.012484710663557053,0.012654229998588562,0.029813989996910095,0.6078319549560547,0.11374115943908691
"Mixtral-8x7B, BOS",IOI (i) S2 -> IO,19,19,-0.0654296875,-0.07958984375,-0.05126953125,0.0,0.109375,-0.07177734375,-0.11359627016129031,-0.12782100554435483,-0.09943572013608871,-0.0283178360101437,-0.7187184786749964,-0.7427753578343527,False,0.1236875057220459,0.017990604043006897,0.0036553703248500824,0.021393299102783203,0.11819195747375488,0.0036099888384342194,0.0380939245223999,0.6283493041992188
"Mixtral-8x7B, BOS",IOI (i) S2 -> IO,16,1,-0.06640625,-0.0810546875,-0.05322265625,0.0,0.0703125,-0.06396484375,-0.10490171370967742,-0.11901501071068549,-0.09206385458669357,-0.04152671755725191,-0.7252888681497992,-0.6906721953174068,False,0.0398576557636261,0.03841930627822876,0.0559614896774292,0.040127336978912354,0.03895577788352966,0.05205170810222626,0.03269070386886597,0.23661088943481445
"Mixtral-8x7B, BOS",IOI (i) S2 -> IO,16,0,-0.07861328125,-0.0927734375,-0.06494140625,0.0,0.046875,-0.08056640625,-0.11750252016129031,-0.13098617061491935,-0.10371881300403228,-0.04916030534351145,-0.8074187365848348,-0.8013914156659169,False,0.003403082489967346,0.003346247598528862,0.12465238571166992,0.003690287470817566,0.003116428852081299,0.12874746322631836,0.08871424198150635,0.2298107147216797
"Mixtral-8x7B, BOS",IOI (i) S2 -> IO,21,7,-0.080078125,-0.1025390625,-0.05859375,0.0,0.1484375,-0.080078125,-0.138671875,-0.1620948053175403,-0.11668307396673386,-0.04680365296803653,-0.8172743207970391,-0.7981349680086078,False,0.1229202151298523,0.093253493309021,0.05540388822555542,0.11565399169921875,0.10797977447509766,0.05839961767196655,0.032338351011276245,0.369781494140625
"Mixtral-8x7B, BOS",IOI (i) S2 -> IO,19,17,-0.16748046875,-0.1884765625,-0.146484375,0.0,0.0234375,-0.1806640625,-0.2189390120967742,-0.23988824659778227,-0.19822446761592746,-0.07248520710059171,-1.4053241787918938,-1.468963185414287,False,0.27273595333099365,0.04044364392757416,0.01066536083817482,0.04820829629898071,0.26441681385040283,0.010302089154720306,0.0073896124958992004,0.5558547973632812
"Mixtral-8x7B, BOS",IOI (i) S2 -> IO,31,20,-0.20947265625,-0.22803955078125,-0.1904296875,0.0,0.0,-0.21875,-0.29222845262096775,-0.31204715851814513,-0.2721612745715725,-0.09670874661857529,-1.687850926208416,-1.7229661026843985,False,0.021932825446128845,0.020462162792682648,0.006782591342926025,0.019994959235191345,0.02147306501865387,0.006768129765987396,0.34269285202026367,0.4062681198120117
"Mixtral-8x7B, BOS",IOI (i) S2 -> IO,22,29,-0.31787109375,-0.3505859375,-0.28564453125,0.0,0.015625,-0.31494140625,-0.3273532006048387,-0.35860359438004036,-0.29649343182963717,10.85,-2.417164157911532,-2.3644862911742957,True,0.31025147438049316,0.013983506709337234,0.04515242576599121,0.01638590544462204,0.3220937252044678,0.043537914752960205,0.03908185660839081,0.38694047927856445
"Mixtral-8x7B, BOS","IOI (ii) S1, IO -> other names",30,2,1.0244140625,0.8417724609375,1.2070556640624996,0.0,0.7890625,0.9296875,1.012726814516129,0.8302954889112903,1.1983146421370965,0.6681528662420382,8.392987415843463,7.986832939345704,True,0.38082432746887207,0.1086120679974556,0.024020910263061523,0.2097419947385788,0.20830531418323517,0.11198881268501282,0.002206001430749893,0.45793771743774414
"Mixtral-8x7B, BOS","IOI (ii) S1, IO -> other names",26,6,0.5673828125,0.4228271484375,0.7265625,0.0,0.625,0.5791015625,0.5631930443548386,0.4170150264616935,0.723601310483871,0.5775347912524851,4.5550450661884465,4.869119868882277,True,0.38728684186935425,0.06500966846942902,0.020926814526319504,0.2075679898262024,0.18399100005626678,0.08067277818918228,0.000877241138368845,0.49962693452835083
"Mixtral-8x7B, BOS","IOI (ii) S1, IO -> other names",31,6,0.4619140625,0.4130859375,0.51171875,0.0,0.9296875,0.4296875,0.4300655241935484,0.3827164188508065,0.4782328944052419,0.29071911493546404,3.6693660624219047,3.540400927988392,True,0.2262200117111206,0.07635033130645752,0.040564894676208496,0.14691543579101562,0.13874852657318115,0.09263062477111816,0.032335877418518066,0.48480987548828125
"Mixtral-8x7B, BOS","IOI (ii) S1, IO -> other names",21,6,0.388671875,0.3359375,0.44143066406249964,0.0,0.90625,0.36474609375,0.376921622983871,0.3230193107358871,0.43075935609879035,0.34488734835355284,3.0543111986951392,2.9628858327632726,True,0.037634313106536865,0.01962299644947052,0.6108589172363281,0.037086546421051025,0.040147602558135986,0.276456356048584,0.020713746547698975,0.14638221263885498
"Mixtral-8x7B, BOS","IOI (ii) S1, IO -> other names",31,18,0.373046875,0.27734375,0.470703125,0.0,0.625,0.3095703125,0.3383316532258064,0.2388152091733871,0.4383820564516129,0.2347879532882606,2.9230994944334294,2.4722151127599754,True,0.25098752975463867,0.1287204623222351,0.040754057466983795,0.18507522344589233,0.1499473750591278,0.1148492693901062,0.013508006930351257,0.46833133697509766
"Mixtral-8x7B, BOS","IOI (ii) S1, IO -> other names",30,26,0.3037109375,0.16796875,0.455078125,0.0,0.3828125,0.4638671875,0.26877520161290325,0.1301025390625,0.41998645413306457,0.1980891719745223,2.3408475567720917,3.8443562412647707,True,0.1584651619195938,0.07661444693803787,0.02215506322681904,0.1371610313653946,0.15391862392425537,0.08257101476192474,0.011486880481243134,0.6493752002716064
"Mixtral-8x7B, BOS","IOI (ii) S1, IO -> other names",26,16,0.220703125,0.1552734375,0.29201660156249964,0.0,0.5234375,0.1748046875,0.20533014112903225,0.1411841607862903,0.2772547568044354,0.22465208747514911,1.6437853778817573,1.2737627346988247,False,0.2506635785102844,0.08560968935489655,0.04247449338436127,0.16538682579994202,0.1500091701745987,0.10102507472038269,0.0020778216421604156,0.5727553367614746
"Mixtral-8x7B, BOS","IOI (ii) S1, IO -> other names",31,29,0.21875,0.10153808593750001,0.35646972656249964,0.0003,0.1796875,0.171875,0.17905745967741937,0.05997826360887098,0.3201274256552419,0.13767670559311618,1.6273839148490437,1.247709422132278,False,0.09752342104911804,0.02420002967119217,0.008404012769460678,0.06472578644752502,0.0473891943693161,0.027916915714740753,0.009092159569263458,0.8124399185180664
"Mixtral-8x7B, BOS","IOI (ii) S1, IO -> other names",31,4,0.189453125,0.138671875,0.2412109375,0.0,0.609375,0.21484375,0.14881552419354843,0.09831779233870969,0.20004410282258056,0.11923786109403811,1.3813619693583374,1.629824673108297,False,0.28725337982177734,0.11559253931045532,0.09846293926239014,0.17217475175857544,0.17545023560523987,0.1527785062789917,0.012586265802383423,0.3844871520996094
"Mixtral-8x7B, BOS","IOI (ii) S1, IO -> other names",21,1,0.1650390625,0.09079589843750001,0.24904785156249964,0.0001,0.28125,0.1650390625,0.1460748487903226,0.0689571257560484,0.23318186113911285,0.1464471403812825,1.1763436814494157,1.1869183594770023,False,0.15003648400306702,0.03170718252658844,0.005854145158082247,0.08228829503059387,0.1044163927435875,0.04445093497633934,0.0033458322286605835,0.7598441243171692
"Mixtral-8x7B, BOS","IOI (ii) S1, IO -> other names",31,22,0.158203125,0.1357421875,0.181640625,0.0,0.7734375,0.1748046875,0.11655745967741936,0.09563933341733871,0.13841985887096775,0.09956976029502151,1.1189385608349176,1.2737627346988247,False,0.003043876029551029,0.0030453354120254517,0.015122711658477783,0.002633921802043915,0.002773681655526161,0.012713193893432617,0.12403273582458496,0.5423011779785156
"Mixtral-8x7B, BOS","IOI (ii) S1, IO -> other names",21,2,0.1455078125,0.09375,0.2041015625,0.0,0.3984375,0.1103515625,0.12591355846774194,0.07377220892137097,0.18441358996975804,0.1291161178509532,1.0123290511222784,0.7005898582347962,False,0.20222240686416626,0.02380969002842903,0.005298533942550421,0.0880541130900383,0.13071219623088837,0.04140646010637283,0.003713668789714575,0.7182852029800415
"Mixtral-8x7B, BOS","IOI (ii) S1, IO -> other names",21,0,0.1435546875,0.083984375,0.2099609375,0.0,0.359375,0.140625,0.12389742943548386,0.06322218371975806,0.19134560861895158,0.12738301559792028,0.9959275880895646,0.969807421422446,False,0.17230349779129028,0.03795737028121948,0.009265249595046043,0.16194134950637817,0.08657078444957733,0.04976578801870346,0.0026913839392364025,0.7269540429115295
"Mixtral-8x7B, BOS","IOI (ii) S1, IO -> other names",31,5,0.119140625,0.0859375,0.1533203125,0.0,0.578125,0.15869140625,0.07623487903225806,0.04334362399193549,0.10972388482862899,0.07498463429625077,0.7909093001806429,1.1304695155828177,False,0.03521019220352173,0.015466257929801941,0.3269460201263428,0.04323112964630127,0.038058698177337646,0.14537501335144043,0.04757043719291687,0.4089083671569824
"Mixtral-8x7B, BOS","IOI (ii) S1, IO -> other names",21,10,0.1142578125,0.0673828125,0.169921875,0.0,0.3203125,0.07958984375,0.0936554939516129,0.046969506048387094,0.1473365045362903,0.10138648180242635,0.7499056425988585,0.4270300762860553,False,0.16491267085075378,0.048307716846466064,0.024193163961172104,0.12915386259555817,0.10659252852201462,0.07108768075704575,0.003941371105611324,0.6583993434906006
"Mixtral-8x7B, BOS","IOI (ii) S1, IO -> other names",30,1,0.109375,0.0546875,0.1708984375,0.0001,0.3125,0.091796875,0.06817036290322581,0.010583889868951611,0.13297079763104838,0.07133757961783439,0.7089019850170741,0.5355855453133335,False,0.09580275416374207,0.026533428579568863,0.0070035941898822784,0.08801606297492981,0.06539425253868103,0.0311603844165802,0.004113312810659409,0.8118362426757812
"Mixtral-8x7B, BOS","IOI (ii) S1, IO -> other names",26,14,0.10546875,0.04296875,0.1787109375,0.0007,0.2421875,0.091796875,0.08637852822580644,0.023213048135080645,0.16204794606854836,0.1073558648111332,0.6760990589516467,0.5355855453133335,False,0.1434248983860016,0.04123077914118767,0.009997475892305374,0.06617774069309235,0.07830914109945297,0.05509527027606964,0.0029576867818832397,0.7766032218933105
"Mixtral-8x7B, BOS","IOI (ii) S1, IO -> other names",21,3,0.08203125,0.05078125,0.115234375,0.0,0.4609375,0.0986328125,0.060389364919354836,0.030617597026209684,0.09192367061491934,0.07279029462738301,0.47928150255908186,0.5963766079686093,False,0.227761909365654,0.03532509505748749,0.027862634509801865,0.10975711047649384,0.11437448859214783,0.04799845814704895,0.005901988595724106,0.5584001541137695
"Mixtral-8x7B, BOS","IOI (ii) S1, IO -> other names",31,28,0.064453125,0.0390625,0.091796875,0.0,0.4609375,0.0537109375,0.019783266129032258,-0.005923954133064517,0.046435546874999976,0.040565457897971724,0.33166833526465817,0.1968924819482257,False,0.02888195961713791,0.030700325965881348,0.3143795132637024,0.03770802915096283,0.03793416917324066,0.14561274647712708,0.013276159763336182,0.5378878116607666
"Mixtral-8x7B, BOS","IOI (ii) S1, IO -> other names",30,3,0.0595703125,0.0078125,0.123046875,0.06,0.1953125,0.0478515625,0.016759072580645167,-0.035536636844758066,0.08165322580645161,0.038853503184713374,0.29066467768287385,0.1447858568151322,False,0.07106208801269531,0.0222310870885849,0.00826888158917427,0.05713486671447754,0.060221388936042786,0.029653295874595642,0.006289266049861908,0.8198537826538086
"Mixtral-8x7B, BOS","IOI (ii) S1, IO -> other names",21,4,0.0576171875,0.0283203125,0.08984375,0.0001,0.3046875,0.07421875,0.03518775201612903,0.006048387096774195,0.06722687752016127,0.0511265164644714,0.27426321465016007,0.37926566991405297,False,0.10182937979698181,0.01959107257425785,0.014379172585904598,0.06071792170405388,0.04638689011335373,0.030237872153520584,0.025357156991958618,0.656702995300293
"Mixtral-8x7B, BOS","IOI (ii) S1, IO -> other names",26,7,0.05078125,0.021484375,0.08203125,0.0009,0.3828125,0.02734375,0.02992691532258064,0.00037644909274193983,0.06098869077620966,0.05168986083499006,0.216858094035662,-0.037587331150695055,False,0.023174390196800232,0.02400350570678711,0.29179906845092773,0.028431281447410583,0.027043461799621582,0.08859950304031372,0.004912145435810089,0.609736442565918
"Mixtral-8x7B, BOS","IOI (ii) S1, IO -> other names",30,31,0.048828125,0.03125,0.0673828125,0.0,0.3984375,0.0556640625,0.005670362903225805,-0.011153288810483874,0.02309176537298386,0.03184713375796178,0.20045663100294825,0.21426135699259022,False,0.007440343499183655,0.005040142685174942,0.005103101953864098,0.004043415188789368,0.0038298293948173523,0.007915578782558441,0.16696929931640625,0.5339040756225586
"Mixtral-8x7B, BOS","IOI (ii) S1, IO -> other names",31,31,0.0419921875,0.0185546875,0.0703125,0.0003,0.234375,0.021484375,-0.003402217741935483,-0.02636876260080645,0.02384781376008064,0.02642901044867855,0.14305151038845015,-0.08969395628378855,False,0.11735326051712036,0.03279528021812439,0.015012091025710106,0.07017864286899567,0.07038387656211853,0.04033651947975159,0.007934287190437317,0.7889394760131836
"Mixtral-8x7B, BOS","IOI (ii) S1, IO -> other names",17,19,0.0361328125,0.01953125,0.0537109375,0.0001,0.4140625,0.0595703125,0.046748991935483875,0.032321068548387094,0.06120920488911289,1.608695652173913,0.09384712129030895,0.2489991070813192,False,0.013985790312290192,0.032278597354888916,0.13782858848571777,0.023743271827697754,0.02353823184967041,0.11210787296295166,0.25730299949645996,0.20544767379760742
"Mixtral-8x7B, BOS","IOI (ii) S1, IO -> other names",31,17,0.0341796875,0.01953125,0.048828125,0.0,0.28125,0.0380859375,-0.011466733870967742,-0.0244140625,0.00176490045362902,0.0215119852489244,0.07744565825759521,0.0579414815933097,False,0.0867384672164917,0.021913260221481323,0.0060113780200481415,0.04414995014667511,0.041523873805999756,0.025255322456359863,0.06284487247467041,0.6101837158203125
"Mixtral-8x7B, BOS","IOI (ii) S1, IO -> other names",31,24,0.0322265625,0.0205078125,0.0439453125,0.0,0.3203125,0.0380859375,-0.013482862903225807,-0.024288054435483868,-0.0025508757560483973,0.020282728948985862,0.06104419522488146,0.0579414815933097,False,0.0010618530213832855,0.0012817359529435635,0.025786519050598145,0.0011733327992260456,0.0012800046242773533,0.02443329244852066,0.5772733688354492,0.07416647672653198
"Mixtral-8x7B, BOS","IOI (ii) S1, IO -> other names",30,29,0.0302734375,0.015625,0.044921875,0.0001,0.34375,0.044921875,-0.013482862903225808,-0.028414818548387098,0.0014813823084677284,0.019745222929936305,0.044642732192167724,0.11873254424858545,False,0.029873698949813843,0.01677022874355316,0.0038001779466867447,0.012944050133228302,0.01304338127374649,0.01704246550798416,0.10664224624633789,0.5650949478149414
"Mixtral-8x7B, BOS","IOI (ii) S1, IO -> other names",30,9,0.025390625,0.01171875,0.0390625,0.0001,0.2734375,0.0205078125,-0.01852318548387097,-0.0300844254032258,-0.006867439516129031,0.016560509554140127,0.0036390746103833727,-0.0983783938059708,False,0.0019042445346713066,0.000947088934481144,0.0006975657306611538,0.0014797188341617584,0.0013560960069298744,0.0019714999943971634,0.2506074905395508,0.680419921875
"Mixtral-8x7B, BOS","IOI (ii) S1, IO -> other names",17,21,0.025390625,0.0087890625,0.0419921875,0.0052,0.328125,0.037109375,0.03566028225806452,0.02038180443548387,0.05178931451612903,1.1304347826086956,0.0036390746103833727,0.04925704407112745,False,0.020228594541549683,0.01651652902364731,0.3503856658935547,0.018511027097702026,0.01726609468460083,0.19352960586547852,0.044063761830329895,0.1895592212677002
"Mixtral-8x7B, BOS","IOI (ii) S1, IO -> other names",30,24,0.0234375,-0.005859375,0.0546875,0.1564,0.2734375,0.02490234375,-0.020539314516129035,-0.05065839213709677,0.011340725806451608,0.015286624203821656,-0.012762388422330368,-0.059298424956150675,False,0.010343002155423164,0.01629103720188141,0.18794894218444824,0.024118542671203613,0.026376724243164062,0.09656805545091629,0.005196966230869293,0.7410078048706055
"Mixtral-8x7B, BOS","IOI (ii) S1, IO -> other names",30,21,0.0234375,0.01171875,0.03515625,0.0005,0.265625,0.0283203125,-0.02053931451612903,-0.03191154233870967,-0.009197801159274205,0.015286624203821656,-0.012762388422330368,-0.028902893628512803,False,0.018964990973472595,0.017589479684829712,0.0168410986661911,0.01583138108253479,0.015816107392311096,0.02786579728126526,0.0962667465209961,0.5337085723876953
"Mixtral-8x7B, BOS","IOI (ii) S1, IO -> other names",31,25,0.0234375,0.009765625,0.0361328125,0.0004,0.296875,0.03515625,-0.022555443548387094,-0.033959960937500006,-0.011434444304435493,0.014751075599262446,-0.012762388422330368,0.031888169026762954,False,0.019957318902015686,0.016558222472667694,0.010704003274440765,0.013292737305164337,0.013344526290893555,0.0343928337097168,0.22784996032714844,0.19318366050720215
"Mixtral-8x7B, BOS","IOI (ii) S1, IO -> other names",17,10,0.0224609375,0.005859375,0.0390625,0.0135,0.3203125,0.02734375,0.03263608870967742,0.018805916078629033,0.04659148185483871,1.0,-0.020963119938687238,-0.037587331150695055,False,0.009995035827159882,0.009290382266044617,0.21248245239257812,0.007669165730476379,0.00723651796579361,0.2203960418701172,0.03004556894302368,0.2653207778930664
"Mixtral-8x7B, BOS","IOI (ii) S1, IO -> other names",17,7,0.0185546875,0.0029296875,0.0341796875,0.0342,0.2734375,0.013671875,0.02860383064516129,0.0146484375,0.042623015372983866,0.8260869565217391,-0.05376604600411472,-0.15916945646124656,False,0.0055773258209228516,0.005242973566055298,0.04466351866722107,0.006301552057266235,0.005758319050073624,0.06983411312103271,0.4418935775756836,0.2918734550476074
"Mixtral-8x7B, BOS","IOI (ii) S1, IO -> other names",30,18,0.0126953125,-0.0009765625,0.0263671875,0.0905,0.21875,0.0166015625,-0.03162802419354839,-0.04325305569556452,-0.01990927419354839,0.008280254777070064,-0.10297043510225594,-0.1331161438946998,False,0.00632316991686821,0.005719512235373259,0.0215722918510437,0.005870915949344635,0.006107720546424389,0.034113168716430664,0.2151297926902771,0.23170870542526245
"Mixtral-8x7B, BOS","IOI (ii) S1, IO -> other names",30,30,0.0107421875,-0.0009765625,0.0224609375,0.0954,0.1875,0.017578125,-0.03364415322580645,-0.04375708795362903,-0.023594222530241942,0.0070063694267515925,-0.11937189813496968,-0.12443170637251756,False,0.002791445702314377,0.0021647177636623383,0.0020269835367798805,0.0020134486258029938,0.0018138550221920013,0.004585660994052887,0.05532550811767578,0.7852058410644531
"Mixtral-8x7B, BOS","IOI (ii) S1, IO -> other names",17,28,0.009765625,-0.0029296875,0.0224609375,0.157,0.1875,0.0126953125,0.019531250000000003,0.009355311239919357,0.029958417338709676,0.43478260869565216,-0.12757262965132654,-0.16785389398342881,False,0.0013147881254553795,0.001460302621126175,0.08869993686676025,0.0009044804610311985,0.0009746863506734371,0.07257980108261108,0.017667993903160095,0.7056961059570312
"Mixtral-8x7B, BOS","IOI (ii) S1, IO -> other names",21,11,0.0087890625,-0.005859375,0.0234375,0.2976,0.2421875,0.01171875,-0.01521547379032258,-0.028918850806451617,-0.0012900075604838919,0.00779896013864818,-0.13577336116768343,-0.17653833150561105,False,0.08256667852401733,0.048077523708343506,0.04607677459716797,0.057778358459472656,0.055989623069763184,0.06970000267028809,0.014346003532409668,0.6101722717285156
"Mixtral-8x7B, BOS","IOI (ii) S1, IO -> other names",30,6,0.0078125,-0.001953125,0.0185546875,0.1775,0.140625,0.0087890625,-0.03666834677419355,-0.046560767389112905,-0.0263671875,0.005095541401273885,-0.1439740926840403,-0.20259164407215782,False,0.027208000421524048,0.023229748010635376,0.010496407747268677,0.027514785528182983,0.026515811681747437,0.027110964059829712,0.003095969557762146,0.8498497009277344
"Mixtral-8x7B, BOS","IOI (ii) S1, IO -> other names",30,16,0.0068359375,-0.00390625,0.017578125,0.2914,0.15625,0.0126953125,-0.03767641129032258,-0.047725554435483875,-0.02718545236895162,0.0044585987261146496,-0.15217482420039716,-0.16785389398342881,False,0.024341292679309845,0.019015438854694366,0.016023926436901093,0.013540253043174744,0.01529037207365036,0.03317341208457947,0.1582326889038086,0.487398624420166
"Mixtral-8x7B, BOS","IOI (ii) S1, IO -> other names",31,0,0.0068359375,-0.0009765625,0.015625,0.1693,0.1015625,0.0009765625,-0.03969254032258064,-0.04939516129032258,-0.029863123739919364,0.0043023970497848806,-0.15217482420039716,-0.2720671442496158,False,0.04508057236671448,0.04686105251312256,0.027891457080841064,0.044992297887802124,0.0418817400932312,0.052616238594055176,0.07809484004974365,0.003008805215358734
"Mixtral-8x7B, BOS","IOI (ii) S1, IO -> other names",17,12,0.0068359375,-0.0078125,0.021484375,0.4578,0.21875,0.03125,0.0165070564516129,0.004157478578629034,0.029045646421370957,0.30434782608695654,-0.15217482420039716,-0.002849581061966051,False,0.039964646100997925,0.038530319929122925,0.13145875930786133,0.04054945707321167,0.03205680847167969,0.1034935712814331,0.08802051842212677,0.1901836395263672
"Mixtral-8x7B, BOS","IOI (ii) S1, IO -> other names",17,11,0.005859375,-0.0068359375,0.0185546875,0.4547,0.1796875,0.015625,0.015498991935483873,0.005039535030241935,0.025737147177419355,0.2608695652173913,-0.16037555571675402,-0.14180058141688207,False,0.0010371310636401176,0.0009469948709011078,0.11465036869049072,0.0006926935166120529,0.0007069334387779236,0.07643246650695801,0.09954953193664551,0.437835693359375
"Mixtral-8x7B, BOS","IOI (ii) S1, IO -> other names",31,14,0.005859375,-0.00390625,0.015625,0.3561,0.125,0.00390625,-0.04070060483870967,-0.05049851940524193,-0.031186995967741934,0.0036877688998156115,-0.16037555571675402,-0.24601383168306906,False,0.014849802479147911,0.01321081630885601,0.001130344346165657,0.007675020955502987,0.008983131498098373,0.006837069988250732,0.041493356227874756,0.8292236328125
"Mixtral-8x7B, BOS","IOI (ii) S1, IO -> other names",31,10,0.0048828125,-0.0087890625,0.0185546875,0.5657,0.1953125,0.0146484375,-0.041708669354838704,-0.054214969758064516,-0.02939059349798388,0.003073140749846343,-0.1685762872331109,-0.1504850189390643,False,0.0085836723446846,0.009156867861747742,0.01799711585044861,0.008304856717586517,0.008278630673885345,0.026978343725204468,0.40642642974853516,0.2129218578338623
"Mixtral-8x7B, BOS","IOI (ii) S1, IO -> other names",30,0,0.00390625,-0.0146484375,0.0244140625,0.7614,0.125,0.009765625,-0.04070060483870967,-0.059950699344758066,-0.01959346648185485,0.0025477707006369425,-0.17677701874946777,-0.19390720654997556,False,0.007775731384754181,0.010228954255580902,0.061047762632369995,0.009895261377096176,0.011443223804235458,0.026857763528823853,0.014475241303443909,0.8333454132080078
"Mixtral-8x7B, BOS","IOI (ii) S1, IO -> other names",30,13,0.0029296875,-0.0068359375,0.013671875,0.714,0.125,0.0,-0.041708669354838704,-0.05207283266129033,-0.030902690272177433,0.001910828025477707,-0.18497775026582464,-0.28075158177179804,False,0.07223820686340332,0.07048702239990234,0.0878901481628418,0.059828221797943115,0.05900782346725464,0.09494912624359131,0.03753000497817993,0.532928466796875
"Mixtral-8x7B, BOS","IOI (ii) S1, IO -> other names",30,23,0.001953125,-0.0068359375,0.0107421875,0.8239,0.0859375,0.0,-0.04271673387096774,-0.052105122227822584,-0.03288652973790324,0.0012738853503184713,-0.1931784817821815,-0.28075158177179804,False,0.0018852269276976585,0.0018293708562850952,0.01308911107480526,0.0017829067073762417,0.0017863521352410316,0.013354619964957237,0.02767181396484375,0.7974910736083984
"Mixtral-8x7B, BOS","IOI (ii) S1, IO -> other names",31,27,0.001953125,-0.0087890625,0.013671875,0.8655,0.140625,0.0126953125,-0.044732862903225805,-0.055664850050403225,-0.03377016129032258,0.001229256299938537,-0.1931784817821815,-0.16785389398342881,False,0.03912366181612015,0.022292375564575195,0.0016686143353581429,0.016553908586502075,0.016331300139427185,0.01019347459077835,0.05500054359436035,0.6676406860351562
"Mixtral-8x7B, BOS","IOI (ii) S1, IO -> other names",31,21,0.0009765625,-0.00390625,0.0048828125,1.0,0.0234375,0.0009765625,-0.04574092741935484,-0.05355421496975807,-0.03777091733870967,0.0006146281499692685,-0.2013792132985384,-0.2720671442496158,False,0.011343657970428467,0.012387409806251526,0.011851340532302856,0.011236876249313354,0.011036083102226257,0.0236397385597229,0.004581786692142487,0.8607940673828125
"Mixtral-8x7B, BOS","IOI (ii) S1, IO -> other names",30,22,0.0009765625,-0.009765625,0.0126953125,1.0,0.1328125,0.0009765625,-0.043724798387096774,-0.05443627142137096,-0.0330440398185484,0.0006369426751592356,-0.2013792132985384,-0.2720671442496158,False,0.0005420194938778877,0.0005140490829944611,0.0023767510429024696,0.0005194288678467274,0.00047068577259778976,0.0029044076800346375,0.07406288385391235,0.7659226655960083
"Mixtral-8x7B, BOS","IOI (ii) S1, IO -> other names",31,13,0.0009765625,-0.009765625,0.01171875,1.0,0.125,0.0,-0.04574092741935484,-0.05484658518145161,-0.03682585685483871,0.0006146281499692685,-0.2013792132985384,-0.28075158177179804,False,0.0024667326360940933,0.0023688022047281265,0.004965491592884064,0.002765696495771408,0.0026061739772558212,0.00606672465801239,0.3683919906616211,0.482635498046875
"Mixtral-8x7B, BOS","IOI (ii) S1, IO -> other names",31,7,0.0009765625,-0.0078125,0.0107421875,1.0,0.1015625,0.0,-0.04574092741935484,-0.054846585181451614,-0.036006804435483875,0.0006146281499692685,-0.2013792132985384,-0.28075158177179804,False,0.025637701153755188,0.016624078154563904,0.0641281008720398,0.018999263644218445,0.01749037206172943,0.07039618492126465,0.21014833450317383,0.33683013916015625
"Mixtral-8x7B, BOS","IOI (ii) S1, IO -> other names",30,17,0.0,-0.009790039062499992,0.009790039062499645,1.0,0.109375,0.0009765625,-0.0447328629032258,-0.05528603830645161,-0.03345435357862905,0.0,-0.20957994481489525,-0.2720671442496158,False,0.026513218879699707,0.020425081253051758,0.029591411352157593,0.02384987473487854,0.02093490958213806,0.0736384391784668,0.021696746349334717,0.7437329292297363
"Mixtral-8x7B, BOS","IOI (ii) S1, IO -> other names",30,5,0.0,-0.009765625,0.009765625,1.0,0.1015625,0.0009765625,-0.044732862903225805,-0.05585307459677419,-0.033203125,0.0,-0.20957994481489525,-0.2720671442496158,False,0.0066979750990867615,0.005271099507808685,0.023207873106002808,0.006651543080806732,0.006630100309848785,0.015880927443504333,0.01759219914674759,0.8195686340332031
"Mixtral-8x7B, BOS","IOI (ii) S1, IO -> other names",17,25,-0.0009765625,-0.01953125,0.017578125,1.0,0.2265625,0.0341796875,0.008442540322580643,-0.007780997983870966,0.024855878276209668,-0.043478260869565216,-0.21778067633125212,0.023203731504580702,False,0.28595197200775146,0.027883950620889664,0.013696243986487389,0.08182253688573837,0.06241649016737938,0.03846311569213867,0.006763387471437454,0.43799424171447754
"Mixtral-8x7B, BOS","IOI (ii) S1, IO -> other names",21,5,-0.0009765625,-0.0126953125,0.0107421875,1.0,0.1328125,0.0107421875,-0.025296118951612906,-0.03846396169354838,-0.012474798387096774,-0.0008665511265164644,-0.21778067633125212,-0.1852227690277933,False,0.03376278281211853,0.035257190465927124,0.11732897162437439,0.03781663626432419,0.033574532717466354,0.18903391063213348,0.011524856090545654,0.7177472114562988
"Mixtral-8x7B, BOS","IOI (ii) S1, IO -> other names",31,3,-0.0009765625,-0.009765625,0.0078125,1.0,0.0703125,-0.0009765625,-0.047757056451612906,-0.05601058467741935,-0.039314516129032265,-0.0006146281499692685,-0.21778067633125212,-0.28943601929398033,False,0.06582808494567871,0.0686902403831482,0.021607041358947754,0.06620150804519653,0.06911087036132812,0.04957866668701172,0.09237265586853027,0.0043125152587890625
"Mixtral-8x7B, BOS","IOI (ii) S1, IO -> other names",26,5,-0.001953125,-0.013671875,0.0107421875,0.8768,0.1328125,0.001953125,-0.024508568548387098,-0.03326612903225806,-0.015341481854838709,-0.0019880715705765406,-0.225981407847609,-0.2633827067274336,False,0.004022815730422735,0.0012690918520092964,0.0005505718290805817,0.002978281117975712,0.003577754832804203,0.0012954510748386383,0.004050359129905701,0.9619522094726562
"Mixtral-8x7B, BOS","IOI (ii) S1, IO -> other names",26,30,-0.001953125,-0.0146484375,0.009765625,0.8748,0.1484375,-0.001953125,-0.024508568548387094,-0.034652217741935484,-0.014647649949596785,-0.0019880715705765406,-0.225981407847609,-0.29812045681616256,False,0.0035423263907432556,0.0034369174391031265,0.025221288204193115,0.003975927829742432,0.0033744126558303833,0.01902388036251068,0.013817965984344482,0.8777236938476562
"Mixtral-8x7B, BOS","IOI (ii) S1, IO -> other names",21,23,-0.001953125,-0.0126953125,0.009765625,0.8708,0.1171875,0.009765625,-0.026304183467741937,-0.03572328629032258,-0.016882717993951645,-0.0017331022530329288,-0.225981407847609,-0.19390720654997556,False,0.016745224595069885,0.015754207968711853,0.01831091195344925,0.013027355074882507,0.012623324990272522,0.04973059892654419,0.043841034173965454,0.5737295150756836
"Mixtral-8x7B, BOS","IOI (ii) S1, IO -> other names",21,24,-0.001953125,-0.0126953125,0.009765625,0.8688,0.1328125,-0.0029296875,-0.026304183467741937,-0.036321824596774195,-0.01644326486895162,-0.0017331022530329288,-0.225981407847609,-0.3068048943383448,False,0.0009105559438467026,0.0009534750133752823,0.0070765018463134766,0.000925267580896616,0.0009032688103616238,0.010536640882492065,0.01053234189748764,0.9037132263183594
"Mixtral-8x7B, BOS","IOI (ii) S1, IO -> other names",17,13,-0.001953125,-0.0166015625,0.01171875,0.8953,0.171875,0.00634765625,0.007434475806451614,-0.0040960496471774185,0.018492471018145152,-0.08695652173913043,-0.225981407847609,-0.22430273787761343,False,0.02046048641204834,0.01855677366256714,0.09466683864593506,0.015048891305923462,0.01486387848854065,0.11472761631011963,0.06930088996887207,0.299100399017334
"Mixtral-8x7B, BOS","IOI (ii) S1, IO -> other names",26,27,-0.001953125,-0.013671875,0.009765625,0.8709,0.140625,-0.001953125,-0.024508568548387094,-0.03578629032258064,-0.013797095514112916,-0.0019880715705765406,-0.225981407847609,-0.29812045681616256,False,0.011880345642566681,0.005237601697444916,0.014653265476226807,0.008989233523607254,0.008724475279450417,0.02346135675907135,0.0889161229133606,0.44611692428588867
"Mixtral-8x7B, BOS","IOI (ii) S1, IO -> other names",31,30,-0.0029296875,-0.0224609375,0.0205078125,0.8592,0.09375,0.0517578125,-0.04977318548387097,-0.07047001008064516,-0.02526461693548387,-0.0018438844499078057,-0.23418213936396587,0.1795236069038612,False,0.005866756662726402,0.007732577621936798,0.05406239628791809,0.008751051500439644,0.005564894527196884,0.02836768329143524,0.011437088251113892,0.8696198463439941
"Mixtral-8x7B, BOS","IOI (ii) S1, IO -> other names",31,23,-0.0029296875,-0.01171875,0.005859375,0.6647,0.0703125,0.0009765625,-0.04977318548387097,-0.05843623991935484,-0.04098412298387097,-0.0018438844499078057,-0.23418213936396587,-0.2720671442496158,False,0.018108531832695007,0.0187680721282959,0.044444501399993896,0.019877731800079346,0.017643749713897705,0.053250789642333984,0.028200507164001465,0.5607986450195312
"Mixtral-8x7B, BOS","IOI (ii) S1, IO -> other names",31,1,-0.0029296875,-0.013671875,0.0078125,0.7185,0.109375,0.0068359375,-0.04977318548387097,-0.05928679435483871,-0.03975554435483871,-0.0018438844499078057,-0.23418213936396587,-0.2199605191165223,False,0.001852300949394703,0.0018389392644166946,0.018740743398666382,0.0023493263870477676,0.002089899033308029,0.020405948162078857,0.3717312812805176,0.009010806679725647
"Mixtral-8x7B, BOS","IOI (ii) S1, IO -> other names",17,29,-0.0029296875,-0.0146484375,0.009765625,0.749,0.1484375,0.01171875,0.006426411290322582,-0.00252016129032258,0.015940020161290324,-0.13043478260869565,-0.23418213936396587,-0.17653833150561105,False,0.0017935512587428093,0.0016564326360821724,0.0795813798904419,0.001359068788588047,0.0013112658634781837,0.05733257532119751,0.01578301191329956,0.6521720886230469
"Mixtral-8x7B, BOS","IOI (ii) S1, IO -> other names",30,25,-0.0029296875,-0.0146484375,0.009765625,0.7455,0.1484375,0.00390625,-0.0477570564516129,-0.060516160534274194,-0.034904233870967735,-0.001910828025477707,-0.23418213936396587,-0.24601383168306906,False,0.10131728649139404,0.07675516605377197,0.07356524467468262,0.07448208332061768,0.07460463047027588,0.12890052795410156,0.010047227144241333,0.5850381851196289
"Mixtral-8x7B, BOS","IOI (ii) S1, IO -> other names",30,8,-0.00390625,-0.015625,0.0078125,0.6203,0.1328125,-0.0068359375,-0.04876512096774194,-0.0602326423891129,-0.036888860887096774,-0.0025477707006369425,-0.24238287088032273,-0.3415426444270738,False,0.0919492244720459,0.021723687648773193,0.007864132523536682,0.05186492204666138,0.05305635929107666,0.027748048305511475,0.014008313417434692,0.8020782470703125
"Mixtral-8x7B, BOS","IOI (ii) S1, IO -> other names",17,15,-0.00390625,-0.0185546875,0.0107421875,0.6922,0.203125,0.0087890625,0.005418346774193548,-0.007372259324596773,0.01842946698588709,-0.17391304347826086,-0.24238287088032273,-0.20259164407215782,False,0.03922256827354431,0.022029414772987366,0.17508602142333984,0.023811906576156616,0.018870294094085693,0.148054838180542,0.06717342138290405,0.2427046298980713
"Mixtral-8x7B, BOS","IOI (ii) S1, IO -> other names",31,19,-0.00390625,-0.013671875,0.005859375,0.5379,0.078125,-0.0078125,-0.05078125,-0.060011340725806446,-0.041299143145161296,-0.002458512599877074,-0.24238287088032273,-0.35022708194925606,False,0.04548168182373047,0.012322232127189636,0.0021124957129359245,0.024379700422286987,0.024993330240249634,0.01120971143245697,0.03626447916030884,0.7582359313964844
"Mixtral-8x7B, BOS","IOI (ii) S1, IO -> other names",30,10,-0.00390625,-0.015625,0.0078125,0.6383,0.140625,-0.00390625,-0.04876512096774194,-0.0599184097782258,-0.03723538306451613,-0.0025477707006369425,-0.24238287088032273,-0.3154893318605271,False,0.031324103474617004,0.010281771421432495,0.0060205236077308655,0.02029535174369812,0.01897570490837097,0.020604759454727173,0.0315743088722229,0.76275634765625
"Mixtral-8x7B, BOS","IOI (ii) S1, IO -> other names",26,24,-0.00390625,-0.0166015625,0.0087890625,0.6543,0.15625,-0.005859375,-0.02652469758064516,-0.03648012222782258,-0.016632276965725817,-0.003976143141153081,-0.24238287088032273,-0.33285820690489154,False,0.06419377028942108,0.02607206627726555,0.010472912341356277,0.04215623438358307,0.03777846321463585,0.02911713719367981,0.03683790564537048,0.5386600494384766
"Mixtral-8x7B, BOS","IOI (ii) S1, IO -> other names",21,26,-0.00390625,-0.0146484375,0.0078125,0.6215,0.109375,0.0009765625,-0.0283203125,-0.03868447580645161,-0.018112871723790332,-0.0034662045060658577,-0.24238287088032273,-0.2720671442496158,False,0.014469757676124573,0.013600602746009827,0.050790831446647644,0.011139174923300743,0.009797122329473495,0.04899480938911438,0.04415684938430786,0.6576519012451172
"Mixtral-8x7B, BOS","IOI (ii) S1, IO -> other names",26,2,-0.0048828125,-0.015625,0.005859375,0.4895,0.109375,-0.00390625,-0.027532762096774188,-0.03739289314516129,-0.017797851562500012,-0.004970178926441352,-0.2505836023966796,-0.3154893318605271,False,0.0007179458625614643,0.000690010841935873,0.0024042166769504547,0.0008122622966766357,0.0007628127932548523,0.003636188805103302,0.0026907436549663544,0.9750404357910156
"Mixtral-8x7B, BOS","IOI (ii) S1, IO -> other names",26,3,-0.0048828125,-0.0166015625,0.0068359375,0.5007,0.1015625,-0.0029296875,-0.027532762096774188,-0.0369203629032258,-0.018427891885080653,-0.004970178926441352,-0.2505836023966796,-0.3068048943383448,False,0.0007524159736931324,0.0006393948569893837,0.0008023269474506378,0.0005337977781891823,0.0005707135424017906,0.0008081379346549511,0.0071102529764175415,0.9696426391601562
"Mixtral-8x7B, BOS","IOI (ii) S1, IO -> other names",26,1,-0.0048828125,-0.015625,0.0068359375,0.4915,0.1171875,-0.001953125,-0.02753276209677419,-0.037833921370967735,-0.01738832535282259,-0.004970178926441352,-0.2505836023966796,-0.29812045681616256,False,0.0010605370625853539,0.0009903302416205406,0.0025094449520111084,0.0009710714221000671,0.0010039154440164566,0.003012371249496937,0.012539684772491455,0.9357833862304688
"Mixtral-8x7B, BOS","IOI (ii) S1, IO -> other names",26,18,-0.0048828125,-0.015625,0.0068359375,0.4919,0.1015625,-0.001953125,-0.027532762096774195,-0.03755119077620968,-0.017734847530241946,-0.004970178926441352,-0.2505836023966796,-0.29812045681616256,False,0.004314683377742767,0.0031833574175834656,0.002414856106042862,0.004062093794345856,0.0036676712334156036,0.003344714641571045,0.0032818466424942017,0.9587936401367188
"Mixtral-8x7B, BOS","IOI (ii) S1, IO -> other names",17,1,-0.0048828125,-0.0185546875,0.0087890625,0.559,0.1640625,0.01171875,0.0044102822580645165,-0.0054813508064516115,0.014301915322580645,-0.21739130434782608,-0.2505836023966796,-0.17653833150561105,False,0.05812540650367737,0.03642496466636658,0.09817337989807129,0.04511871933937073,0.03459784388542175,0.10664349794387817,0.017137587070465088,0.5147972106933594
"Mixtral-8x7B, BOS","IOI (ii) S1, IO -> other names",30,7,-0.0048828125,-0.015625,0.005859375,0.4854,0.109375,-0.00146484375,-0.04977318548387097,-0.05982311617943549,-0.038967993951612906,-0.0031847133757961785,-0.2505836023966796,-0.2937782380550714,False,0.014582991600036621,0.014083564281463623,0.0405803918838501,0.014239579439163208,0.013868510723114014,0.042498111724853516,0.05032503604888916,0.5453948974609375
"Mixtral-8x7B, BOS","IOI (ii) S1, IO -> other names",21,13,-0.0048828125,-0.0185546875,0.009765625,0.5927,0.1328125,0.001953125,-0.02932837701612903,-0.042591513356854835,-0.015969159526209708,-0.004332755632582322,-0.2505836023966796,-0.2633827067274336,False,0.005042862147092819,0.005246557295322418,0.02461346983909607,0.005138367414474487,0.004957812838256359,0.0227586030960083,0.6079292297363281,0.15202045440673828
"Mixtral-8x7B, BOS","IOI (ii) S1, IO -> other names",17,0,-0.0048828125,-0.017578125,0.0078125,0.5515,0.140625,0.0029296875,0.0044102822580645165,-0.005386844758064516,0.014427923387096774,-0.21739130434782608,-0.2505836023966796,-0.2546982692052513,False,0.07257407903671265,0.027147755026817322,0.04666012525558472,0.043889567255973816,0.038809824734926224,0.06112933158874512,0.03239572048187256,0.5648231506347656
"Mixtral-8x7B, BOS","IOI (ii) S1, IO -> other names",21,17,-0.0048828125,-0.0244140625,0.013671875,0.6874,0.2421875,0.00390625,-0.02932837701612903,-0.04706401209677419,-0.01190697454637098,-0.004332755632582322,-0.2505836023966796,-0.24601383168306906,False,0.019109219312667847,0.01152212917804718,0.16267836093902588,0.02661336213350296,0.025308966636657715,0.14332640171051025,0.024569399654865265,0.7035617828369141
"Mixtral-8x7B, BOS","IOI (ii) S1, IO -> other names",26,28,-0.005859375,-0.0185546875,0.0068359375,0.4267,0.1328125,-0.0009765625,-0.028540826612903226,-0.03890577746975807,-0.017830141129032258,-0.005964214711729622,-0.25878433391303646,-0.28943601929398033,False,0.004755761474370956,0.004498139023780823,0.006330579519271851,0.004586692899465561,0.004232063889503479,0.010416895151138306,0.03175705671310425,0.8502349853515625
"Mixtral-8x7B, BOS","IOI (ii) S1, IO -> other names",17,20,-0.005859375,-0.0234375,0.0107421875,0.5773,0.203125,-0.0078125,0.003402217741935484,-0.010522460937499999,0.017389112903225805,-0.2608695652173913,-0.25878433391303646,-0.35022708194925606,False,0.004119597375392914,0.0036590471863746643,0.1275848150253296,0.003673253580927849,0.0036589354276657104,0.10345089435577393,0.06757575273513794,0.23359107971191406
"Mixtral-8x7B, BOS","IOI (ii) S1, IO -> other names",21,16,-0.005859375,-0.0166015625,0.003930664062499645,0.3648,0.09375,-0.00390625,-0.030336441532258066,-0.039818548387096774,-0.02107327368951615,-0.005199306759098787,-0.25878433391303646,-0.3154893318605271,False,0.0030945520848035812,0.001954740844666958,0.0009573725983500481,0.0023726485669612885,0.002626311033964157,0.0021974900737404823,0.032722748816013336,0.9205474853515625
"Mixtral-8x7B, BOS","IOI (ii) S1, IO -> other names",30,4,-0.005859375,-0.0146484375,0.0029296875,0.3028,0.0703125,0.00390625,-0.05078125,-0.06070517263104838,-0.040133568548387094,-0.003821656050955414,-0.25878433391303646,-0.24601383168306906,False,0.012386508285999298,0.009760193526744843,0.00817541778087616,0.010527737438678741,0.010912001132965088,0.012500777840614319,0.005559224635362625,0.8950233459472656
"Mixtral-8x7B, BOS","IOI (ii) S1, IO -> other names",31,15,-0.005859375,-0.0126953125,0.0009765625,0.1455,0.0234375,-0.001953125,-0.05279737903225806,-0.06127142137096774,-0.04429104712701615,-0.0036877688998156115,-0.25878433391303646,-0.29812045681616256,False,0.0032934434711933136,0.003479147329926491,0.0020139962434768677,0.0035971030592918396,0.0036337152123451233,0.004642590880393982,0.022484123706817627,0.8895988464355469
"Mixtral-8x7B, BOS","IOI (ii) S1, IO -> other names",30,12,-0.0068359375,-0.017578125,0.00390625,0.2955,0.1015625,0.0068359375,-0.05178931451612903,-0.06205897177419355,-0.040825825352822594,-0.0044585987261146496,-0.2669850654293933,-0.2199605191165223,False,0.012827582657337189,0.01166623830795288,0.04850137233734131,0.01263478398323059,0.011802688241004944,0.03804484009742737,0.3442988395690918,0.07874023914337158
"Mixtral-8x7B, BOS","IOI (ii) S1, IO -> other names",17,22,-0.0068359375,-0.01953125,0.005859375,0.3853,0.1328125,0.0126953125,0.002394153225806452,-0.007780997983870966,0.012632308467741934,-0.30434782608695654,-0.2669850654293933,-0.16785389398342881,False,0.00029217498376965523,0.0003189770504832268,0.011128890328109264,0.00030235107988119125,0.00027684448286890984,0.008510034531354904,0.12005400657653809,0.34128284454345703
"Mixtral-8x7B, BOS","IOI (ii) S1, IO -> other names",31,2,-0.0068359375,-0.0166015625,0.00390625,0.268,0.0859375,0.0029296875,-0.053805443548387094,-0.06284652217741936,-0.04457377772177422,-0.0043023970497848806,-0.2669850654293933,-0.2546982692052513,False,0.03752735257148743,0.0364951491355896,0.09319067001342773,0.03666645288467407,0.03413653373718262,0.14276409149169922,0.1784219741821289,0.006825610995292664
"Mixtral-8x7B, BOS","IOI (ii) S1, IO -> other names",26,19,-0.0068359375,-0.01857910156249999,0.0048828125,0.3494,0.1328125,-0.0087890625,-0.029548891129032258,-0.039188508064516125,-0.020192004788306465,-0.006958250497017893,-0.2669850654293933,-0.3589115194714383,False,0.013269469141960144,0.01163356751203537,0.009748801589012146,0.0127677321434021,0.01083366572856903,0.0101894810795784,0.012593954801559448,0.767578125
"Mixtral-8x7B, BOS","IOI (ii) S1, IO -> other names",21,27,-0.0068359375,-0.017578125,0.00390625,0.288,0.1015625,0.0009765625,-0.031344506048387094,-0.04183467741935484,-0.02113706527217743,-0.006065857885615251,-0.2669850654293933,-0.2720671442496158,False,0.0014841016381978989,0.0015342840924859047,0.013248085975646973,0.001348316203802824,0.001341906376183033,0.02055373042821884,0.013888254761695862,0.9176521301269531
"Mixtral-8x7B, BOS","IOI (ii) S1, IO -> other names",21,18,-0.0068359375,-0.017578125,0.00390625,0.2874,0.09375,-0.0009765625,-0.031344506048387094,-0.04139522429435484,-0.021925403225806453,-0.006065857885615251,-0.2669850654293933,-0.28943601929398033,False,0.0020191557705402374,0.0018514208495616913,0.0027849487960338593,0.0014387555420398712,0.001438092440366745,0.003994051367044449,0.0030631069093942642,0.9450759887695312
"Mixtral-8x7B, BOS","IOI (ii) S1, IO -> other names",17,3,-0.0078125,-0.0224609375,0.005859375,0.3487,0.140625,0.005859375,0.0013860887096774192,-0.009986139112903226,0.012885112147177412,-0.34782608695652173,-0.27518579694575024,-0.22864495663870457,False,0.08871722221374512,0.048310279846191406,0.08312273025512695,0.07076317071914673,0.06081962585449219,0.14085865020751953,0.03241163492202759,0.3240962028503418
"Mixtral-8x7B, BOS","IOI (ii) S1, IO -> other names",21,28,-0.0078125,-0.01953125,0.0048828125,0.278,0.1328125,-0.0068359375,-0.032352570564516125,-0.04205597908266129,-0.022555443548387098,-0.006932409012131715,-0.27518579694575024,-0.3415426444270738,False,0.00022086221724748611,0.00019915355369448662,0.009257663041353226,0.0001840614713728428,0.00016487948596477509,0.004749033600091934,0.014608807861804962,0.9141502380371094
"Mixtral-8x7B, BOS","IOI (ii) S1, IO -> other names",30,14,-0.0078125,-0.0185546875,0.0029296875,0.2099,0.09375,0.0068359375,-0.05279737903225806,-0.06281659526209678,-0.04293724798387097,-0.005095541401273885,-0.27518579694575024,-0.2199605191165223,False,0.03790956735610962,0.038030803203582764,0.07026028633117676,0.037401407957077026,0.034814685583114624,0.07933652400970459,0.04334980249404907,0.6072883605957031
"Mixtral-8x7B, BOS","IOI (ii) S1, IO -> other names",26,12,-0.0078125,-0.01953125,0.0029296875,0.2127,0.09375,-0.0029296875,-0.03055695564516129,-0.040133568548387094,-0.02094726562500002,-0.007952286282306162,-0.27518579694575024,-0.3068048943383448,False,0.006601996719837189,0.0035643260926008224,0.001821771264076233,0.004431415349245071,0.004167037084698677,0.004658449441194534,0.05306977033615112,0.8977127075195312
"Mixtral-8x7B, BOS","IOI (ii) S1, IO -> other names",26,4,-0.0078125,-0.0185546875,0.0029296875,0.1945,0.0859375,0.0078125,-0.03055695564516129,-0.04095262096774193,-0.02022429435483871,-0.007952286282306162,-0.27518579694575024,-0.21127608159434005,False,0.01879996433854103,0.004063977859914303,0.002483413554728031,0.011129483580589294,0.011222438886761665,0.004495029337704182,0.0013554291799664497,0.9553871154785156
"Mixtral-8x7B, BOS","IOI (ii) S1, IO -> other names",26,21,-0.0087890625,-0.0205078125,0.0029296875,0.2017,0.1171875,0.001953125,-0.03156502016129033,-0.040732894405241936,-0.022208921370967742,-0.008946322067594433,-0.2833865284621071,-0.2633827067274336,False,0.0011599939316511154,0.0013462649658322334,0.00926525890827179,0.0011897869408130646,0.0013453210704028606,0.008505046367645264,0.17795848846435547,0.6469707489013672
"Mixtral-8x7B, BOS","IOI (ii) S1, IO -> other names",31,12,-0.0087890625,-0.01953125,0.001953125,0.1455,0.0859375,-0.00830078125,-0.05582157258064516,-0.06470514112903225,-0.04693721648185485,-0.005531653349723417,-0.2833865284621071,-0.3545693007103472,False,0.0028169099241495132,0.0028879977762699127,0.0014981180429458618,0.0031575635075569153,0.003096632659435272,0.0034396350383758545,0.30815982818603516,0.5774765014648438
"Mixtral-8x7B, BOS","IOI (ii) S1, IO -> other names",31,9,-0.0087890625,-0.021484375,0.0048828125,0.2558,0.15625,-0.00341796875,-0.05582157258064516,-0.06776083669354839,-0.04322076612903226,-0.005531653349723417,-0.2833865284621071,-0.31114711309943593,False,5.892803892493248e-05,3.978842869400978e-05,1.101754605770111e-06,4.6513043344020844e-05,2.4209730327129364e-05,2.6263296604156494e-06,0.9958686828613281,0.0031465073116123676
"Mixtral-8x7B, BOS","IOI (ii) S1, IO -> other names",26,17,-0.0087890625,-0.01953125,0.001953125,0.1568,0.09375,0.0087890625,-0.03156502016129033,-0.04174174647177419,-0.02120085685483871,-0.008946322067594433,-0.2833865284621071,-0.20259164407215782,False,0.03971599042415619,0.014940798282623291,0.0043712519109249115,0.033644773066043854,0.0336628332734108,0.015060067176818848,0.004244469106197357,0.8697509765625
"Mixtral-8x7B, BOS","IOI (ii) S1, IO -> other names",26,15,-0.0087890625,-0.0205078125,0.00390625,0.2092,0.109375,-0.0009765625,-0.03156502016129032,-0.04230720766129032,-0.02135836693548387,-0.008946322067594433,-0.2833865284621071,-0.28943601929398033,False,0.007328733801841736,0.006381168961524963,0.02462676167488098,0.005560398101806641,0.006613872945308685,0.029182851314544678,0.04911196231842041,0.69866943359375
"Mixtral-8x7B, BOS","IOI (ii) S1, IO -> other names",21,25,-0.0087890625,-0.0205078125,0.0029296875,0.1874,0.109375,0.0,-0.03336063508064516,-0.04375708795362903,-0.02299332157258069,-0.00779896013864818,-0.2833865284621071,-0.28075158177179804,False,0.0011013830080628395,0.001074750442057848,0.03079390525817871,0.0011698286980390549,0.0010902243666350842,0.01775875687599182,0.019313618540763855,0.8408584594726562
"Mixtral-8x7B, BOS","IOI (ii) S1, IO -> other names",26,9,-0.009765625,-0.021484375,0.0029296875,0.1634,0.1171875,0.00390625,-0.03257308467741936,-0.04196068548387097,-0.02356272051411291,-0.009940357852882704,-0.29158725997846396,-0.24601383168306906,False,0.014295801520347595,0.014570757746696472,0.010606557130813599,0.013998918235301971,0.014589816331863403,0.017522752285003662,0.006126932799816132,0.8819198608398438
"Mixtral-8x7B, BOS","IOI (ii) S1, IO -> other names",26,31,-0.009765625,-0.0244140625,0.00390625,0.216,0.15625,-0.0029296875,-0.03257308467741935,-0.04413511214717742,-0.021389081401209684,-0.009940357852882704,-0.29158725997846396,-0.3068048943383448,False,0.0011136005632579327,0.0007259421981871128,0.0030286861583590508,0.0013261311687529087,0.000940780621021986,0.0025165406987071037,0.03472674638032913,0.09159818291664124
"Mixtral-8x7B, BOS","IOI (ii) S1, IO -> other names",30,11,-0.009765625,-0.021484375,0.001953125,0.1422,0.09375,0.0,-0.05481350806451613,-0.06665826612903225,-0.042842741935483875,-0.006369426751592357,-0.29158725997846396,-0.28075158177179804,False,0.005417264997959137,0.004119729623198509,0.0025700051337480545,0.003919057548046112,0.0037980228662490845,0.009153768420219421,0.19501066207885742,0.6797199249267578
"Mixtral-8x7B, BOS","IOI (ii) S1, IO -> other names",21,20,-0.009765625,-0.0234375,0.0048828125,0.215,0.15625,0.0009765625,-0.03436869959677419,-0.04605673513104839,-0.0229641822076613,-0.008665511265164644,-0.29158725997846396,-0.2720671442496158,False,0.0074979085475206375,0.008031992241740227,0.04025258123874664,0.005818329751491547,0.005762990564107895,0.05109018087387085,0.11762535572052002,0.4122762680053711
"Mixtral-8x7B, BOS","IOI (ii) S1, IO -> other names",17,2,-0.009765625,-0.0224609375,0.0029296875,0.1885,0.1328125,-0.001953125,-0.0006300403225806433,-0.009891633064516129,0.008537046370967742,-0.43478260869565216,-0.29158725997846396,-0.29812045681616256,False,0.07096868753433228,0.033167481422424316,0.061726510524749756,0.05105149745941162,0.042168498039245605,0.05116724967956543,0.00945817306637764,0.6002864837646484
"Mixtral-8x7B, BOS","IOI (ii) S1, IO -> other names",21,31,-0.0107421875,-0.0224609375,0.0009765625,0.0973,0.1015625,0.0009765625,-0.035376764112903226,-0.045331401209677415,-0.02567256804435486,-0.009532062391681109,-0.2997879914948208,-0.2720671442496158,False,0.00010385224595665932,0.00010982807725667953,0.009283211082220078,0.00010815216228365898,0.00011905375868082047,0.008554141968488693,0.0657307505607605,0.3399561643600464
"Mixtral-8x7B, BOS","IOI (ii) S1, IO -> other names",21,8,-0.0107421875,-0.0224609375,0.001953125,0.1195,0.1171875,-0.0009765625,-0.035376764112903226,-0.046466261340725803,-0.02457157258064516,-0.009532062391681109,-0.2997879914948208,-0.28943601929398033,False,0.022727027535438538,0.01836630329489708,0.038604140281677246,0.02095484361052513,0.018096670508384705,0.08936537802219391,0.008861042559146881,0.7917704582214355
"Mixtral-8x7B, BOS","IOI (ii) S1, IO -> other names",31,16,-0.0107421875,-0.037109375,0.015625,0.4641,0.3046875,-0.00634765625,-0.05783770161290323,-0.08272586945564514,-0.03225727696572582,-0.006760909649661954,-0.2997879914948208,-0.3372004256659827,False,0.06263929605484009,0.01857154071331024,0.1584223508834839,0.04240119457244873,0.03748208284378052,0.08409148454666138,0.02074262499809265,0.6268482208251953
"Mixtral-8x7B, BOS","IOI (ii) S1, IO -> other names",26,25,-0.0107421875,-0.0234375,0.001953125,0.1367,0.125,0.00390625,-0.03358114919354838,-0.04344128024193548,-0.023532006048387098,-0.010934393638170975,-0.2997879914948208,-0.24601383168306906,False,0.00736786425113678,0.004804067313671112,0.031110018491744995,0.004932798445224762,0.004947643727064133,0.025407254695892334,0.050502777099609375,0.7381458282470703
"Mixtral-8x7B, BOS","IOI (ii) S1, IO -> other names",17,5,-0.0107421875,-0.0234375,0.001953125,0.1211,0.125,0.0078125,-0.0016381048387096773,-0.012915826612903223,0.009734910534274183,-0.4782608695652174,-0.2997879914948208,-0.21127608159434005,False,0.003704313188791275,0.003712322562932968,0.05009499192237854,0.0035254359245300293,0.003481687977910042,0.04824405908584595,0.05285501480102539,0.5940008163452148
"Mixtral-8x7B, BOS","IOI (ii) S1, IO -> other names",26,10,-0.01171875,-0.0244140625,0.0,0.0838,0.1171875,0.00732421875,-0.03458921370967742,-0.044921875,-0.024477066532258063,-0.011928429423459244,-0.3079887230111777,-0.2156183003554312,False,0.003695470280945301,0.0037863468751311302,0.017084021121263504,0.004242219030857086,0.004595150239765644,0.021459907293319702,0.04462146759033203,0.3067747950553894
"Mixtral-8x7B, BOS","IOI (ii) S1, IO -> other names",26,11,-0.01171875,-0.0224609375,-0.0009765625,0.0502,0.078125,-0.0029296875,-0.03458921370967742,-0.044071320564516125,-0.02523232736895162,-0.011928429423459244,-0.3079887230111777,-0.3068048943383448,False,0.0025631580501794815,0.0024188701063394547,0.010214902460575104,0.0022756829857826233,0.002343027852475643,0.010582506656646729,0.02574262022972107,0.8756561279296875
"Mixtral-8x7B, BOS","IOI (ii) S1, IO -> other names",26,29,-0.01171875,-0.0224609375,-0.0009765625,0.0559,0.078125,-0.0029296875,-0.03458921370967742,-0.04353736139112903,-0.02605216733870968,-0.011928429423459244,-0.3079887230111777,-0.3068048943383448,False,0.0013935179449617863,0.0014211954548954964,0.000497705303132534,0.0014751385897397995,0.00152558833360672,0.0009977011941373348,0.034512460231781006,0.8816375732421875
"Mixtral-8x7B, BOS","IOI (ii) S1, IO -> other names",17,14,-0.01171875,-0.0283203125,0.0048828125,0.2056,0.1953125,-0.0009765625,-0.002646169354838709,-0.015530493951612902,0.010207440776209668,-0.5217391304347826,-0.3079887230111777,-0.28943601929398033,False,0.022231370210647583,0.014583714306354523,0.06936335563659668,0.015771441161632538,0.01548585295677185,0.07354545593261719,0.05772590637207031,0.42627763748168945
"Mixtral-8x7B, BOS","IOI (ii) S1, IO -> other names",17,9,-0.01171875,-0.0234375,0.0,0.0769,0.1015625,-0.0029296875,-0.0026461693548387065,-0.013011120211693549,0.007970010080645162,-0.5217391304347826,-0.3079887230111777,-0.3068048943383448,False,0.018121331930160522,0.020426779985427856,0.16573894023895264,0.01837882399559021,0.018518351018428802,0.11961627006530762,0.013021018356084824,0.6222696304321289
"Mixtral-8x7B, BOS","IOI (ii) S1, IO -> other names",26,23,-0.01171875,-0.0224609375,-0.0009765625,0.0464,0.078125,0.0009765625,-0.03458921370967742,-0.0447328629032258,-0.02469758064516129,-0.011928429423459244,-0.3079887230111777,-0.2720671442496158,False,0.0012473543174564838,0.0014221244491636753,0.004225490614771843,0.001486083958297968,0.0016939928755164146,0.008480221033096313,0.2772984504699707,0.3661808967590332
"Mixtral-8x7B, BOS","IOI (ii) S1, IO -> other names",26,22,-0.01171875,-0.0234375,0.0009765625,0.0877,0.1171875,-0.001953125,-0.03458921370967742,-0.04435483870967742,-0.024760584677419352,-0.011928429423459244,-0.3079887230111777,-0.29812045681616256,False,0.006776429712772369,0.006850920617580414,0.046767860651016235,0.006347790360450745,0.00623466819524765,0.04964829981327057,0.41524219512939453,0.19822025299072266
"Mixtral-8x7B, BOS","IOI (ii) S1, IO -> other names",26,0,-0.0126953125,-0.0244140625,-0.0009765625,0.0449,0.09375,0.0,-0.03559727822580645,-0.044764364919354836,-0.026397901965725817,-0.012922465208747515,-0.31618945452753455,-0.28075158177179804,False,0.0024791397154331207,0.0024826303124427795,0.005176316946744919,0.002677666023373604,0.0027345456182956696,0.006288893520832062,0.006728403270244598,0.9125099182128906
"Mixtral-8x7B, BOS","IOI (ii) S1, IO -> other names",26,20,-0.0126953125,-0.0234375,-0.001953125,0.0302,0.078125,0.001953125,-0.03559727822580645,-0.044921875,-0.02652469758064516,-0.012922465208747515,-0.31618945452753455,-0.2633827067274336,False,0.000986665952950716,0.0010150671005249023,0.006031636148691177,0.0008702352643013,0.0009401063434779644,0.009615227580070496,0.085868239402771,0.8001327514648438
"Mixtral-8x7B, BOS","IOI (ii) S1, IO -> other names",17,30,-0.0126953125,-0.0234375,-0.001953125,0.0353,0.078125,0.0126953125,-0.0036542338709677413,-0.013356854838709676,0.006331905241935484,-0.5652173913043478,-0.31618945452753455,-0.16785389398342881,False,0.00168553926050663,0.0020865201950073242,0.0009981673210859299,0.0013995617628097534,0.0015121158212423325,0.0006943047046661377,0.0054392144083976746,0.9654922485351562
"Mixtral-8x7B, BOS","IOI (ii) S1, IO -> other names",17,16,-0.013671875,-0.02734375,0.0009765625,0.0723,0.1171875,0.001953125,-0.0046622983870967735,-0.014207409274193547,0.005040322580645162,-0.6086956521739131,-0.3243901860438914,-0.2633827067274336,False,0.0097795519977808,0.007145634386688471,0.0646527111530304,0.0048667993396520615,0.004946300759911537,0.06447252631187439,0.1270846128463745,0.46575021743774414
"Mixtral-8x7B, BOS","IOI (ii) S1, IO -> other names",21,14,-0.013671875,-0.0244140625,-0.0029296875,0.0224,0.078125,-0.0009765625,-0.03840095766129032,-0.04819808467741935,-0.028635332661290324,-0.012131715771230503,-0.3243901860438914,-0.28943601929398033,False,0.005217693746089935,0.00533631443977356,0.03421233594417572,0.004803955554962158,0.004762537777423859,0.03245440870523453,0.042278826236724854,0.7533531188964844
"Mixtral-8x7B, BOS","IOI (ii) S1, IO -> other names",17,6,-0.013671875,-0.02734375,0.0,0.0733,0.1484375,0.005859375,-0.0046622983870967735,-0.014931955645161287,0.005796370967741933,-0.6086956521739131,-0.3243901860438914,-0.22864495663870457,False,0.00031707901507616043,0.00030058063566684723,0.040467262268066406,0.00030692480504512787,0.0003093201667070389,0.019059374928474426,0.1491074562072754,0.551518440246582
"Mixtral-8x7B, BOS","IOI (ii) S1, IO -> other names",26,13,-0.013671875,-0.025390625,-0.001953125,0.0309,0.09375,-0.001953125,-0.036605342741935484,-0.047284526209677415,-0.025956086189516153,-0.013916500994035786,-0.3243901860438914,-0.29812045681616256,False,0.0031064655631780624,0.0034589916467666626,0.0033636782318353653,0.0031092874705791473,0.003348216414451599,0.004688942804932594,0.008265748620033264,0.9386558532714844
"Mixtral-8x7B, BOS","IOI (ii) S1, IO -> other names",31,11,-0.0146484375,-0.0263671875,-0.0029296875,0.0219,0.09375,-0.0009765625,-0.06186995967741936,-0.07195217993951614,-0.051347498739919374,-0.00921942224953903,-0.3325909175602483,-0.28943601929398033,False,0.0018986333161592484,0.0016741086728870869,0.0004384606145322323,0.002013381104916334,0.0018297559581696987,0.0019295644015073776,0.8315114974975586,0.09717929363250732
"Mixtral-8x7B, BOS","IOI (ii) S1, IO -> other names",21,29,-0.0146484375,-0.0263671875,-0.0029296875,0.0234,0.09375,0.00390625,-0.03940902217741935,-0.048987210181451614,-0.029894625756048395,-0.012998266897746967,-0.3325909175602483,-0.24601383168306906,False,0.00016028806567192078,0.00016896240413188934,0.006822144612669945,0.00012846197932958603,0.00016538426280021667,0.005298571661114693,0.03196340799331665,0.8633308410644531
"Mixtral-8x7B, BOS","IOI (ii) S1, IO -> other names",21,30,-0.0146484375,-0.025390625,-0.0029296875,0.0199,0.0859375,-0.0126953125,-0.03940902217741935,-0.04926915322580645,-0.02923308341733872,-0.012998266897746967,-0.3325909175602483,-0.3936492695601673,False,2.9478222131729126e-05,2.2165942937135696e-05,0.0029851500876247883,2.0050443708896637e-05,1.643085852265358e-05,0.0011222725734114647,0.22107172012329102,0.6861686706542969
"Mixtral-8x7B, BOS","IOI (ii) S1, IO -> other names",21,19,-0.0146484375,-0.0263671875,-0.001953125,0.0296,0.09375,-0.00390625,-0.03940902217741936,-0.050877331149193544,-0.027973002772177433,-0.012998266897746967,-0.3325909175602483,-0.3154893318605271,False,0.008726537227630615,0.009263329207897186,0.012709096074104309,0.009795315563678741,0.00986751914024353,0.014043331146240234,0.02164410427212715,0.9101409912109375
"Mixtral-8x7B, BOS","IOI (ii) S1, IO -> other names",30,27,-0.0146484375,-0.0263671875,-0.0029296875,0.0219,0.0625,-0.01171875,-0.05985383064516129,-0.07157336819556452,-0.04788306451612903,-0.009554140127388535,-0.3325909175602483,-0.3849648320379851,False,0.021652638912200928,0.02523583173751831,0.09461376070976257,0.02975928783416748,0.028081238269805908,0.06534133851528168,0.029208391904830933,0.5355510711669922
"Mixtral-8x7B, BOS","IOI (ii) S1, IO -> other names",30,20,-0.0146484375,-0.0244140625,-0.005859375,0.0037,0.0390625,-0.00048828125,-0.059853830645161296,-0.07037550403225806,-0.04955188382056453,-0.009554140127388535,-0.3325909175602483,-0.2850938005328892,False,0.0017244210466742516,0.0017066160216927528,0.0027270428836345673,0.0014177057892084122,0.0014487765729427338,0.0032538436353206635,0.05391359329223633,0.8672046661376953
"Mixtral-8x7B, BOS","IOI (ii) S1, IO -> other names",21,22,-0.0166015625,-0.02932128906249999,-0.0029296875,0.0259,0.1171875,0.01171875,-0.04142515120967742,-0.05238785282258064,-0.02986391129032258,-0.014731369150779897,-0.34899238059296206,-0.17653833150561105,False,0.01387903094291687,0.01469525694847107,0.01865283027291298,0.013866521418094635,0.013463020324707031,0.05105188488960266,0.1084061861038208,0.7266788482666016
"Mixtral-8x7B, BOS","IOI (ii) S1, IO -> other names",21,12,-0.0166015625,-0.0283203125,-0.0048828125,0.0103,0.09375,-0.00244140625,-0.04142515120967742,-0.05200982862903226,-0.03128150201612903,-0.014731369150779897,-0.34899238059296206,-0.3024626755772537,False,0.0012985286302864552,0.0012665074318647385,0.025244615972042084,0.0010539977811276913,0.0010849395766854286,0.02863830327987671,0.0717121958732605,0.42095279693603516
"Mixtral-8x7B, BOS","IOI (ii) S1, IO -> other names",21,15,-0.0166015625,-0.0283203125,-0.005859375,0.0062,0.078125,0.001953125,-0.04142515120967742,-0.05065524193548387,-0.03219427293346776,-0.014731369150779897,-0.34899238059296206,-0.2633827067274336,False,0.0012159598991274834,0.001293477602303028,0.020062007009983063,0.0010765120387077332,0.001173732802271843,0.018948443233966827,0.05687752366065979,0.6883888244628906
"Mixtral-8x7B, BOS","IOI (ii) S1, IO -> other names",26,26,-0.0166015625,-0.0283203125,-0.0048828125,0.0103,0.078125,-0.0009765625,-0.03962953629032258,-0.04930144279233871,-0.02976861769153227,-0.016898608349900597,-0.34899238059296206,-0.28943601929398033,False,0.0030216090381145477,0.0025451481342315674,0.014208689332008362,0.002373369410634041,0.002545369789004326,0.015056714415550232,0.04626041650772095,0.7328758239746094
"Mixtral-8x7B, BOS","IOI (ii) S1, IO -> other names",17,8,-0.017578125,-0.03125,-0.0048828125,0.0121,0.09375,0.01171875,-0.008694556451612902,-0.021043346774193547,0.00362273185483871,-0.782608695652174,-0.3571931121093189,-0.17653833150561105,False,0.006555553525686264,0.007602967321872711,0.0012193508446216583,0.006705082952976227,0.0075218565762043,0.0019693970680236816,0.01683424413204193,0.8901329040527344
"Mixtral-8x7B, BOS","IOI (ii) S1, IO -> other names",21,21,-0.017578125,-0.029296875,-0.0068359375,0.0043,0.0703125,-0.013671875,-0.042433215725806446,-0.051852318548387094,-0.033707157258064516,-0.01559792027729636,-0.3571931121093189,-0.40233370708234956,False,0.01484939455986023,0.01322716474533081,0.05568200349807739,0.0157032273709774,0.01513468474149704,0.04698061943054199,0.2013540267944336,0.458831787109375
"Mixtral-8x7B, BOS","IOI (ii) S1, IO -> other names",17,23,-0.0185546875,-0.033203125,-0.00390625,0.019,0.1171875,-0.0009765625,-0.009702620967741934,-0.020130575856854842,0.00018901209677419384,-0.8260869565217391,-0.3653938436256758,-0.28943601929398033,False,0.004048235714435577,0.003672577440738678,0.0842902660369873,0.004115749150514603,0.0035673752427101135,0.07658708095550537,0.07638609409332275,0.39665985107421875
"Mixtral-8x7B, BOS","IOI (ii) S1, IO -> other names",26,8,-0.0185546875,-0.03125,-0.0048828125,0.0103,0.09375,0.0,-0.04164566532258064,-0.05358492943548386,-0.030430160030241946,-0.018886679920477135,-0.3653938436256758,-0.28075158177179804,False,0.002405839040875435,0.0021210452541708946,0.0092792809009552,0.0024490468204021454,0.0025675762444734573,0.012456044554710388,0.09538888931274414,0.20009636878967285
"Mixtral-8x7B, BOS","IOI (ii) S1, IO -> other names",30,19,-0.01953125,-0.033203125,-0.0068359375,0.007,0.078125,-0.01953125,-0.06489415322580645,-0.07806278351814516,-0.05182081653225807,-0.012738853503184714,-0.37359457514203265,-0.45444033221544305,False,0.02988705039024353,0.025335311889648438,0.019482851028442383,0.026215389370918274,0.023803159594535828,0.028809666633605957,0.35768795013427734,0.2718052864074707
"Mixtral-8x7B, BOS","IOI (ii) S1, IO -> other names",17,4,-0.0205078125,-0.03515625,-0.005859375,0.011,0.140625,-0.0029296875,-0.01171875,-0.02359501008064516,0.00025201612903225784,-0.9130434782608695,-0.3817953066583895,-0.3068048943383448,False,0.00235946848988533,0.002291847951710224,0.19264554977416992,0.0020784400403499603,0.002079879865050316,0.17973661422729492,0.06243586540222168,0.2128620147705078
"Mixtral-8x7B, BOS","IOI (ii) S1, IO -> other names",30,15,-0.0224609375,-0.0361328125,-0.009765625,0.0017,0.109375,-0.00390625,-0.06791834677419356,-0.0796693863407258,-0.0559782951108871,-0.01464968152866242,-0.3981967696911033,-0.3154893318605271,False,0.0002132202498614788,0.0001663179136812687,0.00013411697000265121,0.0002556378021836281,0.00022274861112236977,0.00010765716433525085,0.9818077087402344,0.010984212160110474
"Mixtral-8x7B, BOS","IOI (ii) S1, IO -> other names",17,27,-0.0224609375,-0.0361328125,-0.0078125,0.004,0.125,0.00390625,-0.013734879032258063,-0.02444556451612903,-0.0032132056451612914,-1.0,-0.3981967696911033,-0.24601383168306906,False,0.04965439438819885,0.0378628671169281,0.057795554399490356,0.023984640836715698,0.024046458303928375,0.08492442965507507,0.06630289554595947,0.5125246047973633
"Mixtral-8x7B, BOS","IOI (ii) S1, IO -> other names",31,8,-0.025390625,-0.0390625,-0.01171875,0.0006,0.09375,-0.0068359375,-0.07295866935483872,-0.08483492943548387,-0.06092489919354839,-0.015980331899200985,-0.4227989642401739,-0.3415426444270738,False,0.00014585768803954124,0.00010210555046796799,4.819594323635101e-06,0.00010174186900258064,0.00010888278484344482,7.451511919498444e-06,0.9980354309082031,0.00017630122601985931
"Mixtral-8x7B, BOS","IOI (ii) S1, IO -> other names",17,24,-0.0302734375,-0.046875,-0.013671875,0.0005,0.1328125,-0.0263671875,-0.02179939516129032,-0.035818579889112905,-0.00818737399193553,-1.3478260869565217,-0.46380262182195825,-0.5152313948707188,False,0.17495030164718628,0.012364987283945084,0.01425345242023468,0.061129942536354065,0.05060971528291702,0.02990049123764038,0.03529004752635956,0.4232182502746582
"Mixtral-8x7B, BOS","IOI (ii) S1, IO -> other names",17,17,-0.03515625,-0.0498046875,-0.0205078125,0.0,0.078125,-0.02734375,-0.026839717741935484,-0.039283801663306445,-0.014711441532258066,-1.565217391304348,-0.5048062794037426,-0.5239158323929011,False,0.014333084225654602,0.010302886366844177,0.08367645740509033,0.0107211172580719,0.010243088006973267,0.08050692081451416,0.07832324504852295,0.39678478240966797
"Mixtral-8x7B, BOS","IOI (ii) S1, IO -> other names",17,18,-0.04296875,-0.0595703125,-0.0263671875,0.0,0.09375,-0.02197265625,-0.034904233870967735,-0.048735194052419356,-0.021326077368951625,-1.9130434782608696,-0.5704121315345976,-0.4761514260208987,False,0.006163461599498987,0.00837553571909666,0.14702564477920532,0.006366771645843983,0.006495277397334576,0.243363618850708,0.040267616510391235,0.25473499298095703
"Mixtral-8x7B, BOS","IOI (ii) S1, IO -> other names",21,9,-0.044921875,-0.0625,-0.02734375,0.0,0.109375,-0.029296875,-0.07065902217741936,-0.08754410282258063,-0.05455991683467744,-0.03986135181975736,-0.5868135945673113,-0.5412847074372655,False,0.0507754385471344,0.05659395456314087,0.14771008491516113,0.08105695247650146,0.08784401416778564,0.2687937021255493,0.016568005084991455,0.5395059585571289
"Mixtral-8x7B, BOS","IOI (ii) S1, IO -> other names",17,26,-0.0478515625,-0.0673828125,-0.0302734375,0.0,0.125,-0.0458984375,-0.0399445564516129,-0.05654848160282258,-0.02454007056451613,-2.130434782608696,-0.611415789116382,-0.6889201453143639,False,0.42883992195129395,0.052424557507038116,0.04918638616800308,0.16100150346755981,0.12668311595916748,0.09482830762863159,0.005500275641679764,0.3106505870819092
"Mixtral-8x7B, BOS","IOI (ii) S1, IO -> other names",17,31,-0.05859375,-0.076171875,-0.041015625,0.0,0.078125,-0.0517578125,-0.05103326612903226,-0.06612351940524194,-0.03578471522177422,-2.608695652173913,-0.7016238357963075,-0.7410267704474574,False,0.06787824630737305,0.0792241096496582,0.16240406036376953,0.06122612953186035,0.07178139686584473,0.13836455345153809,0.009602829813957214,0.5122909545898438
"Mixtral-8x7B, BOS","IOI (ii) S1, IO -> other names",31,26,-0.0595703125,-0.0751953125,-0.0439453125,0.0,0.0390625,-0.05126953125,-0.10824092741935484,-0.12226089969758067,-0.09456826486895163,-0.037492317148125384,-0.7098245673126644,-0.7366845516863663,False,0.014193065464496613,0.012642189860343933,0.03133583068847656,0.01381102204322815,0.01274588331580162,0.026906579732894897,0.6081657409667969,0.11399078369140625
"Mixtral-8x7B, BOS","IOI (ii) S1, IO -> other names",21,7,-0.0966796875,-0.126953125,-0.0673828125,0.0,0.1484375,-0.0791015625,-0.12408644153225806,-0.15388892389112901,-0.09573383946572582,-0.08578856152512998,-1.0214523649342255,-0.9841910210685604,False,0.1229202151298523,0.093253493309021,0.05540388822555542,0.09209603071212769,0.08855125308036804,0.06541609764099121,0.032231688499450684,0.3708772659301758
"Mixtral-8x7B, BOS","IOI (ii) S1, IO -> other names",31,20,-0.1357421875,-0.154296875,-0.1181640625,0.0,0.0234375,-0.123046875,-0.18686995967741934,-0.20508048765120968,-0.1685980027721774,-0.08543331284572833,-1.3494816255885003,-1.3749907095667615,False,0.021932825446128845,0.020462162792682648,0.006782591342926025,0.021557077765464783,0.020398586988449097,0.016984403133392334,0.34295129776000977,0.40688419342041016
"Mixtral-8x7B, BOS","IOI (ii) S1, IO -> other names",30,28,-0.1923828125,-0.216796875,-0.1669921875,0.0,0.0078125,-0.17236328125,-0.24332157258064516,-0.2699092741935484,-0.2158203125,-0.12547770700636943,-1.8251240535371986,-1.8135548044369652,False,0.002982489764690399,0.0026376936584711075,0.003105219453573227,0.0028624124825000763,0.002830882091075182,0.003842230886220932,0.7386589050292969,0.1772603988647461
