run,donors,ordering,k,r,lo,hi,r_ceiling,per_case_median,top1_frac
cf_qwen3,mean,oracle,1,0.20096081537074534,0.1824377003533294,0.22052621687748822,0.3786929628659136,0.19659776985645294,0.013888888888888888
cf_qwen3,mean,oracle,2,0.29372374196659856,0.271398976853906,0.3171791601332687,0.5534965306753361,0.2811373770236969,0.027777777777777776
cf_qwen3,mean,oracle,3,0.3503280145057978,0.32702168629322564,0.3756939166793546,0.6601622985226311,0.34263935685157776,0.027777777777777776
cf_qwen3,mean,oracle,4,0.3841030277056054,0.35917973148545834,0.4104540673705518,0.7238083371589393,0.37621381878852844,0.03009259259259259
cf_qwen3,mean,oracle,5,0.40673151702681054,0.38086365039583686,0.43350142446064766,0.766449732947555,0.3985016345977783,0.032407407407407406
cf_qwen3,mean,oracle,6,0.4253958074934358,0.3987247407163625,0.4527639106248984,0.8016209450246794,0.4169236719608307,0.04398148148148148
cf_qwen3,mean,oracle,7,0.4400074929859472,0.4124033383768621,0.46815329832679575,0.8291553798418141,0.42580080032348633,0.05092592592592592
cf_qwen3,mean,oracle,8,0.4500196160368683,0.42209193805412415,0.4783310186521537,0.8480223442086564,0.4335176348686218,0.05092592592592592
cf_qwen3,mean,oracle,9,0.45868583035820315,0.43039216349375486,0.4874846591055284,0.8643530620758325,0.44853344559669495,0.06481481481481481
cf_qwen3,mean,oracle,10,0.4657896594388493,0.43731445183128903,0.4947627043765673,0.8777396025179577,0.4605112075805664,0.06018518518518518
cf_qwen3,mean,oracle,12,0.4774575282643797,0.44867139311247584,0.5066311905794504,0.8997266740160471,0.4749373495578766,0.06944444444444445
cf_qwen3,mean,oracle,16,0.49404718227564404,0.46516104965036476,0.5233248163126408,0.9309884163554975,0.4926808476448059,0.0763888888888889
cf_qwen3,mean,oracle,24,0.5148298973871689,0.4854360522158286,0.5442320776795223,0.9701516131581277,0.5044842958450317,0.09490740740740741
cf_qwen3,mean,oracle,32,0.5282700043420226,0.4990155038253858,0.5573862310108888,0.9954783113732925,0.5135653614997864,0.10648148148148148
cf_qwen3,mean,oracle,48,0.5439698214656233,0.5140137357443169,0.5737331301200427,1.0250632344440955,0.5418152809143066,0.11574074074074074
cf_qwen3,mean,oracle,64,0.5544859366207302,0.5246011722784063,0.5842798255803159,1.044879927557027,0.5475832223892212,0.12037037037037036
cf_qwen3,mean,oracle,96,0.5754694248116039,0.5457863837701488,0.605094492825492,1.0844214635505194,0.5708418488502502,0.12962962962962962
cf_qwen3,mean,oracle,128,0.5888954874846802,0.5596798606170147,0.6177703128739999,1.1097216965532108,0.6043866872787476,0.16203703703703703
cf_qwen3,mean,oracle,192,0.5967561348639128,0.5673448315810331,0.6258568164584094,1.1245343944445585,0.6071932911872864,0.16203703703703703
cf_qwen3,mean,oracle,256,0.6028924641633401,0.5726027664994631,0.6325659607058477,1.136097766733002,0.6078673601150513,0.18055555555555555
cf_qwen3,mean,oracle,320,0.6068806250992128,0.576801600428618,0.6362380565978502,1.1436131048769353,0.612008810043335,0.19212962962962962
cf_qwen3,mean,oracle,384,0.5110570181399235,0.46919869977175765,0.550871511083028,0.9630419544018234,0.5121061205863953,0.06712962962962964
cf_qwen3,mean,pop,1,0.09738598430404075,0.07553141374122223,0.12089591347289673,0.1835153130209643,0.06964483857154846,0.0023148148148148147
cf_qwen3,mean,pop,2,0.16269282422889142,0.1372691824185965,0.1897020361026643,0.30658030288441535,0.11624355614185333,0.009259259259259259
cf_qwen3,mean,pop,3,0.19726100610643657,0.17060202500145188,0.22492166227410884,0.3717209980589684,0.18822583556175232,0.006944444444444444
cf_qwen3,mean,pop,4,0.2336617426122082,0.20691239524947613,0.26064964103008426,0.4403149810821821,0.2330513298511505,0.009259259259259259
cf_qwen3,mean,pop,5,0.2620448490945776,0.23497785016873438,0.2892802260577495,0.4938004462427294,0.2609824538230896,0.02546296296296296
cf_qwen3,mean,pop,6,0.28175347980862553,0.25411515960511066,0.30903405826956726,0.5309396255666379,0.2783522605895996,0.023148148148148147
cf_qwen3,mean,pop,7,0.3010638719528149,0.2720454605772693,0.32881445417078914,0.5673283593687712,0.3008151352405548,0.02546296296296296
cf_qwen3,mean,pop,8,0.31736600300174994,0.28682820887355265,0.3474479249413243,0.5980482900008218,0.3058735728263855,0.034722222222222224
cf_qwen3,mean,pop,9,0.33052849954312824,0.3007180539340194,0.36004205740452955,0.6228518558341464,0.3117373585700989,0.034722222222222224
cf_qwen3,mean,pop,10,0.3478146560610092,0.317837924377959,0.37874840203735,0.6554260958233876,0.3416745662689209,0.037037037037037035
cf_qwen3,mean,pop,12,0.369382282119672,0.3402976604325952,0.3982051846680113,0.696068388198004,0.3523711562156677,0.041666666666666664
cf_qwen3,mean,pop,16,0.40755278047463894,0.37751405478730155,0.438465150099504,0.7679973316064171,0.39586031436920166,0.046296296296296294
cf_qwen3,mean,pop,24,0.44843988412303865,0.4167414546517429,0.47942394230240143,0.8450454785053683,0.4480555057525635,0.05555555555555555
cf_qwen3,mean,pop,32,0.475179641292003,0.4428817761079281,0.5065613901686088,0.895434196574355,0.4810558557510376,0.0625
cf_qwen3,mean,pop,48,0.5005197819576337,0.4676973943738902,0.5314525834114964,0.9431854605727774,0.5129750967025757,0.07407407407407407
cf_qwen3,mean,pop,64,0.5127973972756111,0.47936414680170947,0.544198970142823,0.9663215456504342,0.5252387523651123,0.08564814814814815
cf_qwen3,mean,pop,96,0.5242611878647457,0.4909516987653742,0.5559960915983828,0.9879240496802107,0.5229783058166504,0.09259259259259259
cf_qwen3,mean,pop,128,0.5304710527215322,0.4979420727700931,0.5616842516931945,0.9996259932520208,0.5368587970733643,0.08796296296296297
cf_qwen3,mean,pop,192,0.5467624395723627,0.5159068224624629,0.5774772680541421,1.030325677388722,0.5627840757369995,0.1087962962962963
cf_qwen3,mean,pop,256,0.5584782281164747,0.526416744238292,0.5892955712427159,1.0524030493773617,0.5649163126945496,0.125
cf_qwen3,mean,pop,320,0.5653688980640765,0.5329004764654008,0.5969135756439683,1.0653879102009725,0.5682854652404785,0.12962962962962962
cf_qwen3,mean,pop,384,0.5110570181399235,0.46919869977175765,0.550871511083028,0.9630419544018234,0.5121061205863953,0.06712962962962964
cf_qwen3,mean,layerwise,1,0.09742068555660179,0.0753641465537178,0.12105665449164801,0.18358070447612562,0.06355194002389908,0.0023148148148148147
cf_qwen3,mean,layerwise,2,0.1382573921942763,0.11666593101842199,0.1608858052556366,0.26053388264559635,0.1106305941939354,0.009259259259259259
cf_qwen3,mean,layerwise,3,0.15498006779446835,0.13373377781835427,0.17702041398418075,0.2920462924574254,0.135944202542305,0.009259259259259259
cf_qwen3,mean,layerwise,4,0.1597415688059901,0.13831094133855745,0.18182315250925027,0.3010189218847875,0.14446380734443665,0.009259259259259259
cf_qwen3,mean,layerwise,5,0.1650029323723639,0.14408482914907872,0.1869402805236293,0.3109334982861077,0.14869114756584167,0.009259259259259259
cf_qwen3,mean,layerwise,6,0.16727255694261814,0.14667263665890054,0.1887909559468358,0.31521040595846767,0.15483012795448303,0.009259259259259259
cf_qwen3,mean,layerwise,7,0.16861103185373807,0.14795064790728207,0.1902376989226686,0.3177326440817485,0.1570327877998352,0.009259259259259259
cf_qwen3,mean,layerwise,8,0.16981565896423179,0.1495826779953072,0.19109965997429185,0.320002657809449,0.1588314175605774,0.009259259259259259
cf_qwen3,mean,layerwise,9,0.20319078067437904,0.17947202268377263,0.2278558466745185,0.38289513614214804,0.18920142948627472,0.013888888888888888
cf_qwen3,mean,layerwise,10,0.23609247899405927,0.21107861654587587,0.26133944586271185,0.44489548977832244,0.21930666267871857,0.013888888888888888
cf_qwen3,mean,layerwise,12,0.26500684421396103,0.23810662776471925,0.29213983004817035,0.4993820652547956,0.2557204067707062,0.020833333333333332
cf_qwen3,mean,layerwise,16,0.2741390436293124,0.24655785379988934,0.30161360076381244,0.5165908910037442,0.2646620571613312,0.020833333333333332
cf_qwen3,mean,layerwise,24,0.3672745964148283,0.34141706439760405,0.3933084182782707,0.6920966400595179,0.3485957384109497,0.034722222222222224
cf_qwen3,mean,layerwise,32,0.42112673298152375,0.3929615874943747,0.4487512996054508,0.7935762499798827,0.409831702709198,0.05555555555555555
cf_qwen3,mean,layerwise,48,0.4680245831990223,0.43960635274178966,0.4955612872121219,0.8819511195689705,0.4528409242630005,0.0763888888888889
cf_qwen3,mean,layerwise,64,0.48866106044066593,0.4611161258336105,0.5157757946475119,0.9208387439813995,0.48843276500701904,0.09027777777777778
cf_qwen3,mean,layerwise,96,0.5126379362955183,0.4827278850903326,0.541693167949321,0.9660210554732747,0.5192592144012451,0.09953703703703703
cf_qwen3,mean,layerwise,128,0.531217126709732,0.50098025340252,0.5605495034974158,1.0010319039943083,0.5375968813896179,0.11342592592592593
cf_qwen3,mean,layerwise,192,0.5456743117234044,0.5152593230705539,0.5753767811551438,1.0282751962621466,0.5640454292297363,0.12037037037037036
cf_qwen3,mean,layerwise,256,0.5474795969555558,0.5166924163921995,0.5773613983502432,1.0316770973348517,0.5585474967956543,0.12037037037037036
cf_qwen3,mean,layerwise,320,0.5491683924095698,0.5183291382916173,0.5792852614835156,1.0348594836770608,0.5567492246627808,0.12268518518518519
cf_qwen3,mean,layerwise,384,0.5110570181399235,0.46919869977175765,0.550871511083028,0.9630419544018234,0.5121061205863953,0.06712962962962964
cf_qwen3,mean,dla,1,0.18484525600581683,0.16397185307630754,0.2061059877735025,0.3483246101455717,0.18117310106754303,0.011574074074074073
cf_qwen3,mean,dla,2,0.2793081302201502,0.25804561890539485,0.3017851504946396,0.5263315795692415,0.27761203050613403,0.02546296296296296
cf_qwen3,mean,dla,3,0.34060284757622467,0.31651574890767953,0.36637437284384133,0.6418360777012669,0.332713782787323,0.027777777777777776
cf_qwen3,mean,dla,4,0.3807471820063941,0.35607578045298444,0.40648689250795605,0.7174845414059682,0.37197262048721313,0.032407407407407406
cf_qwen3,mean,dla,5,0.40713083718864107,0.38224208040755747,0.4330179957470587,0.7672022166341718,0.39605623483657837,0.03935185185185185
cf_qwen3,mean,dla,6,0.42734015894221167,0.40281020391205374,0.45274668082344216,0.8052849041384558,0.4200902581214905,0.04861111111111111
cf_qwen3,mean,dla,7,0.4480633868764482,0.42298554197172383,0.473874565467829,0.844336002593066,0.44241011142730713,0.05092592592592592
cf_qwen3,mean,dla,8,0.46612040512075853,0.4410512681754142,0.4917562161882979,0.8783628636348388,0.4669729173183441,0.0625
cf_qwen3,mean,dla,9,0.47946467174019275,0.45351460580732506,0.5053749727805441,0.9035089591762181,0.47398263216018677,0.0763888888888889
cf_qwen3,mean,dla,10,0.4911622842607397,0.46499339997600764,0.5169879479745253,0.9255520800487671,0.49010127782821655,0.0787037037037037
cf_qwen3,mean,dla,12,0.5132016783878236,0.4864350570775457,0.5392835883158901,0.9670833778112562,0.5200175642967224,0.09027777777777778
cf_qwen3,mean,dla,16,0.5457720619404504,0.5179670208824735,0.5726715015744107,1.0284593979397005,0.5559768080711365,0.1087962962962963
cf_qwen3,mean,dla,24,0.5819662432988505,0.5524636681280307,0.6105851333201717,1.0966641459739486,0.5901103615760803,0.1388888888888889
cf_qwen3,mean,dla,32,0.6027836626539225,0.572957318616039,0.6316304220730389,1.13589273986799,0.6155776381492615,0.1527777777777778
cf_qwen3,mean,dla,48,0.6243892907897327,0.5946872202009174,0.6536626609239138,1.1766066438110778,0.6489661931991577,0.17592592592592593
cf_qwen3,mean,dla,64,0.634579053231782,0.6046021091268097,0.6646971066069483,1.195808353970148,0.656209409236908,0.18287037037037038
cf_qwen3,mean,dla,96,0.6448902661423289,0.6144872218581301,0.6751256261995928,1.2152389268439319,0.667565107345581,0.18981481481481483
cf_qwen3,mean,dla,128,0.6481513536092713,0.6176615967692868,0.6785667206090517,1.2213841590512307,0.6674140691757202,0.1875
cf_qwen3,mean,dla,192,0.6488354651897439,0.6176983597594199,0.6793462922691054,1.2226733070916687,0.6682174205780029,0.19212962962962962
cf_qwen3,mean,dla,256,0.6475044254828868,0.616274556956331,0.6778654294715363,1.2201650799561847,0.6666742563247681,0.18981481481481483
cf_qwen3,mean,dla,320,0.6387101471405104,0.6077831662266714,0.6688743037012179,1.2035930367168197,0.655657172203064,0.1875
cf_qwen3,mean,dla,384,0.5110570181399235,0.46919869977175765,0.550871511083028,0.9630419544018234,0.5121061205863953,0.06712962962962964
cf_qwen3,mean,vnorm,1,0.09832622226969787,0.07182725726684654,0.1259664782387164,0.18528710868350093,0.07392431050539017,0.009259259259259259
cf_qwen3,mean,vnorm,2,0.14939895771901834,0.1216397919222823,0.1776307315049383,0.28152918191199994,0.13280537724494934,0.004629629629629629
cf_qwen3,mean,vnorm,3,0.17341301706193882,0.14328478452159832,0.2035530314869442,0.32678156241329975,0.14384718239307404,0.004629629629629629
cf_qwen3,mean,vnorm,4,0.19175508127117516,0.1598399415640278,0.22325778357538992,0.3613455674789545,0.1763688027858734,0.004629629629629629
cf_qwen3,mean,vnorm,5,0.20844718730002076,0.17625833734037397,0.24157196853752924,0.3928003716250951,0.195071741938591,0.011574074074074073
cf_qwen3,mean,vnorm,6,0.21322851668906712,0.17806965166906896,0.24808938557534727,0.40181036588410235,0.18099066615104675,0.0023148148148148147
cf_qwen3,mean,vnorm,7,0.22502362142031707,0.18910197993173117,0.25967237994739345,0.42403720224396835,0.19162587821483612,0.004629629629629629
cf_qwen3,mean,vnorm,8,0.23723679288768268,0.19930264057373048,0.2738025316611786,0.44705184855913954,0.21575546264648438,0.0023148148148148147
cf_qwen3,mean,vnorm,9,0.24584186500442357,0.20841194191253826,0.282279102508159,0.46326734932505576,0.22761985659599304,0.0023148148148148147
cf_qwen3,mean,vnorm,10,0.25271766228899506,0.21419761227966766,0.2892571437469872,0.47622418392465715,0.2356114685535431,0.004629629629629629
cf_qwen3,mean,vnorm,12,0.26894129879143075,0.2293565941369093,0.30618921488882933,0.5067961984949232,0.24418088793754578,0.009259259259259259
cf_qwen3,mean,vnorm,16,0.3035764053183283,0.26457602900694216,0.34112768923299813,0.5720630072787649,0.2910987138748169,0.018518518518518517
cf_qwen3,mean,vnorm,24,0.3575194259401067,0.31787001072213344,0.3959953224248588,0.6737138801989994,0.3245183229446411,0.02546296296296296
cf_qwen3,mean,vnorm,32,0.3907309579141885,0.3504881116657478,0.42967286334655164,0.7362980880774271,0.37377220392227173,0.032407407407407406
cf_qwen3,mean,vnorm,48,0.43926802684459193,0.3978392466226687,0.47936737619012654,0.8277619210051138,0.425315260887146,0.05324074074074074
cf_qwen3,mean,vnorm,64,0.46429998710951403,0.42307661779427413,0.5039309283263274,0.8749324461723059,0.46055251359939575,0.0625
cf_qwen3,mean,vnorm,96,0.4929226967388617,0.45230534387773846,0.5319226318478472,0.9288694223673492,0.49866318702697754,0.0625
cf_qwen3,mean,vnorm,128,0.5038924088422984,0.46283471505853696,0.5432600431846217,0.9495408789922273,0.5055853724479675,0.06481481481481481
cf_qwen3,mean,vnorm,192,0.5139061847317645,0.47257720037648027,0.5535767930047277,0.9684109579877827,0.5235443115234375,0.06712962962962964
cf_qwen3,mean,vnorm,256,0.5150017513942614,0.47302788817202107,0.5552458991587589,0.9704754569035174,0.5103172063827515,0.06944444444444445
cf_qwen3,mean,vnorm,320,0.5147778473923753,0.47295961609992243,0.5549801102957486,0.9700535295257081,0.5242010951042175,0.06712962962962964
cf_qwen3,mean,vnorm,384,0.5110570181399235,0.46919869977175765,0.550871511083028,0.9630419544018234,0.5121061205863953,0.06712962962962964
cf_qwen3,mean,weight,1,0.005217108999448334,-0.003196009124138708,0.014823467660608866,0.009831182566365717,0.0,0.0
cf_qwen3,mean,weight,2,0.008526942917452606,-0.002483738694588453,0.02097532180018474,0.016068273168783714,0.0,0.0
cf_qwen3,mean,weight,3,0.021016071272759954,0.005951682852146199,0.03806417295704316,0.03960293594251235,0.005655449815094471,0.0
cf_qwen3,mean,weight,4,0.03884092277695429,0.020693168204202646,0.058127763964546865,0.07319229920377893,0.00824773870408535,0.0
cf_qwen3,mean,weight,5,0.04267044870213997,0.023358900781897982,0.06279934163691894,0.0804087036371753,0.01080216933041811,0.0
cf_qwen3,mean,weight,6,0.04815736987054207,0.028781135816636556,0.0682394409184173,0.09074832348018062,0.017161190509796143,0.0
cf_qwen3,mean,weight,7,0.05032702134861872,0.02960712323775033,0.07101414050880331,0.09483684066251517,0.013698916882276535,0.0
cf_qwen3,mean,weight,8,0.0558907807553131,0.03450157209285576,0.07718403931893726,0.10532125540031939,0.01801217719912529,0.0
cf_qwen3,mean,weight,9,0.06984066511048313,0.046604671567399,0.09276989838265012,0.13160858424276206,0.029009563848376274,0.0
cf_qwen3,mean,weight,10,0.07780541726532388,0.05432119832438386,0.10128411808524065,0.14661745841778392,0.04244592785835266,0.0
cf_qwen3,mean,weight,12,0.08970214665673679,0.06465122478681527,0.11458931283353263,0.16903579750213057,0.050202034413814545,0.0023148148148148147
cf_qwen3,mean,weight,16,0.12611197116173312,0.09364448873490164,0.15857233606009666,0.23764690605972552,0.07347060739994049,0.0023148148148148147
cf_qwen3,mean,weight,24,0.19576224459522193,0.1609325227752515,0.23045705712233405,0.36889671395032675,0.13288867473602295,0.0
cf_qwen3,mean,weight,32,0.2473943303380928,0.20504729225610566,0.2899097747810275,0.4661928335587319,0.22070108354091644,0.018518518518518517
cf_qwen3,mean,weight,48,0.30994903444630484,0.2669795433509987,0.3538065301900122,0.5840716657889671,0.29297107458114624,0.03935185185185185
cf_qwen3,mean,weight,64,0.3408297993995522,0.2984303915133629,0.3838081456156892,0.6422637484302356,0.3520309329032898,0.041666666666666664
cf_qwen3,mean,weight,96,0.4027673189951396,0.35701844384588277,0.44754420848521503,0.7589795507867633,0.4146140515804291,0.05555555555555555
cf_qwen3,mean,weight,128,0.418461351229632,0.37215236864161483,0.4635437197610966,0.7885535727433753,0.4162340462207794,0.05324074074074074
cf_qwen3,mean,weight,192,0.4617882808295783,0.4185423023892592,0.5038780763620168,0.8701993568322621,0.4598063826560974,0.05555555555555555
cf_qwen3,mean,weight,256,0.4874547786995472,0.4449454647376261,0.5278666219888632,0.918565612247969,0.4862681031227112,0.05555555555555555
cf_qwen3,mean,weight,320,0.5036610661494972,0.46145220620086996,0.5441121546483567,0.9491049340563322,0.5023401975631714,0.06018518518518518
cf_qwen3,mean,weight,384,0.5110570181399235,0.46919869977175765,0.550871511083028,0.9630419544018234,0.5121061205863953,0.06712962962962964
cf_qwen3,mean,rand,1,0.0012630980235550607,-0.0004824292757665627,0.002796047725748202,0.002380197015262396,0.0016474577132612467,0.0
cf_qwen3,mean,rand,2,0.005224472834861316,0.002617613509944272,0.007801080756595231,0.009845059065848738,0.0031099547632038593,0.0
cf_qwen3,mean,rand,3,0.007725675589610106,0.004429768918601737,0.011121573059607325,0.014558355437466117,0.006356421392410994,0.0
cf_qwen3,mean,rand,4,0.009924916078418847,0.005903250683250763,0.014414028086754446,0.018702630505345354,0.0051675280556082726,0.0
cf_qwen3,mean,rand,5,0.011152863665948492,0.006896859973799533,0.015621999367083377,0.021016589618756402,0.00714463833719492,0.0
cf_qwen3,mean,rand,6,0.013075358322219678,0.008513082493909536,0.01795147045697029,0.02463936153145041,0.007217893376946449,0.0
cf_qwen3,mean,rand,7,0.016399489219288518,0.011459115503735346,0.02154020150452523,0.030903393532130567,0.01069047674536705,0.0
cf_qwen3,mean,rand,8,0.018578105171451097,0.0133408952237802,0.024092355189388296,0.035008803476598245,0.013607718050479889,0.0
cf_qwen3,mean,rand,9,0.01927134450503916,0.014054663750611134,0.02456727450786358,0.036315151964124694,0.012703616172075272,0.0
cf_qwen3,mean,rand,10,0.022780090573877847,0.017355374059879476,0.02839166128953162,0.04292707500146563,0.016293589025735855,0.001851851851851852
cf_qwen3,mean,rand,12,0.028409658503107206,0.021296912940988205,0.03593727169569976,0.05353550010584116,0.0210479237139225,0.0
cf_qwen3,mean,rand,16,0.03332855403342399,0.025623261735979685,0.041308576156766696,0.06280472564598957,0.027724791318178177,0.0
cf_qwen3,mean,rand,24,0.044708400466774045,0.035525964976140946,0.053671169895447256,0.08424904430509758,0.0372990146279335,0.000925925925925926
cf_qwen3,mean,rand,32,0.05673203766640187,0.04577199582251259,0.06804838993432162,0.10690652998036078,0.05559788644313812,0.000925925925925926
cf_qwen3,mean,rand,48,0.07662161045014725,0.06153215553890724,0.09237324942558373,0.14438667870347469,0.06903526186943054,0.000925925925925926
cf_qwen3,mean,rand,64,0.10010969936782704,0.0820360360948024,0.11896606999144103,0.18864791424775007,0.09496105462312698,0.0013888888888888892
cf_qwen3,mean,rand,96,0.14429622845196596,0.1222612538124655,0.16663229541637298,0.271913537880711,0.13439837098121643,0.006481481481481482
cf_qwen3,mean,rand,128,0.1856093340768811,0.15982389519986182,0.21190665140698284,0.3497644479968383,0.18149259686470032,0.008796296296296297
cf_qwen3,mean,rand,192,0.26922171894710767,0.23708393408461728,0.3013570381976168,0.5073246255885567,0.26742395758628845,0.021296296296296296
cf_qwen3,mean,rand,256,0.3535553905770057,0.31633153288440996,0.3892199433041935,0.6662440045728055,0.34960466623306274,0.037037037037037035
cf_qwen3,mean,rand,320,0.43575989899277434,0.39552070000728184,0.47460912875040323,0.8211511629433179,0.43391507863998413,0.05185185185185186
cf_qwen3,mean,rand,384,0.5110570181399235,0.46919869977175765,0.550871511083028,0.9630419544018234,0.5121061205863953,0.06712962962962964
cf_qwen3,first,oracle,1,0.19571192963166575,0.17666617234390639,0.21523225756534925,0.3658179679258935,0.1753292679786682,0.018518518518518517
cf_qwen3,first,oracle,2,0.28802039082412917,0.26545645841352977,0.31124981915446004,0.5383577500400726,0.28738200664520264,0.018518518518518517
cf_qwen3,first,oracle,3,0.34454495477035335,0.31982116008781203,0.37046907428389325,0.6440115094180566,0.33220720291137695,0.018518518518518517
cf_qwen3,first,oracle,4,0.3797291218951472,0.3531199296214246,0.40720125524274253,0.7097765373597903,0.3636363744735718,0.018518518518518517
cf_qwen3,first,oracle,5,0.39937028337248237,0.373192434251973,0.4266459933376788,0.7464891168784001,0.38923531770706177,0.018518518518518517
cf_qwen3,first,oracle,6,0.41646259183367484,0.38936653819449923,0.4445109077753845,0.7784374685205491,0.4186137020587921,0.027777777777777776
cf_qwen3,first,oracle,7,0.42990654205607476,0.40227601806541124,0.4583987802675244,0.8035664351630581,0.4289836883544922,0.027777777777777776
cf_qwen3,first,oracle,8,0.43665350592233493,0.40840799919578136,0.4656114304788335,0.8161776266007486,0.4334595799446106,0.027777777777777776
cf_qwen3,first,oracle,9,0.44714878304762856,0.418770499995699,0.476088585350526,0.8357950355038225,0.4461028277873993,0.046296296296296294
cf_qwen3,first,oracle,10,0.45399570193412964,0.42459327575846784,0.48296500613633814,0.8485930594072565,0.45127272605895996,0.037037037037037035
cf_qwen3,first,oracle,12,0.46708980958568647,0.4369741091619064,0.49707002586275245,0.873068112419663,0.477225661277771,0.05555555555555555
cf_qwen3,first,oracle,16,0.48303263531410867,0.45291810423064577,0.513075654147803,0.9028678907057611,0.4877158999443054,0.05555555555555555
cf_qwen3,first,oracle,24,0.5024239092408416,0.4726826436416482,0.5332697773974839,0.9391133890600121,0.49799999594688416,0.08333333333333333
cf_qwen3,first,oracle,32,0.5168674096656505,0.4867841097304924,0.5475942063397169,0.9661106803599566,0.5072790384292603,0.08333333333333333
cf_qwen3,first,oracle,48,0.5331101004547953,0.5013615537585724,0.56463365900244,0.9964709560432854,0.5272058844566345,0.09259259259259259
cf_qwen3,first,oracle,64,0.5498525663451447,0.5166726796121903,0.5829182177589197,1.027765394055332,0.5669866800308228,0.10185185185185185
cf_qwen3,first,oracle,96,0.5685441551301914,0.5382627370498142,0.5995820062388232,1.062703065149378,0.5614520311355591,0.09259259259259259
cf_qwen3,first,oracle,128,0.5814383527412664,0.5507166124929465,0.6126629157697955,1.0868044532302974,0.5798022747039795,0.12962962962962962
cf_qwen3,first,oracle,192,0.5946324154130641,0.5642878069490589,0.6261867804267822,1.1114663387084476,0.5847272872924805,0.1388888888888889
cf_qwen3,first,oracle,256,0.5994302563846269,0.5684624796498434,0.631240494825236,1.1204342970641386,0.6072002649307251,0.14814814814814814
cf_qwen3,first,oracle,320,0.6066270178419712,0.5751806815427991,0.6386441790318317,1.133886234597675,0.6138147711753845,0.1574074074074074
cf_qwen3,first,oracle,384,0.5082213004148133,0.465191310193363,0.5496829602399723,0.9499496720731386,0.5157403349876404,0.046296296296296294
cf_qwen3,first,pop,1,0.09975511020040982,0.07867332870865396,0.12264502685136128,0.18645880081207442,0.07579487562179565,0.009259259259259259
cf_qwen3,first,pop,2,0.16817432155530013,0.14252028460371202,0.1953397988749199,0.3143456236135423,0.1377108097076416,0.009259259259259259
cf_qwen3,first,pop,3,0.19936028787045829,0.17248052272452524,0.22725344033682182,0.37263735292553346,0.18986836075782776,0.009259259259259259
cf_qwen3,first,pop,4,0.22919686141236445,0.20154405478931692,0.2569356467238181,0.42840684394998657,0.2222372591495514,0.009259259259259259
cf_qwen3,first,pop,5,0.2582837723024639,0.23068258257547633,0.28618800800311944,0.482775091481363,0.25,0.018518518518518517
cf_qwen3,first,pop,6,0.2785746414113649,0.25076273662615717,0.30583866583772873,0.520702082027306,0.27870678901672363,0.018518518518518517
cf_qwen3,first,pop,7,0.29791593782797743,0.2684306508772323,0.3261372897442422,0.5568541641486852,0.2966637909412384,0.018518518518518517
cf_qwen3,first,pop,8,0.3129091908641112,0.2825318184556985,0.34212408504554276,0.5848790340102193,0.3020116686820984,0.027777777777777776
cf_qwen3,first,pop,9,0.32555350092458396,0.29527351063291857,0.35532334144990396,0.6085133409267799,0.30628520250320435,0.027777777777777776
cf_qwen3,first,pop,10,0.3417462142036084,0.3110698007085871,0.3726203643354101,0.6387802003772368,0.32264357805252075,0.027777777777777776
cf_qwen3,first,pop,12,0.36358638612624317,0.33392424683347516,0.39322392587261606,0.6796030941422051,0.34575143456459045,0.027777777777777776
cf_qwen3,first,pop,16,0.39932030586236195,0.3680268996708908,0.43069108375539533,0.7463957006455283,0.384337842464447,0.027777777777777776
cf_qwen3,first,pop,24,0.4402019091408866,0.4081520488953562,0.47242686124049976,0.8228101791346449,0.4303351044654846,0.037037037037037035
cf_qwen3,first,pop,32,0.4727372682292968,0.4397771583173871,0.5047267216335292,0.8836241467341742,0.48151880502700806,0.037037037037037035
cf_qwen3,first,pop,48,0.499775101204458,0.4661620604719715,0.5316178037327686,0.9341623287178077,0.4996672570705414,0.046296296296296294
cf_qwen3,first,pop,64,0.5102703783297516,0.4764943219048541,0.5420400387010013,0.9537797376208816,0.497474730014801,0.05555555555555555
cf_qwen3,first,pop,96,0.5216652506372133,0.48758035904113284,0.5544361938467285,0.9750786387156476,0.5141546726226807,0.06481481481481481
cf_qwen3,first,pop,128,0.5285621470338348,0.4945793963503717,0.5610108344498401,0.9879700788519533,0.5153882503509521,0.05555555555555555
cf_qwen3,first,pop,192,0.5453545904343046,0.5128284288483976,0.5760895569679746,1.0193579330968716,0.5352879166603088,0.08333333333333333
cf_qwen3,first,pop,256,0.5577490129441751,0.5239541792599716,0.5897595086272912,1.0425251588490734,0.5438116192817688,0.10185185185185185
cf_qwen3,first,pop,320,0.5660452796241692,0.5317553726193639,0.5977352969551664,1.0580322535057889,0.5577583312988281,0.10185185185185185
cf_qwen3,first,pop,384,0.5082213004148133,0.465191310193363,0.5496829602399723,0.9499496720731386,0.5157403349876404,0.046296296296296294
cf_qwen3,first,layerwise,1,0.10160427807486631,0.08021393826179615,0.12465409991581267,0.1899152014283303,0.07449549436569214,0.009259259259259259
cf_qwen3,first,layerwise,2,0.14123644360037982,0.12014243538459664,0.1629336476863997,0.26399427409565246,0.11442262679338455,0.009259259259259259
cf_qwen3,first,layerwise,3,0.1583287520615723,0.13712802098325408,0.17955034259521635,0.29594262573780145,0.13412314653396606,0.009259259259259259
cf_qwen3,first,layerwise,4,0.16232695287120796,0.14104476701036744,0.1839513068064702,0.30341592436754394,0.13748973608016968,0.009259259259259259
cf_qwen3,first,layerwise,5,0.16877405167674547,0.147685530848243,0.19024624129623952,0.31546661840800366,0.14987820386886597,0.009259259259259259
cf_qwen3,first,layerwise,6,0.1702233994702384,0.14946419853849793,0.19146096929627393,0.3181756891612853,0.15046527981758118,0.009259259259259259
cf_qwen3,first,layerwise,7,0.17212254485481535,0.15133205608837447,0.19368926649812374,0.32172550601041294,0.15550647675991058,0.009259259259259259
cf_qwen3,first,layerwise,8,0.1708731071018042,0.15036047520049717,0.19140871703766685,0.3193901001886184,0.1596793532371521,0.009259259259259259
cf_qwen3,first,layerwise,9,0.2021090509270828,0.17983725237124307,0.22499080650040143,0.3777752457334814,0.18169856071472168,0.018518518518518517
cf_qwen3,first,layerwise,10,0.23179569193862762,0.207560280619923,0.25561670973014583,0.43326448805931916,0.21621723473072052,0.009259259259259259
cf_qwen3,first,layerwise,12,0.2594332550352341,0.23323202098457052,0.28530902465747243,0.48492366483741395,0.24550989270210266,0.018518518518518517
cf_qwen3,first,layerwise,16,0.26982857714028685,0.242495295213666,0.29654335519955466,0.5043542412747444,0.24863871932029724,0.027777777777777776
cf_qwen3,first,layerwise,24,0.36303663351491827,0.3368066573132441,0.38856311242234826,0.6785755155806155,0.3443859815597534,0.027777777777777776
cf_qwen3,first,layerwise,32,0.4136638512669299,0.3855310363536914,0.44116159916116154,0.7732061594797294,0.39852941036224365,0.027777777777777776
cf_qwen3,first,layerwise,48,0.4613423959218352,0.43225527838125977,0.4893550955042588,0.8623252456394083,0.45221787691116333,0.05555555555555555
cf_qwen3,first,layerwise,64,0.4857314208606127,0.45662276386457573,0.513488322439921,0.9079123672808372,0.4750332236289978,0.06481481481481481
cf_qwen3,first,layerwise,96,0.5106202209005948,0.4798723820204696,0.5407779991846556,0.9544336512509841,0.49284398555755615,0.07407407407407407
cf_qwen3,first,layerwise,128,0.528812034584437,0.49754722717574257,0.5597960408215685,0.9884371600163123,0.5129145383834839,0.09259259259259259
cf_qwen3,first,layerwise,192,0.5447548603128592,0.5130417891148031,0.576000644666073,1.0182369383024104,0.543755292892456,0.1111111111111111
cf_qwen3,first,layerwise,256,0.5461542305962317,0.5139144149179738,0.5776928368237776,1.0208525928228203,0.5448493957519531,0.10185185185185185
cf_qwen3,first,layerwise,320,0.5478534659403268,0.5154868444903404,0.5796421595109029,1.0240287447404608,0.5534787178039551,0.10185185185185185
cf_qwen3,first,layerwise,384,0.5082213004148133,0.465191310193363,0.5496829602399723,0.9499496720731386,0.5157403349876404,0.046296296296296294
cf_qwen3,first,dla,1,0.1855165175670948,0.16672851392941565,0.20505065349916127,0.3467610564200502,0.1619672179222107,0.009259259259259259
cf_qwen3,first,dla,2,0.2770753161077515,0.2559553444727687,0.29885404473197447,0.5178995950411526,0.25,0.027777777777777776
cf_qwen3,first,dla,3,0.340246888899995,0.3151334036154141,0.3659725946287491,0.6359777133910834,0.32247528433799744,0.027777777777777776
cf_qwen3,first,dla,4,0.3790794142635814,0.35273088281183335,0.40540172327688606,0.7085621263324571,0.3648874759674072,0.027777777777777776
cf_qwen3,first,dla,5,0.40611724723874254,0.3797762323504115,0.4321715865881914,0.7591003083160905,0.4020202159881592,0.027777777777777776
cf_qwen3,first,dla,6,0.4253585886351142,0.3989175782810337,0.4516763115558463,0.7950655579717261,0.4135943353176117,0.037037037037037035
cf_qwen3,first,dla,7,0.44574941276425606,0.41861321019410513,0.4726132937536137,0.8331793809834126,0.44797295331954956,0.037037037037037035
cf_qwen3,first,dla,8,0.46114248588135337,0.43426354354281943,0.4876954574540018,0.8619515807079211,0.45383524894714355,0.046296296296296294
cf_qwen3,first,dla,9,0.4723374481483332,0.4447254291652507,0.4998140014648291,0.8828768168712,0.46327441930770874,0.07407407407407407
cf_qwen3,first,dla,10,0.4863311509820581,0.45817929275301295,0.514080984150019,0.9090333620752986,0.47788459062576294,0.07407407407407407
cf_qwen3,first,dla,12,0.5097206257184267,0.48144652450303693,0.5372794727134577,0.952752159059292,0.5093393325805664,0.07407407407407407
cf_qwen3,first,dla,16,0.539457244240092,0.5105429556363645,0.5681079900370418,1.0083348176180016,0.5464538335800171,0.08333333333333333
cf_qwen3,first,dla,24,0.5806886900894598,0.5487984450307526,0.6125524737696711,1.0854032097372206,0.5892983675003052,0.12962962962962962
cf_qwen3,first,dla,32,0.5980808636113749,0.5670084159997835,0.6291907592017433,1.1179120587766005,0.6157731413841248,0.1111111111111111
cf_qwen3,first,dla,48,0.6225698435703934,0.5912596785983735,0.6534966320658996,1.163686012883773,0.6292016506195068,0.14814814814814814
cf_qwen3,first,dla,64,0.6342645809385776,0.6026593679678197,0.6663624755134324,1.1855454113757697,0.6554796695709229,0.14814814814814814
cf_qwen3,first,dla,96,0.6454095656954371,0.613458042784891,0.6776774514282944,1.2063772313061767,0.6656686663627625,0.14814814814814814
cf_qwen3,first,dla,128,0.6469588685091708,0.6147692595726619,0.6797421695910245,1.209273134525202,0.6720640659332275,0.14814814814814814
cf_qwen3,first,dla,192,0.6489579689139887,0.6161353482589229,0.6818444846312297,1.2130097838400733,0.6791099905967712,0.1574074074074074
cf_qwen3,first,dla,256,0.6482582837723024,0.6150731487982375,0.6817098399796186,1.2117019565798683,0.6760278940200806,0.14814814814814814
cf_qwen3,first,dla,320,0.6400619721125493,0.6072961985876905,0.6730383141848535,1.1963816943888963,0.6581084728240967,0.1574074074074074
cf_qwen3,first,dla,384,0.5082213004148133,0.465191310193363,0.5496829602399723,0.9499496720731386,0.5157403349876404,0.046296296296296294
cf_qwen3,first,vnorm,1,0.09850567244739868,0.07072666568730886,0.1282452487852266,0.18412339499027988,0.06406565010547638,0.009259259259259259
cf_qwen3,first,vnorm,2,0.13908741066520067,0.10958246327822664,0.16940656358197528,0.25997737608216587,0.10033366084098816,0.0
cf_qwen3,first,vnorm,3,0.16867409665650457,0.13591453590715522,0.2013559264609562,0.3152797859422601,0.1322404444217682,0.0
cf_qwen3,first,vnorm,4,0.18926483082612824,0.15571617849913305,0.2237327076752254,0.3537672738854338,0.1626475751399994,0.0
cf_qwen3,first,vnorm,5,0.20215902843720326,0.165977848582884,0.23773998117398012,0.3778686619663532,0.1599999964237213,0.018518518518518517
cf_qwen3,first,vnorm,6,0.20695686940876606,0.16887525952522614,0.24486470738097765,0.38683662032204413,0.16217151284217834,0.009259259259259259
cf_qwen3,first,vnorm,7,0.2165025738417712,0.1776565445161829,0.25420791772076506,0.4046791208005543,0.16885966062545776,0.009259259259259259
cf_qwen3,first,vnorm,8,0.22944674896296666,0.18972617130873717,0.267941130784107,0.42887392511434547,0.21304965019226074,0.0
cf_qwen3,first,vnorm,9,0.23694337548103353,0.1987605234154726,0.27486909180779884,0.4428863600451126,0.21562600135803223,0.0
cf_qwen3,first,vnorm,10,0.24419011444849817,0.20473988413976937,0.28179113794181415,0.4564317138115208,0.23382963240146637,0.0
cf_qwen3,first,vnorm,12,0.2607826478084862,0.22016305438528894,0.29842193594771815,0.487445903124952,0.25308382511138916,0.0
cf_qwen3,first,vnorm,16,0.2919186366135239,0.25275896692391325,0.32909307129811055,0.5456442162040714,0.30028799176216125,0.018518518518518517
cf_qwen3,first,vnorm,24,0.35084212104552953,0.31117081630300275,0.3896081864706382,0.655781954759901,0.34068626165390015,0.037037037037037035
cf_qwen3,first,vnorm,32,0.38252786246189213,0.3422703549631142,0.422760472118006,0.71500784640061,0.3733093738555908,0.027777777777777776
cf_qwen3,first,vnorm,48,0.43050627217752013,0.38827872058731716,0.4723270006843092,0.8046874299575195,0.40797680616378784,0.037037037037037035
cf_qwen3,first,vnorm,64,0.4599430256384627,0.41756695245170444,0.5005372408781213,0.8597095911189984,0.45678091049194336,0.037037037037037035
cf_qwen3,first,vnorm,96,0.4875306112249488,0.44645315381205314,0.5279032920367167,0.9112753516642214,0.4847612977027893,0.046296296296296294
cf_qwen3,first,vnorm,128,0.4990754160627717,0.4572487485370578,0.5405103892885499,0.9328545014576027,0.5101103186607361,0.037037037037037035
cf_qwen3,first,vnorm,192,0.509870558248788,0.46760460018932853,0.5511288960188524,0.9530324077579073,0.5124777555465698,0.046296296296296294
cf_qwen3,first,vnorm,256,0.510320355839872,0.4675830350449785,0.5519285721419868,0.9538731538537534,0.5159090757369995,0.046296296296296294
cf_qwen3,first,vnorm,320,0.5098205807386677,0.46666915271737625,0.5517126262294233,0.9529389915250356,0.5206283926963806,0.046296296296296294
cf_qwen3,first,vnorm,384,0.5082213004148133,0.465191310193363,0.5496829602399723,0.9499496720731386,0.5157403349876404,0.046296296296296294
cf_qwen3,first,weight,1,0.002998650607226748,-0.004306971593593333,0.01042725023833988,0.005604973972306846,0.0,0.0
cf_qwen3,first,weight,2,0.006946873906741966,-0.004256602735859201,0.018721529169578883,0.012984856369177527,0.0,0.0
cf_qwen3,first,weight,3,0.02248987955420061,0.007405340405116572,0.03912720690275153,0.04203730479230135,0.010110294446349144,0.0
cf_qwen3,first,weight,4,0.0392823229546704,0.021726318071880205,0.05864992653962955,0.07342515903721968,0.01717022806406021,0.0
cf_qwen3,first,weight,5,0.0434304562946674,0.024521237403830737,0.06384321813166262,0.08117870636557749,0.022624598816037178,0.0
cf_qwen3,first,weight,6,0.05067719526213204,0.030865509518360066,0.07200997885490085,0.0947240601319857,0.024203386157751083,0.0
cf_qwen3,first,weight,7,0.053226048278274776,0.03189311896513336,0.07494006225092073,0.09948828800844652,0.022599592804908752,0.0
cf_qwen3,first,weight,8,0.060572742265980306,0.03862094722971317,0.08333394915755246,0.11322047424059829,0.0308159738779068,0.0
cf_qwen3,first,weight,9,0.07286720975560998,0.04851132290469529,0.09762520718658543,0.13620086752705635,0.048900045454502106,0.0
cf_qwen3,first,weight,10,0.08311259933030136,0.05772832817428565,0.1088394130193423,0.1553511952657714,0.04950980469584465,0.0
cf_qwen3,first,weight,12,0.09405767404667899,0.06787195757754476,0.12029940754260018,0.1758093502646914,0.05518563091754913,0.0
cf_qwen3,first,weight,16,0.12904193113099105,0.09777485662510169,0.16169852962416134,0.24120071327493794,0.09055319428443909,0.0
cf_qwen3,first,weight,24,0.19571192963166575,0.15976166428108435,0.23206468812711184,0.3658179679258935,0.14400921761989594,0.0
cf_qwen3,first,weight,32,0.2467389674646409,0.20331588118324584,0.2904967160975271,0.4611959416879816,0.20218977332115173,0.018518518518518517
cf_qwen3,first,weight,48,0.31315907841471335,0.2685056186896685,0.3587089229422055,0.5853461151745782,0.2904411554336548,0.018518518518518517
cf_qwen3,first,weight,64,0.3403968214303563,0.2978123272246934,0.38378138567255793,0.6362579620896988,0.34623289108276367,0.027777777777777776
cf_qwen3,first,weight,96,0.40066969863561397,0.3543322980856328,0.4454292978120349,0.7489179389330664,0.4208407998085022,0.027777777777777776
cf_qwen3,first,weight,128,0.4141136488580139,0.3664654753528447,0.4598429709334829,0.7740469055755754,0.42406797409057617,0.027777777777777776
cf_qwen3,first,weight,192,0.45684442001099507,0.4138161698823821,0.49899219129997346,0.8539177846809479,0.45258989930152893,0.046296296296296294
cf_qwen3,first,weight,256,0.48223299515218154,0.43992251867089655,0.5238538324491032,0.9013732309798126,0.47507864236831665,0.046296296296296294
cf_qwen3,first,weight,320,0.4978259783097606,0.4549258099878542,0.5392632882450822,0.9305190956358081,0.4921875,0.037037037037037035
cf_qwen3,first,weight,384,0.5082213004148133,0.465191310193363,0.5496829602399723,0.9499496720731386,0.5157403349876404,0.046296296296296294
cf_qwen3,first,rand,1,0.0015093207961050096,-0.0006364721679337473,0.003510275719064228,0.002821170214910047,0.0015768753364682198,0.0
cf_qwen3,first,rand,2,0.005057724028806397,0.002302509326456841,0.007815989853635874,0.009453722775254678,0.004102672450244427,0.0
cf_qwen3,first,rand,3,0.00767654562644071,0.004063931949953414,0.011324169965522272,0.014348733503573725,0.0074303410947322845,0.0
cf_qwen3,first,rand,4,0.01036533568119787,0.006075805796987307,0.01492385307924622,0.01937452685128527,0.007275132462382317,0.0
cf_qwen3,first,rand,5,0.011134989265112501,0.006661086572223746,0.015693348249034223,0.0208131367030425,0.00784867350012064,0.0
cf_qwen3,first,rand,6,0.013164076099742971,0.008345260785753893,0.018169608082596645,0.024605835615094936,0.009413067251443863,0.0
cf_qwen3,first,rand,7,0.016202708746940218,0.01106003705272537,0.02139181606084205,0.03028554263327725,0.012918548658490181,0.0
cf_qwen3,first,rand,8,0.01838172838971368,0.012961307510174751,0.023814115297537086,0.03435849076316489,0.014883041381835938,0.0
cf_qwen3,first,rand,9,0.018541656545127336,0.013217704331607853,0.02371692375001367,0.0346574229383147,0.011215686798095703,0.0
cf_qwen3,first,rand,10,0.023069618718217437,0.017259838270858734,0.028922825415288275,0.04312093318075385,0.01694260537624359,0.0
cf_qwen3,first,rand,12,0.028607126806646076,0.020986995471723682,0.03623687416444799,0.0534714517214203,0.023393547162413597,0.0
cf_qwen3,first,rand,16,0.03258533654342116,0.024589532342060336,0.040584354631555936,0.06090738372939229,0.028147008270025253,0.0
cf_qwen3,first,rand,24,0.044589934388858055,0.03511482220141589,0.0538587114680761,0.08334596270539124,0.03589262068271637,0.0
cf_qwen3,first,rand,32,0.05672447360913146,0.0459217504933462,0.06763022114173317,0.10602742360372193,0.05408896505832672,0.0
cf_qwen3,first,rand,48,0.07738517665292281,0.0622945882549899,0.09360380673890949,0.1446456949458139,0.06732542812824249,0.0
cf_qwen3,first,rand,64,0.10069468804513672,0.08213557740570178,0.11988356423236386,0.18821502721336258,0.0939950942993164,0.0
cf_qwen3,first,rand,96,0.14468489230137857,0.12225604342524111,0.16710943967318045,0.2704399951034123,0.1373177468776703,0.003703703703703704
cf_qwen3,first,rand,128,0.18644609870096335,0.15940226838490648,0.21309405338442616,0.34849859731525284,0.17418286204338074,0.005555555555555557
cf_qwen3,first,rand,192,0.26734969216049853,0.2359987901095241,0.2984994197679811,0.4997207952311902,0.25396180152893066,0.012962962962962963
cf_qwen3,first,rand,256,0.3496626521093424,0.3132787335736801,0.38565840123035716,0.6535773322298399,0.35152286291122437,0.022222222222222223
cf_qwen3,first,rand,320,0.43122594880464343,0.39028748551510595,0.47077821758476207,0.8060326246106686,0.4332565367221832,0.03148148148148148
cf_qwen3,first,rand,384,0.5082213004148133,0.465191310193363,0.5496829602399723,0.9499496720731386,0.5157403349876404,0.046296296296296294
cf_mixtral,mean,oracle,1,0.13226330115415108,0.11885019227690428,0.1477318164064651,0.3229995705940413,0.12574389576911926,0.0022935779816513763
cf_mixtral,mean,oracle,2,0.21468357146412162,0.19662968200448908,0.23418667928142028,0.5242777156732878,0.19346804916858673,0.006880733944954129
cf_mixtral,mean,oracle,3,0.2719585708677688,0.2508710248396262,0.2941811039863969,0.6641487158049929,0.25245410203933716,0.009174311926605505
cf_mixtral,mean,oracle,4,0.3173060761571615,0.29491075276262985,0.34011186837491697,0.7748916400188207,0.29976722598075867,0.016055045871559634
cf_mixtral,mean,oracle,5,0.34842115204878316,0.32441570041570184,0.37261575899341975,0.8508776169625044,0.3383640646934509,0.02981651376146789
cf_mixtral,mean,oracle,6,0.3727986167082054,0.34784042033964496,0.3973464156397267,0.9104097059732563,0.36945217847824097,0.03669724770642202
cf_mixtral,mean,oracle,7,0.39080192546170706,0.36532044699595206,0.4165165853031911,0.9543754995525017,0.377773642539978,0.04128440366972477
cf_mixtral,mean,oracle,8,0.4055129076255946,0.379104956150565,0.43208717062836094,0.9903011182274378,0.39789217710494995,0.052752293577981654
cf_mixtral,mean,oracle,9,0.4197347359875633,0.39340278472228957,0.44651494138303033,1.025032176759118,0.40714287757873535,0.06880733944954129
cf_mixtral,mean,oracle,10,0.4312578844996619,0.40485302345906987,0.45803459507281397,1.053172802229832,0.41791415214538574,0.08027522935779817
cf_mixtral,mean,oracle,12,0.4505499572867748,0.4243725184435526,0.47729000534678434,1.100285880247172,0.4545910954475403,0.09862385321100918
cf_mixtral,mean,oracle,16,0.4735356802719044,0.4469162357438718,0.5001959557780528,1.1564192036195973,0.4868926405906677,0.12844036697247707
cf_mixtral,mean,oracle,24,0.49527049530881906,0.4691617039374697,0.5220853890054364,1.2094976907177095,0.5053666830062866,0.12844036697247707
cf_mixtral,mean,oracle,32,0.5048097672594783,0.47820433929736406,0.5315348494877182,1.2327935007946986,0.5092860460281372,0.13302752293577982
cf_mixtral,mean,oracle,48,0.5172521644385164,0.49017314246470295,0.5448141029010738,1.2631790190066314,0.5215151309967041,0.15137614678899083
cf_mixtral,mean,oracle,64,0.403235235114822,0.36005445198454555,0.44546185375097286,0.9847388251611551,0.4211781620979309,0.027522935779816515
cf_mixtral,mean,pop,1,0.06462367632918181,0.05310211260482535,0.07581609176704143,0.15781716865063233,0.0523228794336319,0.0
cf_mixtral,mean,pop,2,0.12762390527270542,0.1082165856386276,0.14774754001618423,0.3116697242614127,0.1098514050245285,0.0
cf_mixtral,mean,pop,3,0.1758540896262152,0.15466087457524666,0.19772567968041305,0.4294524251309364,0.15751880407333374,0.0
cf_mixtral,mean,pop,4,0.2225524476206223,0.19728060734190866,0.24783294687101956,0.5434942602281916,0.2064231038093567,0.0045871559633027525
cf_mixtral,mean,pop,5,0.2564373793346783,0.22816387392954968,0.2847676621582862,0.6262444887325631,0.2371455281972885,0.013761467889908258
cf_mixtral,mean,pop,6,0.2873888987778038,0.2589895940705748,0.31612912371860524,0.7018310452612778,0.27098482847213745,0.01834862385321101
cf_mixtral,mean,pop,7,0.3068051553581237,0.277641411633196,0.33662989793747244,0.7492473919217756,0.2983165979385376,0.01834862385321101
cf_mixtral,mean,pop,8,0.3281628828456228,0.2986719081043139,0.3566598603576339,0.8014049953320111,0.31547048687934875,0.02522935779816514
cf_mixtral,mean,pop,9,0.3456724969642749,0.3169413338616514,0.3745709414240315,0.844165139621775,0.3419622778892517,0.027522935779816515
cf_mixtral,mean,pop,10,0.3657278330517823,0.3374543956985828,0.3946465777063355,0.8931421792681257,0.3524583578109741,0.02981651376146789
cf_mixtral,mean,pop,12,0.39802566325401306,0.3688174292359035,0.42704014468300333,0.972016554816043,0.4004906415939331,0.05504587155963303
cf_mixtral,mean,pop,16,0.4286803578121536,0.4002643805341421,0.45646833489904637,1.046878236723036,0.4277961850166321,0.06192660550458716
cf_mixtral,mean,pop,24,0.45333495802577,0.42276144585173064,0.483592798125971,1.1070871171356351,0.4383702278137207,0.08256880733944955
cf_mixtral,mean,pop,32,0.4723059781431339,0.44064075089950533,0.5033908408212776,1.1534161539747942,0.4625292122364044,0.10091743119266056
cf_mixtral,mean,pop,48,0.48438491443370885,0.4506427086906549,0.5173291109464614,1.1829140661019182,0.46851885318756104,0.08256880733944955
cf_mixtral,mean,pop,64,0.403235235114822,0.36005445198454555,0.44546185375097286,0.9847388251611551,0.4211781620979309,0.027522935779816515
cf_mixtral,mean,layerwise,1,0.05961627835196454,0.04840451049582415,0.07082994137929563,0.14558862617270335,0.04679712653160095,0.0
cf_mixtral,mean,layerwise,2,0.08105200034385049,0.06761921855556241,0.09379513205151015,0.1979366995863776,0.0821346640586853,0.0
cf_mixtral,mean,layerwise,3,0.12786848254330369,0.11208057011538353,0.14303690775634198,0.312267005235734,0.12155584990978241,0.0
cf_mixtral,mean,layerwise,4,0.1629747865805403,0.14544845874220005,0.179544274577563,0.3979999412068047,0.16493311524391174,0.0
cf_mixtral,mean,layerwise,5,0.23308820061165741,0.21181184712192383,0.2549495054578154,0.5692235718535156,0.23396345973014832,0.0022935779816513763
cf_mixtral,mean,layerwise,6,0.26342032551448163,0.23922054937104173,0.2877844390357922,0.6432975079591817,0.26213154196739197,0.009174311926605505
cf_mixtral,mean,layerwise,7,0.29893324922475417,0.2720065157314536,0.32582437892002486,0.7300234478749568,0.300199955701828,0.011467889908256881
cf_mixtral,mean,layerwise,8,0.31734090628432654,0.2902508330235524,0.3445101512859132,0.7749766985045826,0.31160712242126465,0.013761467889908258
cf_mixtral,mean,layerwise,9,0.3370418713503399,0.30888698050927504,0.36501024863791104,0.823088330386461,0.3403993844985962,0.034403669724770644
cf_mixtral,mean,layerwise,10,0.35224200979123704,0.3242276016175342,0.3806479627229969,0.8602085152490605,0.35668644309043884,0.02981651376146789
cf_mixtral,mean,layerwise,12,0.3696880173322066,0.34120087245703146,0.3985171535150589,0.9028133262218789,0.35645604133605957,0.05733944954128441
cf_mixtral,mean,layerwise,16,0.4318575914747732,0.4020206741809542,0.4612160067280393,1.0546373437447714,0.4111640453338623,0.07110091743119266
cf_mixtral,mean,layerwise,24,0.478298498926554,0.4473878886864245,0.5088553523183484,1.1680504601121005,0.4808320999145508,0.11238532110091744
cf_mixtral,mean,layerwise,32,0.4899185721338402,0.458771756053234,0.5203674787375148,1.1964277849140148,0.49591171741485596,0.11697247706422019
cf_mixtral,mean,layerwise,48,0.4905167621111984,0.4576939984176379,0.5228318939469585,1.1978886217760492,0.47706684470176697,0.08256880733944955
cf_mixtral,mean,layerwise,64,0.403235235114822,0.36005445198454555,0.44546185375097286,0.9847388251611551,0.4211781620979309,0.027522935779816515
cf_mixtral,mean,dla,1,0.10268610977050326,0.08944095697455787,0.11655134169413423,0.2507692539988004,0.08513222634792328,0.0022935779816513763
cf_mixtral,mean,dla,2,0.18085542985601888,0.16298822718937983,0.19999476670158217,0.4416661740130887,0.16424521803855896,0.0022935779816513763
cf_mixtral,mean,dla,3,0.23785404948960176,0.21700939288565319,0.25875340450589235,0.5808622284397292,0.2220199704170227,0.0045871559633027525
cf_mixtral,mean,dla,4,0.28814913280675747,0.2650551840100619,0.31236463720201524,0.7036876091210957,0.2614312469959259,0.016055045871559634
cf_mixtral,mean,dla,5,0.3261381170373375,0.301277663920013,0.3517198827760274,0.7964603245055405,0.30077776312828064,0.027522935779816515
cf_mixtral,mean,dla,6,0.3606182116236922,0.33443116700569697,0.3876319280707,0.8806639973932631,0.3447214961051941,0.045871559633027525
cf_mixtral,mean,dla,7,0.3844610888268896,0.3584697771027599,0.41088608366867957,0.9388905729524467,0.38035792112350464,0.05963302752293578
cf_mixtral,mean,dla,8,0.4066593153569428,0.3810661915071024,0.43232032257145164,0.9931007550255515,0.39718735218048096,0.06422018348623854
cf_mixtral,mean,dla,9,0.42376458043972437,0.39830842359189816,0.44933921239201535,1.0348734404826943,0.4189521074295044,0.07339449541284404
cf_mixtral,mean,dla,10,0.4396780040935243,0.4140952272418898,0.46600184752023494,1.0737355357276013,0.436054527759552,0.09174311926605505
cf_mixtral,mean,dla,12,0.46543812830643766,0.4392831978806573,0.4921298314112251,1.1366442109732218,0.47252097725868225,0.10321100917431193
cf_mixtral,mean,dla,16,0.49835838115598063,0.4712555063991832,0.5261268261410893,1.2170386018697317,0.4970933496952057,0.1353211009174312
cf_mixtral,mean,dla,24,0.5249786845053301,0.4969778947340053,0.5523317888973523,1.2820479164406855,0.5128552913665771,0.1559633027522936
cf_mixtral,mean,dla,32,0.5316163459614951,0.5031431606288242,0.5596221705895612,1.2982577175070535,0.5134472846984863,0.1720183486238532
cf_mixtral,mean,dla,48,0.5334396936168361,0.5048944295803405,0.5611772922288717,1.3027105060325144,0.5186459422111511,0.17660550458715596
cf_mixtral,mean,dla,64,0.403235235114822,0.36005445198454555,0.44546185375097286,0.9847388251611551,0.4211781620979309,0.027522935779816515
cf_mixtral,mean,vnorm,1,-0.02090264905764658,-0.03340411032256307,-0.007449238537439617,-0.05104625856895067,-0.0211197342723608,0.0
cf_mixtral,mean,vnorm,2,-0.03451795523739984,-0.0528007889199775,-0.016257337120570314,-0.08429613220125322,-0.031038662418723106,0.0
cf_mixtral,mean,vnorm,3,-0.04433890696218592,-0.06725239953944495,-0.02192623926658707,-0.10827983109769615,-0.03223651647567749,0.0
cf_mixtral,mean,vnorm,4,-0.034020471198645805,-0.060476296696429566,-0.008648780991474501,-0.08308122882675129,-0.037369340658187866,0.0
cf_mixtral,mean,vnorm,5,-0.015376565804804556,-0.043831599494641715,0.012013463483800358,-0.0375510372780909,-0.008878879249095917,0.0
cf_mixtral,mean,vnorm,6,0.0031757185049366924,-0.029646523316523152,0.0349450607819875,0.007755406862456866,0.00839062687009573,0.0
cf_mixtral,mean,vnorm,7,0.0231697212461688,-0.010712474393595139,0.05685245847023288,0.0565826646393309,0.040818214416503906,0.0022935779816513763
cf_mixtral,mean,vnorm,8,0.04166975801125369,0.002784697231810098,0.08125528456733408,0.10176151530276645,0.05092307925224304,0.0022935779816513763
cf_mixtral,mean,vnorm,9,0.05954661476614605,0.01880453227735589,0.10157041842919633,0.14541850106536772,0.07047845423221588,0.006880733944954129
cf_mixtral,mean,vnorm,10,0.08118905447770061,0.040638174229474223,0.12312313504113002,0.1982713988264195,0.07644869387149811,0.009174311926605505
cf_mixtral,mean,vnorm,12,0.1315507708750735,0.09097292251245406,0.1734894998075763,0.32125950383199153,0.1322692632675171,0.006880733944954129
cf_mixtral,mean,vnorm,16,0.21815762710200526,0.17586261656444752,0.2603262255586864,0.5327616902109293,0.23365835845470428,0.013761467889908258
cf_mixtral,mean,vnorm,24,0.3377536451222578,0.2946259148077911,0.37998890662140733,0.8248265496860204,0.3438330292701721,0.013761467889908258
cf_mixtral,mean,vnorm,32,0.38077652998252126,0.3378848182484267,0.42277998212915235,0.92989252954831,0.3947116732597351,0.02522935779816514
cf_mixtral,mean,vnorm,48,0.40074251483574996,0.357322889876259,0.4436989060627904,0.9786513649758619,0.42391300201416016,0.027522935779816515
cf_mixtral,mean,vnorm,64,0.403235235114822,0.36005445198454555,0.44546185375097286,0.9847388251611551,0.4211781620979309,0.027522935779816515
cf_mixtral,mean,weight,1,0.03174431323626138,0.020410388325302915,0.04371200476587279,0.07752263443179125,0.008255572989583015,0.0
cf_mixtral,mean,weight,2,0.05880455456503325,0.043318058006557,0.07440264614713173,0.14360631942297086,0.041176192462444305,0.0022935779816513763
cf_mixtral,mean,weight,3,0.08274056835934268,0.06047343173856715,0.10734290078307131,0.20206034340264034,0.05397313833236694,0.006880733944954129
cf_mixtral,mean,weight,4,0.09981402984998965,0.07740331549945408,0.12335117222240538,0.2437553614606392,0.07627624273300171,0.0045871559633027525
cf_mixtral,mean,weight,5,0.11403055794793003,0.08951853184934108,0.13958540718493587,0.2784734762430688,0.08870726823806763,0.0045871559633027525
cf_mixtral,mean,weight,6,0.13364595796175377,0.10684854398149071,0.16084171780529144,0.3263761501231889,0.1087849959731102,0.0045871559633027525
cf_mixtral,mean,weight,7,0.15076333877360262,0.1200112117708094,0.18255472467707537,0.36817842334392153,0.11690177768468857,0.009174311926605505
cf_mixtral,mean,weight,8,0.17169324748711176,0.1385402385199608,0.20671886613824014,0.41929125258713573,0.12887856364250183,0.011467889908256881
cf_mixtral,mean,weight,9,0.19048632210207989,0.15714293331467227,0.22555323469454297,0.4651857295721143,0.1426115781068802,0.011467889908256881
cf_mixtral,mean,weight,10,0.20576748094128075,0.17164514153421012,0.2409409643131018,0.5025037739591102,0.16217441856861115,0.011467889908256881
cf_mixtral,mean,weight,12,0.2262082342605807,0.19143084078728062,0.2623066440807311,0.5524220391705437,0.21377119421958923,0.016055045871559634
cf_mixtral,mean,weight,16,0.25679932278263407,0.2212931168841412,0.29275674182045747,0.6271283890832188,0.23730653524398804,0.020642201834862386
cf_mixtral,mean,weight,24,0.295586402387809,0.25835733245309916,0.3339711714268031,0.7218501293372817,0.28153982758522034,0.022935779816513763
cf_mixtral,mean,weight,32,0.3264879466125441,0.2883463124287155,0.3640230480947386,0.7973146416259118,0.33588773012161255,0.020642201834862386
cf_mixtral,mean,weight,48,0.3745038409546454,0.3316660819539311,0.4161478800016276,0.9145740258908782,0.3933446407318115,0.027522935779816515
cf_mixtral,mean,weight,64,0.403235235114822,0.36005445198454555,0.44546185375097286,0.9847388251611551,0.4211781620979309,0.027522935779816515
cf_mixtral,mean,rand,1,0.007086229123539963,0.004343834038689014,0.010053670516718675,0.017305246005970887,0.0049667032435536385,0.0
cf_mixtral,mean,rand,2,0.0139669525698812,0.009239770625282426,0.018948812075853423,0.03410862758764117,0.01038261130452156,0.0
cf_mixtral,mean,rand,3,0.022856996016592,0.016877307671007816,0.028897554211726302,0.05581895986267857,0.01855519786477089,0.0
cf_mixtral,mean,rand,4,0.03221877804945083,0.023692064908491576,0.04118146751585717,0.07868132266643284,0.02893875539302826,0.0
cf_mixtral,mean,rand,5,0.040198508759356315,0.03076562174157285,0.05024835146760483,0.09816858459218482,0.03738267719745636,0.0
cf_mixtral,mean,rand,6,0.049799416878771666,0.039388006288576735,0.0604098763248245,0.12161491605997214,0.04706883430480957,0.00045871559633027525
cf_mixtral,mean,rand,7,0.05473866626375003,0.043977991164035474,0.0659001940562008,0.13367703318908797,0.048598699271678925,0.00045871559633027525
cf_mixtral,mean,rand,8,0.061481730243780085,0.049208412255833,0.07429228199766477,0.15014423725122927,0.05577436089515686,0.0009174311926605505
cf_mixtral,mean,rand,9,0.07061892433780359,0.05710359450443777,0.08464682315843788,0.17245813493146556,0.06584468483924866,0.0009174311926605505
cf_mixtral,mean,rand,10,0.07946610951698638,0.06527494906399492,0.0941868422541253,0.19406380323783476,0.07630082964897156,0.001834862385321101
cf_mixtral,mean,rand,12,0.0981343977540028,0.08117796800630313,0.115827801155998,0.2396535400103533,0.08691620826721191,0.002752293577981652
cf_mixtral,mean,rand,16,0.13188818294902085,0.1100700869055308,0.15489994925124453,0.32208349623235677,0.11880889534950256,0.0077981651376146785
cf_mixtral,mean,rand,24,0.1830757072514388,0.15896035043592543,0.20928928450427337,0.44708830274465927,0.17093566060066223,0.00963302752293578
cf_mixtral,mean,rand,32,0.23669976645813037,0.20758565754523323,0.26711527000249186,0.5780433594091225,0.2326573133468628,0.013761467889908258
cf_mixtral,mean,rand,48,0.32468488768781956,0.2872286953214631,0.3604083265558844,0.792911400111752,0.34050872921943665,0.023853211009174313
cf_mixtral,mean,rand,64,0.403235235114822,0.36005445198454555,0.44546185375097286,0.9847388251611551,0.4211781620979309,0.027522935779816515
cf_mixtral,first,oracle,1,0.129938103040233,0.11650671449158145,0.14509213521191508,0.3167623305000666,0.11950705945491791,0.0
cf_mixtral,first,oracle,2,0.21017658838521755,0.19220437414041502,0.22896653109276086,0.512367230209915,0.19514577090740204,0.009433962264150943
cf_mixtral,first,oracle,3,0.2687966502821773,0.24597501211414824,0.29238524513200936,0.6552708665265825,0.25857144594192505,0.009433962264150943
cf_mixtral,first,oracle,4,0.3147642454032405,0.2905348671133347,0.33946553157038883,0.7673303950047147,0.2864468991756439,0.018867924528301886
cf_mixtral,first,oracle,5,0.3487620608046605,0.32345790742616354,0.3739354670729237,0.850210066067254,0.3442680835723877,0.05660377358490566
cf_mixtral,first,oracle,6,0.3737484070635354,0.3468964172681056,0.4006030558767454,0.9111216315469516,0.37228143215179443,0.0660377358490566
cf_mixtral,first,oracle,7,0.3910886582923721,0.36306393631902595,0.41915929744611863,0.9533935922896924,0.37406715750694275,0.0660377358490566
cf_mixtral,first,oracle,8,0.4062898234116148,0.3775488639081465,0.43485191930655537,0.9904509017072134,0.40103092789649963,0.09433962264150944
cf_mixtral,first,oracle,9,0.4167121791370836,0.3876926976857776,0.44573828950501015,1.0158584581641363,0.40625,0.09433962264150944
cf_mixtral,first,oracle,10,0.4270435099217186,0.3981106548804844,0.4560673412634365,1.0410441145646672,0.4166885018348694,0.08490566037735849
cf_mixtral,first,oracle,12,0.446204259967231,0.4172014051241148,0.4750655276791756,1.087754076435255,0.44194138050079346,0.09433962264150944
cf_mixtral,first,oracle,16,0.4683233205898416,0.4392753697626093,0.49706438729080915,1.1416757901385937,0.47351402044296265,0.11320754716981132
cf_mixtral,first,oracle,24,0.4865283087565993,0.4579331346053032,0.5145120103800384,1.186055801417062,0.48786550760269165,0.10377358490566038
cf_mixtral,first,oracle,32,0.4937192790824686,0.4635970192492562,0.5218555048823857,1.2035859058720568,0.48845601081848145,0.09433962264150944
cf_mixtral,first,oracle,48,0.5143819406517386,0.48507739109736964,0.5429508999391962,1.253957218673118,0.5150607824325562,0.10377358490566038
cf_mixtral,first,oracle,64,0.4001456399053341,0.3551945824880272,0.4447012921372545,0.9754726479007304,0.4078216552734375,0.02830188679245283
cf_mixtral,first,pop,1,0.062488621882395776,0.05153261486219433,0.07322288219286424,0.15233438871334198,0.05224171280860901,0.0
cf_mixtral,first,pop,2,0.1262971054068815,0.1080600535118922,0.14479262186207179,0.30788632824437295,0.1102668046951294,0.0
cf_mixtral,first,pop,3,0.17212816311669396,0.1515389217170509,0.19223647326140306,0.41961300663791656,0.16169044375419617,0.0
cf_mixtral,first,pop,4,0.21950664482068086,0.19244235619436909,0.24698828249733942,0.53511198599013,0.19592075049877167,0.009433962264150943
cf_mixtral,first,pop,5,0.253003823047515,0.22418817623419537,0.2821818711622757,0.6167712067425114,0.23493601381778717,0.018867924528301886
cf_mixtral,first,pop,6,0.2815856544693246,0.2516875060679517,0.3120231375610528,0.6864478244497064,0.2629171907901764,0.02830188679245283
cf_mixtral,first,pop,7,0.3027489532131804,0.2719765168206064,0.33353883227079417,0.7380395875609257,0.29266345500946045,0.02830188679245283
cf_mixtral,first,pop,8,0.3241853267795376,0.2937173514864579,0.3546613125091556,0.790297050841322,0.31190478801727295,0.04716981132075472
cf_mixtral,first,pop,9,0.3417531403604588,0.3111999610761863,0.3725258393089329,0.8331237617250438,0.3373947739601135,0.04716981132075472
cf_mixtral,first,pop,10,0.3609594028763881,0.3298169407384424,0.3915919603519972,0.8799446736238277,0.34819626808166504,0.04716981132075472
cf_mixtral,first,pop,12,0.3935918441653013,0.3623385351901913,0.42543650939162087,0.9594958438404818,0.3851371705532074,0.05660377358490566
cf_mixtral,first,pop,16,0.4230839249954488,0.3931281508026088,0.45316301376826623,1.0313914621116003,0.40289855003356934,0.04716981132075472
cf_mixtral,first,pop,24,0.4523939559439286,0.42098864738147695,0.48396254946626854,1.102843280269934,0.44152507185935974,0.07547169811320754
cf_mixtral,first,pop,32,0.4694156198798471,0.4363732654284915,0.5025437037841723,1.1443385908153019,0.45767471194267273,0.11320754716981132
cf_mixtral,first,pop,48,0.4821591115965775,0.4472532207745506,0.516899417760695,1.1754045987102295,0.4626532793045044,0.08490566037735849
cf_mixtral,first,pop,64,0.4001456399053341,0.3551945824880272,0.4447012921372545,0.9754726479007304,0.4078216552734375,0.02830188679245283
cf_mixtral,first,layerwise,1,0.05802839978154014,0.04747740814930116,0.06866774890290259,0.14146128595011728,0.05224171280860901,0.0
cf_mixtral,first,layerwise,2,0.07828144911705807,0.0658504516852971,0.09051843838259292,0.19083404849741314,0.07442021369934082,0.0
cf_mixtral,first,layerwise,3,0.12406699435645367,0.10896651673056285,0.13894371500095373,0.3024497768627606,0.1210591122508049,0.0
cf_mixtral,first,layerwise,4,0.15669943564536684,0.14001305554906862,0.1726666031312871,0.3820009470794148,0.16059531271457672,0.0
cf_mixtral,first,layerwise,5,0.22505916621154196,0.2053789885337846,0.2443497402496377,0.5486478894300627,0.21948951482772827,0.0
cf_mixtral,first,layerwise,6,0.2559166211541962,0.23323787584493905,0.27870562842310626,0.6238720085470663,0.24976176023483276,0.018867924528301886
cf_mixtral,first,layerwise,7,0.29132532313854,0.2633911776204317,0.3189192464896377,0.7101911304836869,0.2752525210380554,0.018867924528301886
cf_mixtral,first,layerwise,8,0.3108501729473876,0.281846044516456,0.33872960797722607,0.757788692579844,0.3040989339351654,0.02830188679245283
cf_mixtral,first,layerwise,9,0.3301929728745676,0.3011655430222237,0.3591453205572551,0.8049424545632164,0.32516756653785706,0.03773584905660377
cf_mixtral,first,layerwise,10,0.3433460768250501,0.3136029919966029,0.3730918956013231,0.8370070127119097,0.3268335461616516,0.03773584905660377
cf_mixtral,first,layerwise,12,0.3615055525213909,0.3319188119772311,0.39132432643734205,0.8812760739621817,0.3469899892807007,0.07547169811320754
cf_mixtral,first,layerwise,16,0.4266338976879665,0.3952780742781026,0.4578558059592329,1.0400455643109017,0.3905239701271057,0.0660377358490566
cf_mixtral,first,layerwise,24,0.4746950664482068,0.44214877798985797,0.5066735641922971,1.1572087940860576,0.45883458852767944,0.10377358490566038
cf_mixtral,first,layerwise,32,0.4857090842890952,0.4531827020183422,0.5177540886917145,1.1840587009095307,0.4691096544265747,0.12264150943396226
cf_mixtral,first,layerwise,48,0.4889859821591116,0.4549246814159476,0.522911705819354,1.192047102939655,0.473241925239563,0.09433962264150944
cf_mixtral,first,layerwise,64,0.4001456399053341,0.3551945824880272,0.4447012921372545,0.9754726479007304,0.4078216552734375,0.02830188679245283
cf_mixtral,first,dla,1,0.10235754596759512,0.08602893509805257,0.12020255498903391,0.2495266134131873,0.09478886425495148,0.0
cf_mixtral,first,dla,2,0.17608774804296376,0.15732189500680807,0.19609125601362837,0.42926565909098335,0.16911619901657104,0.0
cf_mixtral,first,dla,3,0.23607318405243036,0.21278982393109291,0.26030228934990535,0.575497796253536,0.2274932563304901,0.009433962264150943
cf_mixtral,first,dla,4,0.2876388130347715,0.2610406733615744,0.3146639008872491,0.7012041781997971,0.2753146290779114,0.018867924528301886
cf_mixtral,first,dla,5,0.3262789004187147,0.29934010742657124,0.3535902721066305,0.7954007521383458,0.318062424659729,0.03773584905660377
cf_mixtral,first,dla,6,0.3637356635718187,0.3352393094964289,0.3927669887550165,0.886712625343794,0.3508361279964447,0.05660377358490566
cf_mixtral,first,dla,7,0.3839432004369197,0.3555376393378738,0.4124171351813183,0.9359744378628937,0.37644848227500916,0.08490566037735849
cf_mixtral,first,dla,8,0.4064263608228655,0.37812168439137045,0.43537068443168003,0.9907837517918019,0.39501240849494934,0.07547169811320754
cf_mixtral,first,dla,9,0.4229018751137812,0.39549617212393207,0.4508377572960217,1.0309476619988156,0.42087113857269287,0.08490566037735849
cf_mixtral,first,dla,10,0.4403786637538686,0.41188794239599946,0.4688993086403148,1.073552472826145,0.4328814148902893,0.10377358490566038
cf_mixtral,first,dla,12,0.4639541234298198,0.43512981114253074,0.493150791793081,1.1310245874317613,0.4639192223548889,0.10377358490566038
cf_mixtral,first,dla,16,0.4967231021299836,0.46758273147065516,0.5264073317277361,1.210908607733004,0.4956580400466919,0.1320754716981132
cf_mixtral,first,dla,24,0.5222100855634444,0.492824398296066,0.5513722402815383,1.2730406235228595,0.5098893642425537,0.1320754716981132
cf_mixtral,first,dla,32,0.5276715820134716,0.49843902740987844,0.5568777168265552,1.2863546269064,0.5254629850387573,0.1509433962264151
cf_mixtral,first,dla,48,0.5283087565993082,0.49870303953022266,0.5577183294193379,1.2879079273011462,0.5211206674575806,0.16037735849056603
cf_mixtral,first,dla,64,0.4001456399053341,0.3551945824880272,0.4447012921372545,0.9754726479007304,0.4078216552734375,0.02830188679245283
cf_mixtral,first,vnorm,1,-0.022938285090114693,-0.03696391401293714,-0.008798043264628975,-0.055918814210869895,-0.020303528755903244,0.0
cf_mixtral,first,vnorm,2,-0.0354542144547606,-0.05606820701606002,-0.01562894067662021,-0.08643007196481677,-0.027308838441967964,0.0
cf_mixtral,first,vnorm,3,-0.0508601856908793,-0.07337754780267455,-0.029001365660569902,-0.12398665650922044,-0.03826455771923065,0.0
cf_mixtral,first,vnorm,4,-0.04346440924813399,-0.06964304028919294,-0.01775856904820713,-0.10595727692734276,-0.03924903646111488,0.0
cf_mixtral,first,vnorm,5,-0.030493355179319132,-0.06248597622763143,0.0012069798303206358,-0.07433651889143418,-0.034615956246852875,0.0
cf_mixtral,first,vnorm,6,-0.002776260695430548,-0.039032002052185696,0.03407188166735342,-0.006767951719966396,0.0,0.0
cf_mixtral,first,vnorm,7,0.021117786273438924,-0.018127656313789105,0.059373388147515305,0.051480813083023075,0.02565789595246315,0.0
cf_mixtral,first,vnorm,8,0.0385945749135263,-0.00480259065336571,0.08318032295071479,0.09408562391035252,0.038530848920345306,0.0
cf_mixtral,first,vnorm,9,0.05807391225195704,0.012531785850464923,0.10394235284518605,0.14157223597831348,0.0498732253909111,0.0
cf_mixtral,first,vnorm,10,0.07582377571454578,0.028739511043113043,0.12175539233047766,0.18484274697481992,0.06312225759029388,0.0
cf_mixtral,first,vnorm,12,0.1190151101401784,0.07499191474901537,0.16328966442729398,0.29013432373298564,0.10457669198513031,0.0
cf_mixtral,first,vnorm,16,0.21504642271982524,0.17099924065226504,0.2589368282058025,0.5242388832269053,0.23723340034484863,0.0
cf_mixtral,first,vnorm,24,0.3358365192062625,0.29065200525668455,0.37983315237242377,0.8187002580595416,0.33718347549438477,0.009433962264150943
cf_mixtral,first,vnorm,32,0.380802839978154,0.3376113652227009,0.4238762224426682,0.9283188859173579,0.3749158978462219,0.018867924528301886
cf_mixtral,first,vnorm,48,0.3972783542690697,0.35227118253419026,0.44157083279107384,0.9684827961243716,0.3950570225715637,0.02830188679245283
cf_mixtral,first,vnorm,64,0.4001456399053341,0.3551945824880272,0.4447012921372545,0.9754726479007304,0.4078216552734375,0.02830188679245283
cf_mixtral,first,weight,1,0.029082468596395412,0.01735047934028574,0.04126592252250231,0.0708970680173529,0.008608032017946243,0.0
cf_mixtral,first,weight,2,0.05470598944110686,0.03942603162807752,0.07031258894821933,0.13336193389179685,0.030231494456529617,0.0
cf_mixtral,first,weight,3,0.07919169852539595,0.05775694274792364,0.10213935744352379,0.19305304906133655,0.05031578987836838,0.009433962264150943
cf_mixtral,first,weight,4,0.09985436009466594,0.0784381895278987,0.12174559551310653,0.2434243618623979,0.07678329944610596,0.0
cf_mixtral,first,weight,5,0.11068632805388677,0.08768258618351672,0.1336834582050927,0.26983046857308646,0.08248905837535858,0.0
cf_mixtral,first,weight,6,0.1301656653923175,0.10451240979345473,0.1554812225706337,0.3173170806410474,0.11353383958339691,0.0
cf_mixtral,first,weight,7,0.14718732932823594,0.11683812650167094,0.17777094153310957,0.35881239118641517,0.11653116345405579,0.009433962264150943
cf_mixtral,first,weight,8,0.16930638995084654,0.1370732743520001,0.203476671571326,0.412734104889754,0.12732096016407013,0.018867924528301886
cf_mixtral,first,weight,9,0.18955943928636446,0.15641924344093822,0.2241322107387238,0.4621068674370498,0.1565563678741455,0.018867924528301886
cf_mixtral,first,weight,10,0.2050336792281085,0.17098879141875709,0.24032301510729717,0.49982987702374776,0.17650523781776428,0.018867924528301886
cf_mixtral,first,weight,12,0.22451301656653924,0.18882983711570098,0.2607149747552109,0.5473164890917087,0.19638553261756897,0.02830188679245283
cf_mixtral,first,weight,16,0.2544147096304387,0.21896110677389366,0.29041748804477446,0.6202106576165927,0.23284530639648438,0.02830188679245283
cf_mixtral,first,weight,24,0.2925086473693792,0.2548705632339148,0.3312230676793921,0.7130758312167873,0.27804094552993774,0.009433962264150943
cf_mixtral,first,weight,32,0.3230020025486983,0.28457535523696914,0.3610611523625346,0.7874123501082215,0.32249999046325684,0.0
cf_mixtral,first,weight,48,0.3715638084835245,0.3281940940559606,0.4149224660708328,0.9057960301935354,0.3640669584274292,0.018867924528301886
cf_mixtral,first,weight,64,0.4001456399053341,0.3551945824880272,0.4447012921372545,0.9754726479007304,0.4078216552734375,0.02830188679245283
cf_mixtral,first,rand,1,0.006772255625703959,0.003426068158928832,0.010158518272548229,0.016509364263044158,0.00407867506146431,0.0
cf_mixtral,first,rand,2,0.012998361600301489,0.007826630658661288,0.018354106887818335,0.03168732817285471,0.009639954194426537,0.0
cf_mixtral,first,rand,3,0.01995266704867061,0.013386293261537306,0.02645267914809476,0.048640492404847815,0.014282082207500935,0.0
cf_mixtral,first,rand,4,0.028691061249353098,0.019435637058495818,0.037813506204222594,0.0699428975275345,0.02434636279940605,0.0
cf_mixtral,first,rand,5,0.03677407603174443,0.026225013343064364,0.04707883204716887,0.08964762262379042,0.03242646902799606,0.0
cf_mixtral,first,rand,6,0.04594939025876823,0.034298995674980494,0.057118073937153915,0.11201514877370322,0.04354364424943924,0.0
cf_mixtral,first,rand,7,0.05070089211630817,0.03859097537129698,0.06212632487391266,0.12359833158578198,0.050727326422929764,0.0
cf_mixtral,first,rand,8,0.057418532864184364,0.04418773487285542,0.06980571618936963,0.13997455602628048,0.05801896005868912,0.0018867924528301887
cf_mixtral,first,rand,9,0.0665574363255987,0.05240791405995074,0.0798197950373989,0.1622533202295441,0.06704120337963104,0.0018867924528301887
cf_mixtral,first,rand,10,0.07518660131724571,0.060182999571204245,0.08957166486634936,0.18328944703968655,0.07974358648061752,0.0037735849056603774
cf_mixtral,first,rand,12,0.09421081389996516,0.07665980003895069,0.11113168019144928,0.2296665587000362,0.08621674031019211,0.0018867924528301887
cf_mixtral,first,rand,16,0.12738030266044528,0.10569411975922413,0.14894051479809342,0.310526940031078,0.11632730066776276,0.009433962264150943
cf_mixtral,first,rand,24,0.17923721154324673,0.15367258471243825,0.20511786835646542,0.43694340237668944,0.1733109951019287,0.016981132075471698
cf_mixtral,first,rand,32,0.23335153860308402,0.20306346897347488,0.2640012703353936,0.5688629852538486,0.21707162261009216,0.01509433962264151
cf_mixtral,first,rand,48,0.32129983643560533,0.2838884873512698,0.3583662411458629,0.7832628197374831,0.31595170497894287,0.011320754716981133
cf_mixtral,first,rand,64,0.4001456399053341,0.3551945824880272,0.4447012921372545,0.9754726479007304,0.4078216552734375,0.02830188679245283
wino_qwen3,mean,oracle,1,0.21422389351478796,0.200645382294571,0.2292247290915035,0.2541694699196204,0.195387065410614,0.01171875
wino_qwen3,mean,oracle,2,0.3224400871459695,0.30580927904393274,0.3402108796482962,0.3825643567862328,0.3172667622566223,0.05078125
wino_qwen3,mean,oracle,3,0.3931118870683738,0.3742151009172792,0.4124190484139789,0.4664140788215715,0.3832702040672302,0.08203125
wino_qwen3,mean,oracle,4,0.44080341421195574,0.42115987474399563,0.4609882197402152,0.5229984773910272,0.4396969676017761,0.109375
wino_qwen3,mean,oracle,5,0.46906616527889694,0.45000113444590367,0.4884228050556929,0.5565312843029637,0.46470099687576294,0.140625
wino_qwen3,mean,oracle,6,0.4951502671083654,0.4757839933648562,0.5148005802564303,0.5874791969122907,0.48928409814834595,0.16796875
wino_qwen3,mean,oracle,7,0.5129972841495807,0.4936907163149712,0.5329974345286846,0.6086540844870932,0.5056293606758118,0.17578125
wino_qwen3,mean,oracle,8,0.5314710359029456,0.5117924387658191,0.5520733011894956,0.6305725717927836,0.5232684016227722,0.19140625
wino_qwen3,mean,oracle,9,0.5429910168024592,0.522735874971651,0.5637933270784733,0.6442406430367197,0.5355578064918518,0.2109375
wino_qwen3,mean,oracle,10,0.5534365953382875,0.5332153353055968,0.5738687477247948,0.6566339718848483,0.546359121799469,0.2265625
wino_qwen3,mean,oracle,12,0.5720595696421643,0.5515153185458945,0.5927174670084866,0.6787295067455118,0.5561438798904419,0.23046875
wino_qwen3,mean,oracle,16,0.6004118542394127,0.5805295024972141,0.6216366955383209,0.7123685421904323,0.5972222089767456,0.24609375
wino_qwen3,mean,oracle,24,0.6375981138269615,0.6171623625318846,0.6588358615321397,0.7564887928897702,0.6365491151809692,0.27734375
wino_qwen3,mean,oracle,32,0.6632345480048945,0.6437069807810909,0.6836835732352655,0.7869055628341772,0.6540836095809937,0.3046875
wino_qwen3,mean,oracle,48,0.6907213418091742,0.6710082421171262,0.7108090459174654,0.8195177224602528,0.6825757622718811,0.3125
wino_qwen3,mean,oracle,64,0.7175814009013042,0.6984553823741338,0.7373828200296181,0.8513862823554407,0.7133928537368774,0.328125
wino_qwen3,mean,oracle,96,0.7529769898827111,0.7338509229999808,0.7724017545145212,0.8933819623950994,0.75,0.34375
wino_qwen3,mean,oracle,128,0.7812695854597547,0.7631833008539833,0.8003967422051798,0.9269501788180305,0.7755101919174194,0.3671875
wino_qwen3,mean,oracle,192,0.8155907720774763,0.7979926772748608,0.8338736781989446,0.9676711164618816,0.800000011920929,0.37109375
wino_qwen3,mean,oracle,256,0.8309606947801952,0.8127321694703257,0.8494324515320946,0.985907014624128,0.8333333134651184,0.390625
wino_qwen3,mean,oracle,320,0.8456740382606619,0.8293742498899196,0.8624992588741678,1.0033639035444921,0.8473824262619019,0.37109375
wino_qwen3,mean,oracle,384,0.8367505297400544,0.8172714268691146,0.8559665672538624,0.9927764597570907,0.8395402431488037,0.3359375
wino_qwen3,mean,pop,1,0.12421285104605008,0.10583042062087787,0.14397547243877057,0.14737438475974646,0.11363636702299118,0.00390625
wino_qwen3,mean,pop,2,0.20434536067090459,0.17933193912302736,0.22894423290587962,0.2424489217803902,0.21602565050125122,0.01953125
wino_qwen3,mean,pop,3,0.2615572865371415,0.23292031717419326,0.2895389868527581,0.3103289543571403,0.28834640979766846,0.0390625
wino_qwen3,mean,pop,4,0.2914316411496105,0.26442625720701757,0.3182501767341028,0.34577387486278816,0.30571430921554565,0.046875
wino_qwen3,mean,pop,5,0.32041066045900857,0.2914784809985224,0.3482551392423651,0.38015651003859635,0.3333333432674408,0.07421875
wino_qwen3,mean,pop,6,0.3558360939505178,0.3241096220763312,0.38674331769286097,0.4221875995892497,0.36939191818237305,0.09375
wino_qwen3,mean,pop,7,0.3782194765272928,0.3474536769645138,0.4069772633147894,0.4487447328352395,0.4000000059604645,0.09765625
wino_qwen3,mean,pop,8,0.401348971856627,0.3713630190189831,0.4297214625591254,0.47618710385609575,0.4220486283302307,0.11328125
wino_qwen3,mean,pop,9,0.42420986659503984,0.39413429215046286,0.45282455253081366,0.5033107892780001,0.4387499988079071,0.14453125
wino_qwen3,mean,pop,10,0.4444444444444444,0.4129507216194523,0.47417108581656736,0.527318437732375,0.4589199423789978,0.1484375
wino_qwen3,mean,pop,12,0.47581102456203184,0.4445363176056438,0.5057046772333573,0.5645338337877553,0.49058762192726135,0.1640625
wino_qwen3,mean,pop,16,0.5341570418121586,0.5026207322302767,0.5649155463778398,0.6337594277823023,0.5409836173057556,0.22265625
wino_qwen3,mean,pop,24,0.6062613782194766,0.574376038722986,0.6372323234052917,0.7193088063453844,0.6243279576301575,0.2578125
wino_qwen3,mean,pop,32,0.6506700092517982,0.6192701118329081,0.6817279966172182,0.7719981587054283,0.668498158454895,0.28515625
wino_qwen3,mean,pop,48,0.7026591458501209,0.6733468041175368,0.7313321824249657,0.8336815268581141,0.7096773982048035,0.32421875
wino_qwen3,mean,pop,64,0.7272808666845734,0.6987167964374553,0.7556803039171053,0.8628943734287029,0.7489495873451233,0.32421875
wino_qwen3,mean,pop,96,0.7606171844689169,0.7363299177041908,0.785315496107096,0.9024467972097305,0.7750278115272522,0.3515625
wino_qwen3,mean,pop,128,0.7831497895962037,0.7604448555039879,0.8062481156266074,0.9291809780106937,0.7954545617103577,0.3359375
wino_qwen3,mean,pop,192,0.8109350285015071,0.792281694767853,0.8296877861988429,0.9621472327467158,0.8235294222831726,0.34765625
wino_qwen3,mean,pop,256,0.8191721132897604,0.8003952823552314,0.837553018385269,0.97192025778124,0.8307352066040039,0.3515625
wino_qwen3,mean,pop,320,0.8299161369266124,0.8127854681816253,0.8473227452018071,0.9846676817393152,0.8409090638160706,0.35546875
wino_qwen3,mean,pop,384,0.8367505297400544,0.8172714268691146,0.8559665672538624,0.9927764597570907,0.8395402431488037,0.3359375
wino_qwen3,mean,layerwise,1,0.13274838093532695,0.11537310312248862,0.15097003506981405,0.15750150490421727,0.11873433738946915,0.00390625
wino_qwen3,mean,layerwise,2,0.1640254275226072,0.1453939895837765,0.18286715480130702,0.19461067242661378,0.15767045319080353,0.00390625
wino_qwen3,mean,layerwise,3,0.19452651684722597,0.17430013556112187,0.21550425506971005,0.23079919266314933,0.18722614645957947,0.0078125
wino_qwen3,mean,layerwise,4,0.19957023905452592,0.18014024293706993,0.21985006946249017,0.2367834000212457,0.18867924809455872,0.0078125
wino_qwen3,mean,layerwise,5,0.2101650401408661,0.19011685506948509,0.23116837890298159,0.24935377642434758,0.1913919448852539,0.01171875
wino_qwen3,mean,layerwise,6,0.21446264959560687,0.19465437155196766,0.2347340305490412,0.2544527460075776,0.20454545319080353,0.015625
wino_qwen3,mean,layerwise,7,0.21780523472707194,0.19873790858398246,0.23760748167297985,0.2584186112389788,0.20588235557079315,0.015625
wino_qwen3,mean,layerwise,8,0.22025248455546603,0.2011779292000604,0.24019744388005898,0.26132219114054034,0.2068965584039688,0.015625
wino_qwen3,mean,layerwise,9,0.2889545468111141,0.2648105425192294,0.31262829571292783,0.34283488545023194,0.2909946143627167,0.0390625
wino_qwen3,mean,layerwise,10,0.32127615125197717,0.29841519924615345,0.3440664305584196,0.3811833858574413,0.31979382038116455,0.05078125
wino_qwen3,mean,layerwise,12,0.3448831587429492,0.3236667010961284,0.3663594652354285,0.40919230905421194,0.3453443944454193,0.0546875
wino_qwen3,mean,layerwise,16,0.36117826125884145,0.34025217236779454,0.38238133727669266,0.4285259020572926,0.3623737394809723,0.0625
wino_qwen3,mean,layerwise,24,0.4768257379055123,0.45391726090542023,0.49976507631543365,0.5657377571615736,0.4794957935810089,0.140625
wino_qwen3,mean,layerwise,32,0.5329035723878592,0.510895187228981,0.5549835279400062,0.6322722283205269,0.541084349155426,0.1953125
wino_qwen3,mean,layerwise,48,0.6284060047154326,0.6106450437978239,0.6466052288332184,0.7455826635034171,0.6341056823730469,0.28125
wino_qwen3,mean,layerwise,64,0.6830214582027636,0.6658312067596786,0.7012508121384905,0.8103820686236323,0.6870335936546326,0.33203125
wino_qwen3,mean,layerwise,96,0.7507983406452383,0.7314891777967225,0.7701617738324418,0.8907970680924896,0.7395652532577515,0.34765625
wino_qwen3,mean,layerwise,128,0.7881636672934014,0.768819513311061,0.8076206035208177,0.9351297758577954,0.7837662696838379,0.35546875
wino_qwen3,mean,layerwise,192,0.8119198973348852,0.7941218160176167,0.8294612585913638,0.9633157466095393,0.810661792755127,0.36328125
wino_qwen3,mean,layerwise,256,0.8183364670068941,0.8011808788108584,0.8354175121806152,0.9709287914733897,0.8181818127632141,0.36328125
wino_qwen3,mean,layerwise,320,0.826871996896171,0.8103145988886101,0.843818319088763,0.9810559116178605,0.8314430117607117,0.36328125
wino_qwen3,mean,layerwise,384,0.8367505297400544,0.8172714268691146,0.8559665672538624,0.9927764597570907,0.8395402431488037,0.3359375
wino_qwen3,mean,dla,1,0.1743516280180261,0.1617098866043509,0.1884317866302252,0.2068623632307638,0.17274536192417145,0.00390625
wino_qwen3,mean,dla,2,0.2862983854120035,0.2715917762867549,0.3017634276890882,0.3396834389717078,0.2834847569465637,0.03515625
wino_qwen3,mean,dla,3,0.3650580475721491,0.34815814768599196,0.3834670118788316,0.4331291384865975,0.3597753047943115,0.0625
wino_qwen3,mean,dla,4,0.42367266541319726,0.4052185512304,0.4432756193879042,0.5026734180800964,0.4117647111415863,0.10546875
wino_qwen3,mean,dla,5,0.46387322052108515,0.4446143850374325,0.48484507178831787,0.5503700293898941,0.4583333432674408,0.1328125
wino_qwen3,mean,dla,6,0.5012087026591459,0.4816293860095387,0.5227447729002377,0.5946673276442053,0.49579423666000366,0.18359375
wino_qwen3,mean,dla,7,0.5328140388575522,0.5133425496764432,0.5539232150962384,0.632165999787543,0.5322916507720947,0.19921875
wino_qwen3,mean,dla,8,0.5592861193183514,0.5399885328214024,0.5800492119258743,0.6635742360398003,0.5595575571060181,0.2109375
wino_qwen3,mean,dla,9,0.5845942638851583,0.5647840464941286,0.6052837997814982,0.6936015013632661,0.5838744640350342,0.234375
wino_qwen3,mean,dla,10,0.6057241770376339,0.5862562334676069,0.6263054193249619,0.7186714351474807,0.6025747060775757,0.2421875
wino_qwen3,mean,dla,12,0.6414182111200645,0.6219332963898077,0.6623161179862554,0.7610212102970858,0.64241623878479,0.26171875
wino_qwen3,mean,dla,16,0.6927507684961351,0.6726472236824352,0.7139662953969487,0.8219255692078893,0.6798654198646545,0.3046875
wino_qwen3,mean,dla,24,0.7581400901304205,0.737375856182887,0.7803531888467545,0.8995078077971743,0.7546001672744751,0.35546875
wino_qwen3,mean,dla,32,0.7988480019100487,0.7764345487733771,0.8220816856127262,0.9478063807938812,0.7884868383407593,0.34375
wino_qwen3,mean,dla,48,0.8425105201898111,0.8215314842054265,0.8638690546422472,0.9996104953790588,0.8417843580245972,0.3828125
wino_qwen3,mean,dla,64,0.8636105888321843,0.8434240475789103,0.8840308889124894,1.0246450196522785,0.859824538230896,0.39453125
wino_qwen3,mean,dla,96,0.8789805115349032,0.8590788758813066,0.899183909938397,1.042880917814525,0.8776208758354187,0.3984375
wino_qwen3,mean,dla,128,0.8838153221714865,0.864567984100579,0.9033142918463125,1.0486172585956588,0.886019229888916,0.3828125
wino_qwen3,mean,dla,192,0.8869489957322351,0.8676004871874408,0.9061106157038487,1.0523352572500975,0.8870581984519958,0.390625
wino_qwen3,mean,dla,256,0.8882323096666368,0.8691043616640549,0.9073343157827054,1.0538578662228675,0.8930952548980713,0.390625
wino_qwen3,mean,dla,320,0.8806219595905334,0.86222032187291,0.8989487063881975,1.044828440919231,0.8843367099761963,0.390625
wino_qwen3,mean,dla,384,0.8367505297400544,0.8172714268691146,0.8559665672538624,0.9927764597570907,0.8395402431488037,0.3359375
wino_qwen3,mean,vnorm,1,0.02921777539021697,0.01386299769368086,0.04489355672331087,0.03466591126376545,0.019049346446990967,0.0
wino_qwen3,mean,vnorm,2,0.06425523025039544,0.04584712032948703,0.08419307879324381,0.07623667717148826,0.05291375517845154,0.00390625
wino_qwen3,mean,vnorm,3,0.08595218909481601,0.06264258131939235,0.11057093372885388,0.10197939166460111,0.07453703880310059,0.0078125
wino_qwen3,mean,vnorm,4,0.12543647596024712,0.0987813703875907,0.15159521218112948,0.14882617471052725,0.11611054837703705,0.015625
wino_qwen3,mean,vnorm,5,0.15029695287551856,0.12342431199097595,0.17581697488825115,0.17832229736907335,0.14132104814052582,0.015625
wino_qwen3,mean,vnorm,6,0.16202584534574865,0.1335289827468023,0.1888652052333939,0.19223823518997202,0.15217390656471252,0.01171875
wino_qwen3,mean,vnorm,7,0.18772196854388634,0.15899233701912321,0.21540399283419145,0.2227258241563684,0.173623189330101,0.01953125
wino_qwen3,mean,vnorm,8,0.2039573820395738,0.17621944284640786,0.23170202886856214,0.2419885981374597,0.20144927501678467,0.01171875
wino_qwen3,mean,vnorm,9,0.2223416002626317,0.1941411611780046,0.2505784502239591,0.2638008569101661,0.21712937951087952,0.01953125
wino_qwen3,mean,vnorm,10,0.24836601307189543,0.22000091975942523,0.27641862223811864,0.2946779504975036,0.23769168555736542,0.02734375
wino_qwen3,mean,vnorm,12,0.2885068791595786,0.2613183611277312,0.31592198248413406,0.3423037427853121,0.2817460298538208,0.046875
wino_qwen3,mean,vnorm,16,0.34324171068731907,0.3137185219882296,0.3722540969385224,0.407244785949506,0.3463735580444336,0.05859375
wino_qwen3,mean,vnorm,24,0.4695735219506372,0.44067576918728163,0.4982341928714627,0.5571332459898729,0.46770179271698,0.09375
wino_qwen3,mean,vnorm,32,0.5577342047930284,0.5307685985632534,0.5849495182892321,0.6617329414680784,0.5495558977127075,0.16015625
wino_qwen3,mean,vnorm,48,0.6621303011311069,0.636372783498498,0.6871674210576241,0.7855954109273751,0.6666666865348816,0.19921875
wino_qwen3,mean,vnorm,64,0.7212821201539976,0.6979898571884936,0.7441839855857895,0.8557770617187777,0.7272727489471436,0.24609375
wino_qwen3,mean,vnorm,96,0.7887904020055511,0.766907006056201,0.8106459359505798,0.9358733755886831,0.8010416626930237,0.28515625
wino_qwen3,mean,vnorm,128,0.8149341928552243,0.7944482178715682,0.8355943858000285,0.9668921072199993,0.8146238923072815,0.3046875
wino_qwen3,mean,vnorm,192,0.8330498104873608,0.8139707374084422,0.8519525996231844,0.9883856803937537,0.8290364146232605,0.30859375
wino_qwen3,mean,vnorm,256,0.8393768466290625,0.8204726942039331,0.8580061731257405,0.9958924967246202,0.8387096524238586,0.3203125
wino_qwen3,mean,vnorm,320,0.8397648252603933,0.8207847100542234,0.8582427329874129,0.9963528203675507,0.8458568453788757,0.33203125
wino_qwen3,mean,vnorm,384,0.8367505297400544,0.8172714268691146,0.8559665672538624,0.9927764597570907,0.8395402431488037,0.3359375
wino_qwen3,mean,weight,1,0.020204733339302235,0.007502015090072631,0.03508480062076922,0.023972238943380193,0.0,0.00390625
wino_qwen3,mean,weight,2,0.025397678097114035,0.009843558088663251,0.04204649369626645,0.030133493856449842,0.012202381156384945,0.00390625
wino_qwen3,mean,weight,3,0.03802190587041514,0.01981437234827723,0.05777743041227,0.04511171700718813,0.016009220853447914,0.0078125
wino_qwen3,mean,weight,4,0.05189960306801564,0.032199592735123614,0.07272465341383827,0.061577139619701855,0.02644454874098301,0.0078125
wino_qwen3,mean,weight,5,0.0701942877607664,0.049134500206070894,0.09289714250996518,0.08328316985942424,0.03759811818599701,0.01171875
wino_qwen3,mean,weight,6,0.08207240278150835,0.059266542146313494,0.10587376438534693,0.0973761552352962,0.050633810460567474,0.015625
wino_qwen3,mean,weight,7,0.0882800608828006,0.06539154967984652,0.11178314730881977,0.10474133352218405,0.0591147355735302,0.01953125
wino_qwen3,mean,weight,8,0.09415942937296684,0.0709706630266418,0.11879777313044888,0.11171700718813073,0.060462988913059235,0.01953125
wino_qwen3,mean,weight,9,0.11155877876264661,0.08708207268063486,0.13682159752488143,0.13236075209801354,0.08003201335668564,0.02734375
wino_qwen3,mean,weight,10,0.12301907064195541,0.0983375064780514,0.14896185618572796,0.14595800431996034,0.09009740501642227,0.02734375
wino_qwen3,mean,weight,12,0.14898379443101442,0.12346650631336203,0.1772243366069139,0.1767642788853086,0.11459115147590637,0.03125
wino_qwen3,mean,weight,16,0.18396156027098814,0.15700161093305817,0.21098200091753194,0.2182642257710421,0.14738474786281586,0.04296875
wino_qwen3,mean,weight,24,0.2582743904258812,0.233270583959488,0.284294586138672,0.3064339081477285,0.24852940440177917,0.0625
wino_qwen3,mean,weight,32,0.3230071328379145,0.29877784998971485,0.3481195148620771,0.3832371374951312,0.31147539615631104,0.09375
wino_qwen3,mean,weight,48,0.4140627331602352,0.38893677057121995,0.4397550913017681,0.491271555539818,0.41187888383865356,0.1328125
wino_qwen3,mean,weight,64,0.48195899364311934,0.45484542948003576,0.5089576320122176,0.571828193052654,0.4711431860923767,0.16015625
wino_qwen3,mean,weight,96,0.5962634673351837,0.5692258583063806,0.6229647588333139,0.7074466201621755,0.609035313129425,0.23046875
wino_qwen3,mean,weight,128,0.6833199033037872,0.6606581513359765,0.7065329051659797,0.8107361637335788,0.6938329935073853,0.25
wino_qwen3,mean,weight,192,0.7719282537977139,0.7491517500718102,0.7944500125971274,0.9158670018767041,0.782608687877655,0.29296875
wino_qwen3,mean,weight,256,0.8112633181126332,0.789745894672389,0.8323396818006765,0.962536737367657,0.8190909028053284,0.296875
wino_qwen3,mean,weight,320,0.8283940669113916,0.8079211227499746,0.8480215368184515,0.9828617966785879,0.8362864255905151,0.30859375
wino_qwen3,mean,weight,384,0.8367505297400544,0.8172714268691146,0.8559665672538624,0.9927764597570907,0.8395402431488037,0.3359375
wino_qwen3,mean,rand,1,0.004727370452424756,0.0024476813858976773,0.007007494008278928,0.005608866603498329,0.004446640610694885,0.0
wino_qwen3,mean,rand,2,0.008583281184422545,0.005221507364259403,0.011970118309823053,0.010183775455771617,0.007547169923782349,0.0
wino_qwen3,mean,rand,3,0.009001104099049572,0.004800826121425669,0.012982098881052064,0.010679508340598918,0.010323010385036469,0.0
wino_qwen3,mean,rand,4,0.013012206437985707,0.008660299735118754,0.017233337742179007,0.015438546833241992,0.012084702029824257,0.0
wino_qwen3,mean,rand,5,0.013644910047797646,0.009186177750011243,0.018122740100124397,0.01618922846115774,0.011352657340466976,0.0
wino_qwen3,mean,rand,6,0.016396573895334637,0.011401556594607582,0.02138104691308779,0.01945398539396543,0.01428571529686451,0.0
wino_qwen3,mean,rand,7,0.018742352306929968,0.01327713897303249,0.0242494520942915,0.02223717286032019,0.01666666753590107,0.0
wino_qwen3,mean,rand,8,0.02309965072228331,0.017377614907569807,0.028947616246473507,0.02740696139483541,0.021114427596330643,0.0
wino_qwen3,mean,rand,9,0.025946817017357227,0.019772640154057088,0.03195436853485569,0.03078502878087138,0.02320512756705284,0.0
wino_qwen3,mean,rand,10,0.02802996393359294,0.021623504199522768,0.034228762508280296,0.03325661278010335,0.023240115493535995,0.0
wino_qwen3,mean,rand,12,0.03368848303059034,0.026933848979181992,0.04032154882346269,0.039970256042845174,0.029459979385137558,0.00078125
wino_qwen3,mean,rand,16,0.04470110715429967,0.03687345867830999,0.052246017933271056,0.05303636547640377,0.04369034990668297,0.00078125
wino_qwen3,mean,rand,24,0.06815889219882384,0.05912564050991979,0.07709251937612559,0.08086824124166958,0.07013867795467377,0.00078125
wino_qwen3,mean,rand,32,0.09030351867877007,0.07936790372318352,0.10116573752717176,0.10714209838070708,0.08571428060531616,0.004687500000000001
wino_qwen3,mean,rand,48,0.1369803328266409,0.1253148062328039,0.14857770941711165,0.16252257398896133,0.14113959670066833,0.0140625
wino_qwen3,mean,rand,64,0.1817291909710098,0.16795114319548501,0.19534777446548787,0.21561559441470293,0.18129369616508484,0.017968750000000002
wino_qwen3,mean,rand,96,0.2671620848889914,0.25175516435668555,0.2824112185015089,0.3169788597562209,0.2591378092765808,0.04296875
wino_qwen3,mean,rand,128,0.35599128462176977,0.337911877226898,0.3743496317400818,0.42237172811945894,0.345584511756897,0.09140625000000001
wino_qwen3,mean,rand,192,0.5154624405584478,0.49269320295351815,0.5379289685298141,0.6115789099462452,0.5135897397994995,0.15078125
wino_qwen3,mean,rand,256,0.6522278930434545,0.6298097911133297,0.6745590391661697,0.7738465356115942,0.6548482179641724,0.21406250000000002
wino_qwen3,mean,rand,320,0.7632315622560196,0.741881151461509,0.7841164275496924,0.9055486688329893,0.7626841068267822,0.28359375
wino_qwen3,mean,rand,384,0.8367505297400544,0.8172714268691146,0.8559665672538624,0.9927764597570907,0.8395402431488037,0.3359375
wino_qwen3,first,oracle,1,0.21422389351478796,0.200645382294571,0.2292247290915035,0.2541694699196204,0.195387065410614,0.01171875
wino_qwen3,first,oracle,2,0.3224400871459695,0.30580927904393274,0.3402108796482962,0.3825643567862328,0.3172667622566223,0.05078125
wino_qwen3,first,oracle,3,0.3931118870683738,0.3742151009172792,0.4124190484139789,0.4664140788215715,0.3832702040672302,0.08203125
wino_qwen3,first,oracle,4,0.44080341421195574,0.42115987474399563,0.4609882197402152,0.5229984773910272,0.4396969676017761,0.109375
wino_qwen3,first,oracle,5,0.46906616527889694,0.45000113444590367,0.4884228050556929,0.5565312843029637,0.46470099687576294,0.140625
wino_qwen3,first,oracle,6,0.4951502671083654,0.4757839933648562,0.5148005802564303,0.5874791969122907,0.48928409814834595,0.16796875
wino_qwen3,first,oracle,7,0.5129972841495807,0.4936907163149712,0.5329974345286846,0.6086540844870932,0.5056293606758118,0.17578125
wino_qwen3,first,oracle,8,0.5314710359029456,0.5117924387658191,0.5520733011894956,0.6305725717927836,0.5232684016227722,0.19140625
wino_qwen3,first,oracle,9,0.5429910168024592,0.522735874971651,0.5637933270784733,0.6442406430367197,0.5355578064918518,0.2109375
wino_qwen3,first,oracle,10,0.5534365953382875,0.5332153353055968,0.5738687477247948,0.6566339718848483,0.546359121799469,0.2265625
wino_qwen3,first,oracle,12,0.5720595696421643,0.5515153185458945,0.5927174670084866,0.6787295067455118,0.5561438798904419,0.23046875
wino_qwen3,first,oracle,16,0.6004118542394127,0.5805295024972141,0.6216366955383209,0.7123685421904323,0.5972222089767456,0.24609375
wino_qwen3,first,oracle,24,0.6375981138269615,0.6171623625318846,0.6588358615321397,0.7564887928897702,0.6365491151809692,0.27734375
wino_qwen3,first,oracle,32,0.6632345480048945,0.6437069807810909,0.6836835732352655,0.7869055628341772,0.6540836095809937,0.3046875
wino_qwen3,first,oracle,48,0.6907213418091742,0.6710082421171262,0.7108090459174654,0.8195177224602528,0.6825757622718811,0.3125
wino_qwen3,first,oracle,64,0.7175814009013042,0.6984553823741338,0.7373828200296181,0.8513862823554407,0.7133928537368774,0.328125
wino_qwen3,first,oracle,96,0.7529769898827111,0.7338509229999808,0.7724017545145212,0.8933819623950994,0.75,0.34375
wino_qwen3,first,oracle,128,0.7812695854597547,0.7631833008539833,0.8003967422051798,0.9269501788180305,0.7755101919174194,0.3671875
wino_qwen3,first,oracle,192,0.8155907720774763,0.7979926772748608,0.8338736781989446,0.9676711164618816,0.800000011920929,0.37109375
wino_qwen3,first,oracle,256,0.8309606947801952,0.8127321694703257,0.8494324515320946,0.985907014624128,0.8333333134651184,0.390625
wino_qwen3,first,oracle,320,0.8456740382606619,0.8293742498899196,0.8624992588741678,1.0033639035444921,0.8473824262619019,0.37109375
wino_qwen3,first,oracle,384,0.8367505297400544,0.8172714268691146,0.8559665672538624,0.9927764597570907,0.8395402431488037,0.3359375
wino_qwen3,first,pop,1,0.12421285104605008,0.10583042062087787,0.14397547243877057,0.14737438475974646,0.11363636702299118,0.00390625
wino_qwen3,first,pop,2,0.20434536067090459,0.17933193912302736,0.22894423290587962,0.2424489217803902,0.21602565050125122,0.01953125
wino_qwen3,first,pop,3,0.2615572865371415,0.23292031717419326,0.2895389868527581,0.3103289543571403,0.28834640979766846,0.0390625
wino_qwen3,first,pop,4,0.2914316411496105,0.26442625720701757,0.3182501767341028,0.34577387486278816,0.30571430921554565,0.046875
wino_qwen3,first,pop,5,0.32041066045900857,0.2914784809985224,0.3482551392423651,0.38015651003859635,0.3333333432674408,0.07421875
wino_qwen3,first,pop,6,0.3558360939505178,0.3241096220763312,0.38674331769286097,0.4221875995892497,0.36939191818237305,0.09375
wino_qwen3,first,pop,7,0.3782194765272928,0.3474536769645138,0.4069772633147894,0.4487447328352395,0.4000000059604645,0.09765625
wino_qwen3,first,pop,8,0.401348971856627,0.3713630190189831,0.4297214625591254,0.47618710385609575,0.4220486283302307,0.11328125
wino_qwen3,first,pop,9,0.42420986659503984,0.39413429215046286,0.45282455253081366,0.5033107892780001,0.4387499988079071,0.14453125
wino_qwen3,first,pop,10,0.4444444444444444,0.4129507216194523,0.47417108581656736,0.527318437732375,0.4589199423789978,0.1484375
wino_qwen3,first,pop,12,0.47581102456203184,0.4445363176056438,0.5057046772333573,0.5645338337877553,0.49058762192726135,0.1640625
wino_qwen3,first,pop,16,0.5341570418121586,0.5026207322302767,0.5649155463778398,0.6337594277823023,0.5409836173057556,0.22265625
wino_qwen3,first,pop,24,0.6062613782194766,0.574376038722986,0.6372323234052917,0.7193088063453844,0.6243279576301575,0.2578125
wino_qwen3,first,pop,32,0.6506700092517982,0.6192701118329081,0.6817279966172182,0.7719981587054283,0.668498158454895,0.28515625
wino_qwen3,first,pop,48,0.7026591458501209,0.6733468041175368,0.7313321824249657,0.8336815268581141,0.7096773982048035,0.32421875
wino_qwen3,first,pop,64,0.7272808666845734,0.6987167964374553,0.7556803039171053,0.8628943734287029,0.7489495873451233,0.32421875
wino_qwen3,first,pop,96,0.7606171844689169,0.7363299177041908,0.785315496107096,0.9024467972097305,0.7750278115272522,0.3515625
wino_qwen3,first,pop,128,0.7831497895962037,0.7604448555039879,0.8062481156266074,0.9291809780106937,0.7954545617103577,0.3359375
wino_qwen3,first,pop,192,0.8109350285015071,0.792281694767853,0.8296877861988429,0.9621472327467158,0.8235294222831726,0.34765625
wino_qwen3,first,pop,256,0.8191721132897604,0.8003952823552314,0.837553018385269,0.97192025778124,0.8307352066040039,0.3515625
wino_qwen3,first,pop,320,0.8299161369266124,0.8127854681816253,0.8473227452018071,0.9846676817393152,0.8409090638160706,0.35546875
wino_qwen3,first,pop,384,0.8367505297400544,0.8172714268691146,0.8559665672538624,0.9927764597570907,0.8395402431488037,0.3359375
wino_qwen3,first,layerwise,1,0.13274838093532695,0.11537310312248862,0.15097003506981405,0.15750150490421727,0.11873433738946915,0.00390625
wino_qwen3,first,layerwise,2,0.1640254275226072,0.1453939895837765,0.18286715480130702,0.19461067242661378,0.15767045319080353,0.00390625
wino_qwen3,first,layerwise,3,0.19452651684722597,0.17430013556112187,0.21550425506971005,0.23079919266314933,0.18722614645957947,0.0078125
wino_qwen3,first,layerwise,4,0.19957023905452592,0.18014024293706993,0.21985006946249017,0.2367834000212457,0.18867924809455872,0.0078125
wino_qwen3,first,layerwise,5,0.2101650401408661,0.19011685506948509,0.23116837890298159,0.24935377642434758,0.1913919448852539,0.01171875
wino_qwen3,first,layerwise,6,0.21446264959560687,0.19465437155196766,0.2347340305490412,0.2544527460075776,0.20454545319080353,0.015625
wino_qwen3,first,layerwise,7,0.21780523472707194,0.19873790858398246,0.23760748167297985,0.2584186112389788,0.20588235557079315,0.015625
wino_qwen3,first,layerwise,8,0.22025248455546603,0.2011779292000604,0.24019744388005898,0.26132219114054034,0.2068965584039688,0.015625
wino_qwen3,first,layerwise,9,0.2889545468111141,0.2648105425192294,0.31262829571292783,0.34283488545023194,0.2909946143627167,0.0390625
wino_qwen3,first,layerwise,10,0.32127615125197717,0.29841519924615345,0.3440664305584196,0.3811833858574413,0.31979382038116455,0.05078125
wino_qwen3,first,layerwise,12,0.3448831587429492,0.3236667010961284,0.3663594652354285,0.40919230905421194,0.3453443944454193,0.0546875
wino_qwen3,first,layerwise,16,0.36117826125884145,0.34025217236779454,0.38238133727669266,0.4285259020572926,0.3623737394809723,0.0625
wino_qwen3,first,layerwise,24,0.4768257379055123,0.45391726090542023,0.49976507631543365,0.5657377571615736,0.4794957935810089,0.140625
wino_qwen3,first,layerwise,32,0.5329035723878592,0.510895187228981,0.5549835279400062,0.6322722283205269,0.541084349155426,0.1953125
wino_qwen3,first,layerwise,48,0.6284060047154326,0.6106450437978239,0.6466052288332184,0.7455826635034171,0.6341056823730469,0.28125
wino_qwen3,first,layerwise,64,0.6830214582027636,0.6658312067596786,0.7012508121384905,0.8103820686236323,0.6870335936546326,0.33203125
wino_qwen3,first,layerwise,96,0.7507983406452383,0.7314891777967225,0.7701617738324418,0.8907970680924896,0.7395652532577515,0.34765625
wino_qwen3,first,layerwise,128,0.7881636672934014,0.768819513311061,0.8076206035208177,0.9351297758577954,0.7837662696838379,0.35546875
wino_qwen3,first,layerwise,192,0.8119198973348852,0.7941218160176167,0.8294612585913638,0.9633157466095393,0.810661792755127,0.36328125
wino_qwen3,first,layerwise,256,0.8183364670068941,0.8011808788108584,0.8354175121806152,0.9709287914733897,0.8181818127632141,0.36328125
wino_qwen3,first,layerwise,320,0.826871996896171,0.8103145988886101,0.843818319088763,0.9810559116178605,0.8314430117607117,0.36328125
wino_qwen3,first,layerwise,384,0.8367505297400544,0.8172714268691146,0.8559665672538624,0.9927764597570907,0.8395402431488037,0.3359375
wino_qwen3,first,dla,1,0.1743516280180261,0.1617098866043509,0.1884317866302252,0.2068623632307638,0.17274536192417145,0.00390625
wino_qwen3,first,dla,2,0.2862983854120035,0.2715917762867549,0.3017634276890882,0.3396834389717078,0.2834847569465637,0.03515625
wino_qwen3,first,dla,3,0.3650580475721491,0.34815814768599196,0.3834670118788316,0.4331291384865975,0.3597753047943115,0.0625
wino_qwen3,first,dla,4,0.42367266541319726,0.4052185512304,0.4432756193879042,0.5026734180800964,0.4117647111415863,0.10546875
wino_qwen3,first,dla,5,0.46387322052108515,0.4446143850374325,0.48484507178831787,0.5503700293898941,0.4583333432674408,0.1328125
wino_qwen3,first,dla,6,0.5012087026591459,0.4816293860095387,0.5227447729002377,0.5946673276442053,0.49579423666000366,0.18359375
wino_qwen3,first,dla,7,0.5328140388575522,0.5133425496764432,0.5539232150962384,0.632165999787543,0.5322916507720947,0.19921875
wino_qwen3,first,dla,8,0.5592861193183514,0.5399885328214024,0.5800492119258743,0.6635742360398003,0.5595575571060181,0.2109375
wino_qwen3,first,dla,9,0.5845942638851583,0.5647840464941286,0.6052837997814982,0.6936015013632661,0.5838744640350342,0.234375
wino_qwen3,first,dla,10,0.6057241770376339,0.5862562334676069,0.6263054193249619,0.7186714351474807,0.6025747060775757,0.2421875
wino_qwen3,first,dla,12,0.6414182111200645,0.6219332963898077,0.6623161179862554,0.7610212102970858,0.64241623878479,0.26171875
wino_qwen3,first,dla,16,0.6927507684961351,0.6726472236824352,0.7139662953969487,0.8219255692078893,0.6798654198646545,0.3046875
wino_qwen3,first,dla,24,0.7581400901304205,0.737375856182887,0.7803531888467545,0.8995078077971743,0.7546001672744751,0.35546875
wino_qwen3,first,dla,32,0.7988480019100487,0.7764345487733771,0.8220816856127262,0.9478063807938812,0.7884868383407593,0.34375
wino_qwen3,first,dla,48,0.8425105201898111,0.8215314842054265,0.8638690546422472,0.9996104953790588,0.8417843580245972,0.3828125
wino_qwen3,first,dla,64,0.8636105888321843,0.8434240475789103,0.8840308889124894,1.0246450196522785,0.859824538230896,0.39453125
wino_qwen3,first,dla,96,0.8789805115349032,0.8590788758813066,0.899183909938397,1.042880917814525,0.8776208758354187,0.3984375
wino_qwen3,first,dla,128,0.8838153221714865,0.864567984100579,0.9033142918463125,1.0486172585956588,0.886019229888916,0.3828125
wino_qwen3,first,dla,192,0.8869489957322351,0.8676004871874408,0.9061106157038487,1.0523352572500975,0.8870581984519958,0.390625
wino_qwen3,first,dla,256,0.8882323096666368,0.8691043616640549,0.9073343157827054,1.0538578662228675,0.8930952548980713,0.390625
wino_qwen3,first,dla,320,0.8806219595905334,0.86222032187291,0.8989487063881975,1.044828440919231,0.8843367099761963,0.390625
wino_qwen3,first,dla,384,0.8367505297400544,0.8172714268691146,0.8559665672538624,0.9927764597570907,0.8395402431488037,0.3359375
wino_qwen3,first,vnorm,1,0.02921777539021697,0.01386299769368086,0.04489355672331087,0.03466591126376545,0.019049346446990967,0.0
wino_qwen3,first,vnorm,2,0.06425523025039544,0.04584712032948703,0.08419307879324381,0.07623667717148826,0.05291375517845154,0.00390625
wino_qwen3,first,vnorm,3,0.08595218909481601,0.06264258131939235,0.11057093372885388,0.10197939166460111,0.07453703880310059,0.0078125
wino_qwen3,first,vnorm,4,0.12543647596024712,0.0987813703875907,0.15159521218112948,0.14882617471052725,0.11611054837703705,0.015625
wino_qwen3,first,vnorm,5,0.15029695287551856,0.12342431199097595,0.17581697488825115,0.17832229736907335,0.14132104814052582,0.015625
wino_qwen3,first,vnorm,6,0.16202584534574865,0.1335289827468023,0.1888652052333939,0.19223823518997202,0.15217390656471252,0.01171875
wino_qwen3,first,vnorm,7,0.18772196854388634,0.15899233701912321,0.21540399283419145,0.2227258241563684,0.173623189330101,0.01953125
wino_qwen3,first,vnorm,8,0.2039573820395738,0.17621944284640786,0.23170202886856214,0.2419885981374597,0.20144927501678467,0.01171875
wino_qwen3,first,vnorm,9,0.2223416002626317,0.1941411611780046,0.2505784502239591,0.2638008569101661,0.21712937951087952,0.01953125
wino_qwen3,first,vnorm,10,0.24836601307189543,0.22000091975942523,0.27641862223811864,0.2946779504975036,0.23769168555736542,0.02734375
wino_qwen3,first,vnorm,12,0.2885068791595786,0.2613183611277312,0.31592198248413406,0.3423037427853121,0.2817460298538208,0.046875
wino_qwen3,first,vnorm,16,0.34324171068731907,0.3137185219882296,0.3722540969385224,0.407244785949506,0.3463735580444336,0.05859375
wino_qwen3,first,vnorm,24,0.4695735219506372,0.44067576918728163,0.4982341928714627,0.5571332459898729,0.46770179271698,0.09375
wino_qwen3,first,vnorm,32,0.5577342047930284,0.5307685985632534,0.5849495182892321,0.6617329414680784,0.5495558977127075,0.16015625
wino_qwen3,first,vnorm,48,0.6621303011311069,0.636372783498498,0.6871674210576241,0.7855954109273751,0.6666666865348816,0.19921875
wino_qwen3,first,vnorm,64,0.7212821201539976,0.6979898571884936,0.7441839855857895,0.8557770617187777,0.7272727489471436,0.24609375
wino_qwen3,first,vnorm,96,0.7887904020055511,0.766907006056201,0.8106459359505798,0.9358733755886831,0.8010416626930237,0.28515625
wino_qwen3,first,vnorm,128,0.8149341928552243,0.7944482178715682,0.8355943858000285,0.9668921072199993,0.8146238923072815,0.3046875
wino_qwen3,first,vnorm,192,0.8330498104873608,0.8139707374084422,0.8519525996231844,0.9883856803937537,0.8290364146232605,0.30859375
wino_qwen3,first,vnorm,256,0.8393768466290625,0.8204726942039331,0.8580061731257405,0.9958924967246202,0.8387096524238586,0.3203125
wino_qwen3,first,vnorm,320,0.8397648252603933,0.8207847100542234,0.8582427329874129,0.9963528203675507,0.8458568453788757,0.33203125
wino_qwen3,first,vnorm,384,0.8367505297400544,0.8172714268691146,0.8559665672538624,0.9927764597570907,0.8395402431488037,0.3359375
wino_qwen3,first,weight,1,0.020204733339302235,0.007502015090072631,0.03508480062076922,0.023972238943380193,0.0,0.00390625
wino_qwen3,first,weight,2,0.025397678097114035,0.009843558088663251,0.04204649369626645,0.030133493856449842,0.012202381156384945,0.00390625
wino_qwen3,first,weight,3,0.03802190587041514,0.01981437234827723,0.05777743041227,0.04511171700718813,0.016009220853447914,0.0078125
wino_qwen3,first,weight,4,0.05189960306801564,0.032199592735123614,0.07272465341383827,0.061577139619701855,0.02644454874098301,0.0078125
wino_qwen3,first,weight,5,0.0701942877607664,0.049134500206070894,0.09289714250996518,0.08328316985942424,0.03759811818599701,0.01171875
wino_qwen3,first,weight,6,0.08207240278150835,0.059266542146313494,0.10587376438534693,0.0973761552352962,0.050633810460567474,0.015625
wino_qwen3,first,weight,7,0.0882800608828006,0.06539154967984652,0.11178314730881977,0.10474133352218405,0.0591147355735302,0.01953125
wino_qwen3,first,weight,8,0.09415942937296684,0.0709706630266418,0.11879777313044888,0.11171700718813073,0.060462988913059235,0.01953125
wino_qwen3,first,weight,9,0.11155877876264661,0.08708207268063486,0.13682159752488143,0.13236075209801354,0.08003201335668564,0.02734375
wino_qwen3,first,weight,10,0.12301907064195541,0.0983375064780514,0.14896185618572796,0.14595800431996034,0.09009740501642227,0.02734375
wino_qwen3,first,weight,12,0.14898379443101442,0.12346650631336203,0.1772243366069139,0.1767642788853086,0.11459115147590637,0.03125
wino_qwen3,first,weight,16,0.18396156027098814,0.15700161093305817,0.21098200091753194,0.2182642257710421,0.14738474786281586,0.04296875
wino_qwen3,first,weight,24,0.2582743904258812,0.233270583959488,0.284294586138672,0.3064339081477285,0.24852940440177917,0.0625
wino_qwen3,first,weight,32,0.3230071328379145,0.29877784998971485,0.3481195148620771,0.3832371374951312,0.31147539615631104,0.09375
wino_qwen3,first,weight,48,0.4140627331602352,0.38893677057121995,0.4397550913017681,0.491271555539818,0.41187888383865356,0.1328125
wino_qwen3,first,weight,64,0.48195899364311934,0.45484542948003576,0.5089576320122176,0.571828193052654,0.4711431860923767,0.16015625
wino_qwen3,first,weight,96,0.5962634673351837,0.5692258583063806,0.6229647588333139,0.7074466201621755,0.609035313129425,0.23046875
wino_qwen3,first,weight,128,0.6833199033037872,0.6606581513359765,0.7065329051659797,0.8107361637335788,0.6938329935073853,0.25
wino_qwen3,first,weight,192,0.7719282537977139,0.7491517500718102,0.7944500125971274,0.9158670018767041,0.782608687877655,0.29296875
wino_qwen3,first,weight,256,0.8112633181126332,0.789745894672389,0.8323396818006765,0.962536737367657,0.8190909028053284,0.296875
wino_qwen3,first,weight,320,0.8283940669113916,0.8079211227499746,0.8480215368184515,0.9828617966785879,0.8362864255905151,0.30859375
wino_qwen3,first,weight,384,0.8367505297400544,0.8172714268691146,0.8559665672538624,0.9927764597570907,0.8395402431488037,0.3359375
wino_qwen3,first,rand,1,0.004727370452424756,0.0024476813858976773,0.007007494008278928,0.005608866603498329,0.004446640610694885,0.0
wino_qwen3,first,rand,2,0.008583281184422545,0.005221507364259403,0.011970118309823053,0.010183775455771617,0.007547169923782349,0.0
wino_qwen3,first,rand,3,0.009001104099049572,0.004800826121425669,0.012982098881052064,0.010679508340598918,0.010323010385036469,0.0
wino_qwen3,first,rand,4,0.013012206437985707,0.008660299735118754,0.017233337742179007,0.015438546833241992,0.012084702029824257,0.0
wino_qwen3,first,rand,5,0.013644910047797646,0.009186177750011243,0.018122740100124397,0.01618922846115774,0.011352657340466976,0.0
wino_qwen3,first,rand,6,0.016396573895334637,0.011401556594607582,0.02138104691308779,0.01945398539396543,0.01428571529686451,0.0
wino_qwen3,first,rand,7,0.018742352306929968,0.01327713897303249,0.0242494520942915,0.02223717286032019,0.01666666753590107,0.0
wino_qwen3,first,rand,8,0.02309965072228331,0.017377614907569807,0.028947616246473507,0.02740696139483541,0.021114427596330643,0.0
wino_qwen3,first,rand,9,0.025946817017357227,0.019772640154057088,0.03195436853485569,0.03078502878087138,0.02320512756705284,0.0
wino_qwen3,first,rand,10,0.02802996393359294,0.021623504199522768,0.034228762508280296,0.03325661278010335,0.023240115493535995,0.0
wino_qwen3,first,rand,12,0.03368848303059034,0.026933848979181992,0.04032154882346269,0.039970256042845174,0.029459979385137558,0.00078125
wino_qwen3,first,rand,16,0.04470110715429967,0.03687345867830999,0.052246017933271056,0.05303636547640377,0.04369034990668297,0.00078125
wino_qwen3,first,rand,24,0.06815889219882384,0.05912564050991979,0.07709251937612559,0.08086824124166958,0.07013867795467377,0.00078125
wino_qwen3,first,rand,32,0.09030351867877007,0.07936790372318352,0.10116573752717176,0.10714209838070708,0.08571428060531616,0.004687500000000001
wino_qwen3,first,rand,48,0.1369803328266409,0.1253148062328039,0.14857770941711165,0.16252257398896133,0.14113959670066833,0.0140625
wino_qwen3,first,rand,64,0.1817291909710098,0.16795114319548501,0.19534777446548787,0.21561559441470293,0.18129369616508484,0.017968750000000002
wino_qwen3,first,rand,96,0.2671620848889914,0.25175516435668555,0.2824112185015089,0.3169788597562209,0.2591378092765808,0.04296875
wino_qwen3,first,rand,128,0.35599128462176977,0.337911877226898,0.3743496317400818,0.42237172811945894,0.345584511756897,0.09140625000000001
wino_qwen3,first,rand,192,0.5154624405584478,0.49269320295351815,0.5379289685298141,0.6115789099462452,0.5135897397994995,0.15078125
wino_qwen3,first,rand,256,0.6522278930434545,0.6298097911133297,0.6745590391661697,0.7738465356115942,0.6548482179641724,0.21406250000000002
wino_qwen3,first,rand,320,0.7632315622560196,0.741881151461509,0.7841164275496924,0.9055486688329893,0.7626841068267822,0.28359375
wino_qwen3,first,rand,384,0.8367505297400544,0.8172714268691146,0.8559665672538624,0.9927764597570907,0.8395402431488037,0.3359375
wino_mixtral,mean,oracle,1,0.19191823000984035,0.184634447490757,0.19915081902252066,0.24374118121346502,0.18832054734230042,0.00390625
wino_mixtral,mean,oracle,2,0.32295336952036313,0.3122543677100018,0.33386228797773626,0.41015924208828863,0.329191118478775,0.03515625
wino_mixtral,mean,oracle,3,0.41361140208868996,0.39997468514850704,0.4269814279372261,0.5252973190888933,0.4166666567325592,0.15625
wino_mixtral,mean,oracle,4,0.4816049265149351,0.4667480116084153,0.4962161876290052,0.6116508768393469,0.488630473613739,0.25390625
wino_mixtral,mean,oracle,5,0.5336634606227978,0.5177383566333117,0.5496915086356731,0.6777665793186858,0.5411036014556885,0.31640625
wino_mixtral,mean,oracle,6,0.5718820429800336,0.5553952759779426,0.5882837611336392,0.726305180407176,0.5852360725402832,0.36328125
wino_mixtral,mean,oracle,7,0.6054661460813255,0.5885749879258599,0.6221178993386106,0.7689578713968958,0.6188021898269653,0.390625
wino_mixtral,mean,oracle,8,0.6318763292384852,0.6147327592602029,0.6488065998421471,0.8024994960693409,0.6482679843902588,0.40234375
wino_mixtral,mean,oracle,9,0.6547312954321811,0.6378853248608546,0.6714855389248243,0.8315259020358798,0.6683849096298218,0.421875
wino_mixtral,mean,oracle,10,0.6739040726280037,0.6569307868346878,0.6909538070545541,0.8558758314855875,0.6911764740943909,0.44140625
wino_mixtral,mean,oracle,12,0.704123416817446,0.6868320117298451,0.721643972330098,0.8942551904857892,0.7216494679450989,0.45703125
wino_mixtral,mean,oracle,16,0.7395486144176745,0.722730825609755,0.7564318040766551,0.9392461197339246,0.7611607313156128,0.46484375
wino_mixtral,mean,oracle,24,0.7755451861727455,0.7593823780878296,0.791100469934202,0.9849627091312235,0.7934589385986328,0.484375
wino_mixtral,mean,oracle,32,0.7952893375234105,0.7797477435166114,0.81036173140827,1.0100382987300947,0.8136574029922485,0.48828125
wino_mixtral,mean,oracle,48,0.8131923943751389,0.7978677660371206,0.8278636280242173,1.0327756500705503,0.8268455266952515,0.5
wino_mixtral,mean,oracle,64,0.7876075294416405,0.7639025265511803,0.8097299199718474,1.000282201169119,0.8042357563972473,0.44140625
wino_mixtral,mean,pop,1,0.1471605878805193,0.13733029097565877,0.1573765565214261,0.18689780286232616,0.14909493923187256,0.0
wino_mixtral,mean,pop,2,0.2743230803415548,0.2606510736348318,0.28850525737161425,0.34839750050393065,0.28005677461624146,0.0234375
wino_mixtral,mean,pop,3,0.3451734755420119,0.3306166906224423,0.36015507600750263,0.4383793590002016,0.35300925374031067,0.1015625
wino_mixtral,mean,pop,4,0.39431165285845793,0.3789729329640245,0.4095186372743179,0.5007861318282605,0.39578762650489807,0.140625
wino_mixtral,mean,pop,5,0.42960987842427706,0.4128203476396688,0.44526013890429855,0.5456158032654707,0.44721484184265137,0.1796875
wino_mixtral,mean,pop,6,0.47614512903532996,0.45962322634493197,0.4920953500350007,0.6047167909695625,0.48968085646629333,0.25390625
wino_mixtral,mean,pop,7,0.5223629495603593,0.5038473271340275,0.540362898122509,0.6634146341463415,0.5322916507720947,0.30078125
wino_mixtral,mean,pop,8,0.5524553217153921,0.5331296283475616,0.5707733882788225,0.7016327353356179,0.5687062740325928,0.3515625
wino_mixtral,mean,pop,9,0.5808970574231026,0.560678494615853,0.6007245564004512,0.7377544849828663,0.6023255586624146,0.36328125
wino_mixtral,mean,pop,10,0.6021648731866807,0.5822050430022856,0.622054426427222,0.7647651683128401,0.625,0.390625
wino_mixtral,mean,pop,12,0.6384153890105704,0.6183612260574082,0.6582317685814327,0.8108042733319896,0.6600000262260437,0.421875
wino_mixtral,mean,pop,16,0.7033615846109894,0.6845282271629833,0.7213497580669315,0.8932876436202378,0.7289901375770569,0.4453125
wino_mixtral,mean,pop,24,0.7752912421039266,0.7577395208289781,0.7917954077735441,0.9846401935093732,0.7962642908096313,0.4765625
wino_mixtral,mean,pop,32,0.8024632574675428,0.7865479663593075,0.8176660903184193,1.0191493650473695,0.8213675022125244,0.484375
wino_mixtral,mean,pop,48,0.8113512998762022,0.7961598214364205,0.826126230296332,1.0304374118121347,0.8240454196929932,0.484375
wino_mixtral,mean,pop,64,0.7876075294416405,0.7639025265511803,0.8097299199718474,1.000282201169119,0.8042357563972473,0.44140625
wino_mixtral,mean,layerwise,1,0.14722407389772402,0.13738888922310907,0.1575123311792328,0.18697843176778875,0.14962686598300934,0.0
wino_mixtral,mean,layerwise,2,0.17122178840110466,0.16130238612105025,0.181852768889597,0.2174561580326547,0.17316341400146484,0.0
wino_mixtral,mean,layerwise,3,0.250579309906993,0.23789822366864374,0.26313891356715424,0.31824228986091513,0.25,0.01171875
wino_mixtral,mean,layerwise,4,0.3113989143891058,0.29526284652902995,0.3280197169296894,0.3954847812940939,0.3076923191547394,0.078125
wino_mixtral,mean,layerwise,5,0.41767450718979143,0.4013490167065067,0.43450291354511367,0.5304575690385003,0.4243644177913666,0.15234375
wino_mixtral,mean,layerwise,6,0.4330381233533314,0.41764471567471145,0.44926539527724274,0.5499697641604515,0.43985116481781006,0.15234375
wino_mixtral,mean,layerwise,7,0.47430403453639336,0.4601566310520383,0.48837695220359534,0.6023785527111469,0.48148149251937866,0.203125
wino_mixtral,mean,layerwise,8,0.49677808462686096,0.4829078408832722,0.5104338071411894,0.6309211852449103,0.5063629150390625,0.2421875
wino_mixtral,mean,layerwise,9,0.5327746563819319,0.5182429800423332,0.5470456003052651,0.6766377746422092,0.5399332046508789,0.31640625
wino_mixtral,mean,layerwise,10,0.5502333111132273,0.5355312836319056,0.5642704944524654,0.6988107236444265,0.5570390224456787,0.3515625
wino_mixtral,mean,layerwise,12,0.6061010062533727,0.5908878313023044,0.620798403593506,0.7697641604515219,0.6203346252441406,0.3828125
wino_mixtral,mean,layerwise,16,0.6772688315398534,0.6614223249516898,0.6928771483530819,0.8601491634751058,0.6903607845306396,0.44140625
wino_mixtral,mean,layerwise,24,0.7636098149382599,0.7485608142010528,0.7781796728723069,0.9698044749042531,0.7823299765586853,0.46875
wino_mixtral,mean,layerwise,32,0.8070977367234866,0.7918013184473663,0.8219215987781475,1.0250352751461398,0.8235294222831726,0.484375
wino_mixtral,mean,layerwise,48,0.8152239469256897,0.8000492009522641,0.8301006376684045,1.0353557750453537,0.8313007950782776,0.484375
wino_mixtral,mean,layerwise,64,0.7876075294416405,0.7639025265511803,0.8097299199718474,1.000282201169119,0.8042357563972473,0.44140625
wino_mixtral,mean,dla,1,0.14706535885471225,0.1384996114647525,0.15600676471711045,0.18677685950413223,0.1428571492433548,0.0
wino_mixtral,mean,dla,2,0.26184807796082915,0.25018654386766254,0.2737535812940174,0.33255392058052813,0.25,0.015625
wino_mixtral,mean,dla,3,0.3473637431355744,0.33438989727259033,0.3609812999250711,0.4411610562386616,0.3398113250732422,0.06640625
wino_mixtral,mean,dla,4,0.41415103323493,0.3997481013412285,0.42934428855747353,0.5259826647853255,0.41026315093040466,0.125
wino_mixtral,mean,dla,5,0.4722407389772403,0.45645991269831065,0.4886577412036443,0.5997581132836122,0.47100841999053955,0.22265625
wino_mixtral,mean,dla,6,0.5198552518807733,0.5041767637696103,0.5358758968713626,0.6602297923805684,0.5235813856124878,0.28125
wino_mixtral,mean,dla,7,0.5594705266165128,0.5432813907429761,0.575796446027336,0.7105422293892361,0.5650701522827148,0.33984375
wino_mixtral,mean,dla,8,0.5930546297178046,0.5770293409242494,0.6092577526846141,0.7531949203789559,0.6010204553604126,0.3671875
wino_mixtral,mean,dla,9,0.6209249912706727,0.6046248772013015,0.6370465654801427,0.7885910098770409,0.6241883039474487,0.39453125
wino_mixtral,mean,dla,10,0.6472082023934228,0.6307613046291076,0.6634326211154592,0.8219713767385608,0.6566964387893677,0.41796875
wino_mixtral,mean,dla,12,0.6898708059549884,0.6733017136733992,0.7059330524987931,0.8761540012094335,0.7005154490470886,0.44140625
wino_mixtral,mean,dla,16,0.7461194171983621,0.73038346401167,0.7612655526176197,0.9475912114493046,0.7555997967720032,0.46875
wino_mixtral,mean,dla,24,0.7986223534266578,0.7827237599339488,0.8135381701317002,1.0142713162668817,0.8164966702461243,0.48046875
wino_mixtral,mean,dla,32,0.8145256007364378,0.7985840176247593,0.8295428687395142,1.0344688570852651,0.8297872543334961,0.4921875
wino_mixtral,mean,dla,48,0.8209376884741135,0.8048785935887521,0.8358087502803561,1.0426123765369886,0.8333333134651184,0.4921875
wino_mixtral,mean,dla,64,0.7876075294416405,0.7639025265511803,0.8097299199718474,1.000282201169119,0.8042357563972473,0.44140625
wino_mixtral,mean,vnorm,1,-0.048535060153001304,-0.06250065568610995,-0.03465360002512745,-0.06164079822616408,-0.05201569199562073,0.0
wino_mixtral,mean,vnorm,2,-0.08291273846935213,-0.10779060003679593,-0.059023598380119294,-0.1053013505341665,-0.07481343299150467,0.0
wino_mixtral,mean,vnorm,3,-0.10735485509316572,-0.14120891139468245,-0.07553103720652378,-0.1363434791372707,-0.09090909361839294,0.0
wino_mixtral,mean,vnorm,4,-0.10329174999206425,-0.13921295748782225,-0.07015849319070108,-0.13118322918766379,-0.09268804639577866,0.0
wino_mixtral,mean,vnorm,5,-0.07992889566073072,-0.12003276757985352,-0.04246476136227352,-0.10151179197742391,-0.06146305054426193,0.0
wino_mixtral,mean,vnorm,6,-0.005396311462400406,-0.04584994531419516,0.03303270660749897,-0.006853456964321709,0.0,0.0078125
wino_mixtral,mean,vnorm,7,0.06831095451226868,0.02561623560909273,0.10842291442298463,0.08675670227776658,0.08578431606292725,0.015625
wino_mixtral,mean,vnorm,8,0.1482398501729994,0.10520078057448574,0.18831968489333767,0.1882684942551905,0.16061508655548096,0.02734375
wino_mixtral,mean,vnorm,9,0.2222010602164873,0.18284805998075682,0.260166324381654,0.2822011691191292,0.2274932563304901,0.0546875
wino_mixtral,mean,vnorm,10,0.2881630320921817,0.24946764450265016,0.3251507791096294,0.36597460189477926,0.3150376081466675,0.07421875
wino_mixtral,mean,vnorm,12,0.3880265371551916,0.35262763723341306,0.4221316725535277,0.4928038701874622,0.4285714328289032,0.1171875
wino_mixtral,mean,vnorm,16,0.5323302542614989,0.49795913155865,0.5656659177824522,0.676073372303971,0.5798022747039795,0.23046875
wino_mixtral,mean,vnorm,24,0.6897755769291813,0.6631138524669143,0.7153340318468908,0.8760330578512396,0.7090053558349609,0.33203125
wino_mixtral,mean,vnorm,32,0.7578325873726312,0.7335280621967043,0.780135004660333,0.9624672445071558,0.7759383320808411,0.3984375
wino_mixtral,mean,vnorm,48,0.785861663968511,0.7614723069824854,0.8079169766038605,0.9980649062688974,0.8048780560493469,0.43359375
wino_mixtral,mean,vnorm,64,0.7876075294416405,0.7639025265511803,0.8097299199718474,1.000282201169119,0.8042357563972473,0.44140625
wino_mixtral,mean,weight,1,0.07907183442846713,0.06528862343601025,0.09328622949500452,0.1004233017536787,0.048980407416820526,0.0
wino_mixtral,mean,weight,2,0.15077929086118783,0.1345879888382473,0.1675312248944002,0.19149365047369482,0.13438087701797485,0.00390625
wino_mixtral,mean,weight,3,0.21490016823794558,0.19488624124069864,0.23574976144300458,0.27292884499092923,0.20881782472133636,0.02734375
wino_mixtral,mean,weight,4,0.2599752404532902,0.23781431287785812,0.2825674454892606,0.3301753678693812,0.25511056184768677,0.05078125
wino_mixtral,mean,weight,5,0.3081611275116656,0.28450661214263323,0.332386532632493,0.39137270711550093,0.2983614504337311,0.078125
wino_mixtral,mean,weight,6,0.3448560454559883,0.32130492192859617,0.36859531240887466,0.43797621447288854,0.3411862552165985,0.11328125
wino_mixtral,mean,weight,7,0.3697425642002349,0.3444482263981663,0.3952842853581462,0.469582745414231,0.37367022037506104,0.1484375
wino_mixtral,mean,weight,8,0.3933593626003873,0.36828210630215646,0.4183933756227135,0.4995766982463213,0.3895663917064667,0.171875
wino_mixtral,mean,weight,9,0.41697616100053964,0.39267702628006357,0.4414892358287707,0.5295706510784116,0.4087707996368408,0.18359375
wino_mixtral,mean,weight,10,0.442561025934038,0.4186053689749268,0.466622826900833,0.5620640999798427,0.44315245747566223,0.203125
wino_mixtral,mean,weight,12,0.48490619940958,0.4609374308939657,0.5085187556812253,0.6158435799234026,0.4917944669723511,0.234375
wino_mixtral,mean,weight,16,0.5480747865282671,0.5226745351550575,0.572692089880334,0.6960693408586979,0.5621488690376282,0.30859375
wino_mixtral,mean,weight,24,0.6394311652858458,0.6152215375290739,0.6631726021191767,0.8120943358193913,0.6586800813674927,0.3515625
wino_mixtral,mean,weight,32,0.697965273148589,0.6752729074514044,0.7200208084741951,0.8864341866559161,0.7236111164093018,0.41015625
wino_mixtral,mean,weight,48,0.7612608323016855,0.7378722489696672,0.7829554835959616,0.9668212054021367,0.778719425201416,0.4375
wino_mixtral,mean,weight,64,0.7876075294416405,0.7639025265511803,0.8097299199718474,1.000282201169119,0.8042357563972473,0.44140625
wino_mixtral,mean,rand,1,0.017693553080283447,0.014697194448821106,0.020901570514295493,0.022471276060801026,0.01569230854511261,0.0
wino_mixtral,mean,rand,2,0.03574262770706444,0.03150996624233762,0.040012544088540304,0.045394073801880715,0.03775681555271149,0.0
wino_mixtral,mean,rand,3,0.052496587464239006,0.04744143706336243,0.0576207236709664,0.06667204172085957,0.05297759547829628,0.0
wino_mixtral,mean,rand,4,0.06817763372893879,0.062028968986123145,0.07446404487935943,0.08658738138934725,0.06812892854213715,0.00078125
wino_mixtral,mean,rand,5,0.08277306907900409,0.07597753129283623,0.08972498188134241,0.10512396674847271,0.07999999821186066,0.0015625
wino_mixtral,mean,rand,6,0.09697489141831378,0.08983277987951199,0.10427338048030312,0.12316065326954803,0.09314997494220734,0.0023437500000000003
wino_mixtral,mean,rand,7,0.11350665022500965,0.1058281204116802,0.1213277034636014,0.1441564201587776,0.11282051354646683,0.003125
wino_mixtral,mean,rand,8,0.13092086504395944,0.12296047612459275,0.13889257961392953,0.166272929307795,0.1320357620716095,0.003125
wino_mixtral,mean,rand,9,0.14619560027786221,0.13767544590869515,0.1547777652024172,0.185672243320036,0.14758919179439545,0.00625
wino_mixtral,mean,rand,10,0.15964193898556903,0.15029690715697808,0.16886186100576486,0.20274944583198473,0.15959183871746063,0.009375000000000001
wino_mixtral,mean,rand,12,0.19245151296247093,0.1815077727774053,0.20349814031722266,0.24441846453766264,0.1945473998785019,0.02109375
wino_mixtral,mean,rand,16,0.2590991340025839,0.24583214328560335,0.2722714534657994,0.3290626897191454,0.25770246982574463,0.047656250000000004
wino_mixtral,mean,rand,24,0.3813985970418907,0.36534775860076174,0.3971557030119219,0.48438621256241415,0.3804187774658203,0.13046875
wino_mixtral,mean,rand,32,0.4951401457284642,0.4763764127540989,0.5139573259126688,0.6288409599227498,0.5063717365264893,0.21953125
wino_mixtral,mean,rand,48,0.673345396209398,0.6508049874317485,0.6948371387351023,0.8551662977941813,0.6888889074325562,0.3609375
wino_mixtral,mean,rand,64,0.7876075294416405,0.7639025265511803,0.8097299199718474,1.000282201169119,0.8042357563972473,0.44140625
wino_mixtral,first,oracle,1,0.19191823000984035,0.184634447490757,0.19915081902252066,0.24374118121346502,0.18832054734230042,0.00390625
wino_mixtral,first,oracle,2,0.32295336952036313,0.3122543677100018,0.33386228797773626,0.41015924208828863,0.329191118478775,0.03515625
wino_mixtral,first,oracle,3,0.41361140208868996,0.39997468514850704,0.4269814279372261,0.5252973190888933,0.4166666567325592,0.15625
wino_mixtral,first,oracle,4,0.4816049265149351,0.4667480116084153,0.4962161876290052,0.6116508768393469,0.488630473613739,0.25390625
wino_mixtral,first,oracle,5,0.5336634606227978,0.5177383566333117,0.5496915086356731,0.6777665793186858,0.5411036014556885,0.31640625
wino_mixtral,first,oracle,6,0.5718820429800336,0.5553952759779426,0.5882837611336392,0.726305180407176,0.5852360725402832,0.36328125
wino_mixtral,first,oracle,7,0.6054661460813255,0.5885749879258599,0.6221178993386106,0.7689578713968958,0.6188021898269653,0.390625
wino_mixtral,first,oracle,8,0.6318763292384852,0.6147327592602029,0.6488065998421471,0.8024994960693409,0.6482679843902588,0.40234375
wino_mixtral,first,oracle,9,0.6547312954321811,0.6378853248608546,0.6714855389248243,0.8315259020358798,0.6683849096298218,0.421875
wino_mixtral,first,oracle,10,0.6739040726280037,0.6569307868346878,0.6909538070545541,0.8558758314855875,0.6911764740943909,0.44140625
wino_mixtral,first,oracle,12,0.704123416817446,0.6868320117298451,0.721643972330098,0.8942551904857892,0.7216494679450989,0.45703125
wino_mixtral,first,oracle,16,0.7395486144176745,0.722730825609755,0.7564318040766551,0.9392461197339246,0.7611607313156128,0.46484375
wino_mixtral,first,oracle,24,0.7755451861727455,0.7593823780878296,0.791100469934202,0.9849627091312235,0.7934589385986328,0.484375
wino_mixtral,first,oracle,32,0.7952893375234105,0.7797477435166114,0.81036173140827,1.0100382987300947,0.8136574029922485,0.48828125
wino_mixtral,first,oracle,48,0.8131923943751389,0.7978677660371206,0.8278636280242173,1.0327756500705503,0.8268455266952515,0.5
wino_mixtral,first,oracle,64,0.7876075294416405,0.7639025265511803,0.8097299199718474,1.000282201169119,0.8042357563972473,0.44140625
wino_mixtral,first,pop,1,0.1471605878805193,0.13733029097565877,0.1573765565214261,0.18689780286232616,0.14909493923187256,0.0
wino_mixtral,first,pop,2,0.2743230803415548,0.2606510736348318,0.28850525737161425,0.34839750050393065,0.28005677461624146,0.0234375
wino_mixtral,first,pop,3,0.3451734755420119,0.3306166906224423,0.36015507600750263,0.4383793590002016,0.35300925374031067,0.1015625
wino_mixtral,first,pop,4,0.39431165285845793,0.3789729329640245,0.4095186372743179,0.5007861318282605,0.39578762650489807,0.140625
wino_mixtral,first,pop,5,0.42960987842427706,0.4128203476396688,0.44526013890429855,0.5456158032654707,0.44721484184265137,0.1796875
wino_mixtral,first,pop,6,0.47614512903532996,0.45962322634493197,0.4920953500350007,0.6047167909695625,0.48968085646629333,0.25390625
wino_mixtral,first,pop,7,0.5223629495603593,0.5038473271340275,0.540362898122509,0.6634146341463415,0.5322916507720947,0.30078125
wino_mixtral,first,pop,8,0.5524553217153921,0.5331296283475616,0.5707733882788225,0.7016327353356179,0.5687062740325928,0.3515625
wino_mixtral,first,pop,9,0.5808970574231026,0.560678494615853,0.6007245564004512,0.7377544849828663,0.6023255586624146,0.36328125
wino_mixtral,first,pop,10,0.6021648731866807,0.5822050430022856,0.622054426427222,0.7647651683128401,0.625,0.390625
wino_mixtral,first,pop,12,0.6384153890105704,0.6183612260574082,0.6582317685814327,0.8108042733319896,0.6600000262260437,0.421875
wino_mixtral,first,pop,16,0.7033615846109894,0.6845282271629833,0.7213497580669315,0.8932876436202378,0.7289901375770569,0.4453125
wino_mixtral,first,pop,24,0.7752912421039266,0.7577395208289781,0.7917954077735441,0.9846401935093732,0.7962642908096313,0.4765625
wino_mixtral,first,pop,32,0.8024632574675428,0.7865479663593075,0.8176660903184193,1.0191493650473695,0.8213675022125244,0.484375
wino_mixtral,first,pop,48,0.8113512998762022,0.7961598214364205,0.826126230296332,1.0304374118121347,0.8240454196929932,0.484375
wino_mixtral,first,pop,64,0.7876075294416405,0.7639025265511803,0.8097299199718474,1.000282201169119,0.8042357563972473,0.44140625
wino_mixtral,first,layerwise,1,0.14722407389772402,0.13738888922310907,0.1575123311792328,0.18697843176778875,0.14962686598300934,0.0
wino_mixtral,first,layerwise,2,0.17122178840110466,0.16130238612105025,0.181852768889597,0.2174561580326547,0.17316341400146484,0.0
wino_mixtral,first,layerwise,3,0.250579309906993,0.23789822366864374,0.26313891356715424,0.31824228986091513,0.25,0.01171875
wino_mixtral,first,layerwise,4,0.3113989143891058,0.29526284652902995,0.3280197169296894,0.3954847812940939,0.3076923191547394,0.078125
wino_mixtral,first,layerwise,5,0.41767450718979143,0.4013490167065067,0.43450291354511367,0.5304575690385003,0.4243644177913666,0.15234375
wino_mixtral,first,layerwise,6,0.4330381233533314,0.41764471567471145,0.44926539527724274,0.5499697641604515,0.43985116481781006,0.15234375
wino_mixtral,first,layerwise,7,0.47430403453639336,0.4601566310520383,0.48837695220359534,0.6023785527111469,0.48148149251937866,0.203125
wino_mixtral,first,layerwise,8,0.49677808462686096,0.4829078408832722,0.5104338071411894,0.6309211852449103,0.5063629150390625,0.2421875
wino_mixtral,first,layerwise,9,0.5327746563819319,0.5182429800423332,0.5470456003052651,0.6766377746422092,0.5399332046508789,0.31640625
wino_mixtral,first,layerwise,10,0.5502333111132273,0.5355312836319056,0.5642704944524654,0.6988107236444265,0.5570390224456787,0.3515625
wino_mixtral,first,layerwise,12,0.6061010062533727,0.5908878313023044,0.620798403593506,0.7697641604515219,0.6203346252441406,0.3828125
wino_mixtral,first,layerwise,16,0.6772688315398534,0.6614223249516898,0.6928771483530819,0.8601491634751058,0.6903607845306396,0.44140625
wino_mixtral,first,layerwise,24,0.7636098149382599,0.7485608142010528,0.7781796728723069,0.9698044749042531,0.7823299765586853,0.46875
wino_mixtral,first,layerwise,32,0.8070977367234866,0.7918013184473663,0.8219215987781475,1.0250352751461398,0.8235294222831726,0.484375
wino_mixtral,first,layerwise,48,0.8152239469256897,0.8000492009522641,0.8301006376684045,1.0353557750453537,0.8313007950782776,0.484375
wino_mixtral,first,layerwise,64,0.7876075294416405,0.7639025265511803,0.8097299199718474,1.000282201169119,0.8042357563972473,0.44140625
wino_mixtral,first,dla,1,0.14706535885471225,0.1384996114647525,0.15600676471711045,0.18677685950413223,0.1428571492433548,0.0
wino_mixtral,first,dla,2,0.26184807796082915,0.25018654386766254,0.2737535812940174,0.33255392058052813,0.25,0.015625
wino_mixtral,first,dla,3,0.3473637431355744,0.33438989727259033,0.3609812999250711,0.4411610562386616,0.3398113250732422,0.06640625
wino_mixtral,first,dla,4,0.41415103323493,0.3997481013412285,0.42934428855747353,0.5259826647853255,0.41026315093040466,0.125
wino_mixtral,first,dla,5,0.4722407389772403,0.45645991269831065,0.4886577412036443,0.5997581132836122,0.47100841999053955,0.22265625
wino_mixtral,first,dla,6,0.5198552518807733,0.5041767637696103,0.5358758968713626,0.6602297923805684,0.5235813856124878,0.28125
wino_mixtral,first,dla,7,0.5594705266165128,0.5432813907429761,0.575796446027336,0.7105422293892361,0.5650701522827148,0.33984375
wino_mixtral,first,dla,8,0.5930546297178046,0.5770293409242494,0.6092577526846141,0.7531949203789559,0.6010204553604126,0.3671875
wino_mixtral,first,dla,9,0.6209249912706727,0.6046248772013015,0.6370465654801427,0.7885910098770409,0.6241883039474487,0.39453125
wino_mixtral,first,dla,10,0.6472082023934228,0.6307613046291076,0.6634326211154592,0.8219713767385608,0.6566964387893677,0.41796875
wino_mixtral,first,dla,12,0.6898708059549884,0.6733017136733992,0.7059330524987931,0.8761540012094335,0.7005154490470886,0.44140625
wino_mixtral,first,dla,16,0.7461194171983621,0.73038346401167,0.7612655526176197,0.9475912114493046,0.7555997967720032,0.46875
wino_mixtral,first,dla,24,0.7986223534266578,0.7827237599339488,0.8135381701317002,1.0142713162668817,0.8164966702461243,0.48046875
wino_mixtral,first,dla,32,0.8145256007364378,0.7985840176247593,0.8295428687395142,1.0344688570852651,0.8297872543334961,0.4921875
wino_mixtral,first,dla,48,0.8209376884741135,0.8048785935887521,0.8358087502803561,1.0426123765369886,0.8333333134651184,0.4921875
wino_mixtral,first,dla,64,0.7876075294416405,0.7639025265511803,0.8097299199718474,1.000282201169119,0.8042357563972473,0.44140625
wino_mixtral,first,vnorm,1,-0.048535060153001304,-0.06250065568610995,-0.03465360002512745,-0.06164079822616408,-0.05201569199562073,0.0
wino_mixtral,first,vnorm,2,-0.08291273846935213,-0.10779060003679593,-0.059023598380119294,-0.1053013505341665,-0.07481343299150467,0.0
wino_mixtral,first,vnorm,3,-0.10735485509316572,-0.14120891139468245,-0.07553103720652378,-0.1363434791372707,-0.09090909361839294,0.0
wino_mixtral,first,vnorm,4,-0.10329174999206425,-0.13921295748782225,-0.07015849319070108,-0.13118322918766379,-0.09268804639577866,0.0
wino_mixtral,first,vnorm,5,-0.07992889566073072,-0.12003276757985352,-0.04246476136227352,-0.10151179197742391,-0.06146305054426193,0.0
wino_mixtral,first,vnorm,6,-0.005396311462400406,-0.04584994531419516,0.03303270660749897,-0.006853456964321709,0.0,0.0078125
wino_mixtral,first,vnorm,7,0.06831095451226868,0.02561623560909273,0.10842291442298463,0.08675670227776658,0.08578431606292725,0.015625
wino_mixtral,first,vnorm,8,0.1482398501729994,0.10520078057448574,0.18831968489333767,0.1882684942551905,0.16061508655548096,0.02734375
wino_mixtral,first,vnorm,9,0.2222010602164873,0.18284805998075682,0.260166324381654,0.2822011691191292,0.2274932563304901,0.0546875
wino_mixtral,first,vnorm,10,0.2881630320921817,0.24946764450265016,0.3251507791096294,0.36597460189477926,0.3150376081466675,0.07421875
wino_mixtral,first,vnorm,12,0.3880265371551916,0.35262763723341306,0.4221316725535277,0.4928038701874622,0.4285714328289032,0.1171875
wino_mixtral,first,vnorm,16,0.5323302542614989,0.49795913155865,0.5656659177824522,0.676073372303971,0.5798022747039795,0.23046875
wino_mixtral,first,vnorm,24,0.6897755769291813,0.6631138524669143,0.7153340318468908,0.8760330578512396,0.7090053558349609,0.33203125
wino_mixtral,first,vnorm,32,0.7578325873726312,0.7335280621967043,0.780135004660333,0.9624672445071558,0.7759383320808411,0.3984375
wino_mixtral,first,vnorm,48,0.785861663968511,0.7614723069824854,0.8079169766038605,0.9980649062688974,0.8048780560493469,0.43359375
wino_mixtral,first,vnorm,64,0.7876075294416405,0.7639025265511803,0.8097299199718474,1.000282201169119,0.8042357563972473,0.44140625
wino_mixtral,first,weight,1,0.07907183442846713,0.06528862343601025,0.09328622949500452,0.1004233017536787,0.048980407416820526,0.0
wino_mixtral,first,weight,2,0.15077929086118783,0.1345879888382473,0.1675312248944002,0.19149365047369482,0.13438087701797485,0.00390625
wino_mixtral,first,weight,3,0.21490016823794558,0.19488624124069864,0.23574976144300458,0.27292884499092923,0.20881782472133636,0.02734375
wino_mixtral,first,weight,4,0.2599752404532902,0.23781431287785812,0.2825674454892606,0.3301753678693812,0.25511056184768677,0.05078125
wino_mixtral,first,weight,5,0.3081611275116656,0.28450661214263323,0.332386532632493,0.39137270711550093,0.2983614504337311,0.078125
wino_mixtral,first,weight,6,0.3448560454559883,0.32130492192859617,0.36859531240887466,0.43797621447288854,0.3411862552165985,0.11328125
wino_mixtral,first,weight,7,0.3697425642002349,0.3444482263981663,0.3952842853581462,0.469582745414231,0.37367022037506104,0.1484375
wino_mixtral,first,weight,8,0.3933593626003873,0.36828210630215646,0.4183933756227135,0.4995766982463213,0.3895663917064667,0.171875
wino_mixtral,first,weight,9,0.41697616100053964,0.39267702628006357,0.4414892358287707,0.5295706510784116,0.4087707996368408,0.18359375
wino_mixtral,first,weight,10,0.442561025934038,0.4186053689749268,0.466622826900833,0.5620640999798427,0.44315245747566223,0.203125
wino_mixtral,first,weight,12,0.48490619940958,0.4609374308939657,0.5085187556812253,0.6158435799234026,0.4917944669723511,0.234375
wino_mixtral,first,weight,16,0.5480747865282671,0.5226745351550575,0.572692089880334,0.6960693408586979,0.5621488690376282,0.30859375
wino_mixtral,first,weight,24,0.6394311652858458,0.6152215375290739,0.6631726021191767,0.8120943358193913,0.6586800813674927,0.3515625
wino_mixtral,first,weight,32,0.697965273148589,0.6752729074514044,0.7200208084741951,0.8864341866559161,0.7236111164093018,0.41015625
wino_mixtral,first,weight,48,0.7612608323016855,0.7378722489696672,0.7829554835959616,0.9668212054021367,0.778719425201416,0.4375
wino_mixtral,first,weight,64,0.7876075294416405,0.7639025265511803,0.8097299199718474,1.000282201169119,0.8042357563972473,0.44140625
wino_mixtral,first,rand,1,0.017693553080283447,0.014697194448821106,0.020901570514295493,0.022471276060801026,0.01569230854511261,0.0
wino_mixtral,first,rand,2,0.03574262770706444,0.03150996624233762,0.040012544088540304,0.045394073801880715,0.03775681555271149,0.0
wino_mixtral,first,rand,3,0.052496587464239006,0.04744143706336243,0.0576207236709664,0.06667204172085957,0.05297759547829628,0.0
wino_mixtral,first,rand,4,0.06817763372893879,0.062028968986123145,0.07446404487935943,0.08658738138934725,0.06812892854213715,0.00078125
wino_mixtral,first,rand,5,0.08277306907900409,0.07597753129283623,0.08972498188134241,0.10512396674847271,0.07999999821186066,0.0015625
wino_mixtral,first,rand,6,0.09697489141831378,0.08983277987951199,0.10427338048030312,0.12316065326954803,0.09314997494220734,0.0023437500000000003
wino_mixtral,first,rand,7,0.11350665022500965,0.1058281204116802,0.1213277034636014,0.1441564201587776,0.11282051354646683,0.003125
wino_mixtral,first,rand,8,0.13092086504395944,0.12296047612459275,0.13889257961392953,0.166272929307795,0.1320357620716095,0.003125
wino_mixtral,first,rand,9,0.14619560027786221,0.13767544590869515,0.1547777652024172,0.185672243320036,0.14758919179439545,0.00625
wino_mixtral,first,rand,10,0.15964193898556903,0.15029690715697808,0.16886186100576486,0.20274944583198473,0.15959183871746063,0.009375000000000001
wino_mixtral,first,rand,12,0.19245151296247093,0.1815077727774053,0.20349814031722266,0.24441846453766264,0.1945473998785019,0.02109375
wino_mixtral,first,rand,16,0.2590991340025839,0.24583214328560335,0.2722714534657994,0.3290626897191454,0.25770246982574463,0.047656250000000004
wino_mixtral,first,rand,24,0.3813985970418907,0.36534775860076174,0.3971557030119219,0.48438621256241415,0.3804187774658203,0.13046875
wino_mixtral,first,rand,32,0.4951401457284642,0.4763764127540989,0.5139573259126688,0.6288409599227498,0.5063717365264893,0.21953125
wino_mixtral,first,rand,48,0.673345396209398,0.6508049874317485,0.6948371387351023,0.8551662977941813,0.6888889074325562,0.3609375
wino_mixtral,first,rand,64,0.7876075294416405,0.7639025265511803,0.8097299199718474,1.000282201169119,0.8042357563972473,0.44140625
