run,donors,ordering,k,r,lo,hi,r_ceiling,per_case_median,top1_frac
cf_qwen3,mean,noise_oracle,1,0.17677784606995314,0.15818647382686984,0.1963997504224363,0.3369663750411084,0.1601186990737915,0.25
cf_qwen3,mean,noise_oracle,2,0.2652163422530144,0.23962340996513662,0.29182323483681805,0.5055440567778827,0.23663318157196045,0.2037037037037037
cf_qwen3,mean,noise_oracle,3,0.3189536347768027,0.28957769727076027,0.34982486753765674,0.6079757871605417,0.289520263671875,0.16666666666666666
cf_qwen3,mean,noise_oracle,4,0.3557864838037167,0.3245618301519463,0.3888119821166577,0.6781849898121243,0.32647401094436646,0.1388888888888889
cf_qwen3,mean,noise_oracle,5,0.380027753217123,0.348734740979759,0.41313065645080793,0.7243926615437849,0.342271089553833,0.12962962962962962
cf_qwen3,mean,noise_oracle,6,0.40436816892669875,0.37144287182091823,0.438723497381596,0.7707893217078859,0.3583914041519165,0.12962962962962962
cf_qwen3,mean,noise_oracle,7,0.4178024920576458,0.38343535136530615,0.4533810405926438,0.7963972543035507,0.37922972440719604,0.12962962962962962
cf_qwen3,mean,noise_oracle,8,0.42851029204393576,0.39383154040563984,0.464172600090506,0.8168080050071063,0.39708423614501953,0.12962962962962962
cf_qwen3,mean,noise_oracle,9,0.4435805290616771,0.4086304663366815,0.47967402765551814,0.8455342467380365,0.4173215627670288,0.12962962962962962
cf_qwen3,mean,noise_oracle,10,0.45017375775693896,0.41452216740136194,0.486004535414088,0.8581019774953184,0.4305841326713562,0.12962962962962962
cf_qwen3,mean,noise_oracle,12,0.4650952753304263,0.42872063815254785,0.5016513596178069,0.886544736577588,0.4417411983013153,0.1111111111111111
cf_qwen3,mean,noise_oracle,16,0.47907490309030487,0.4416092221319105,0.5160840893659229,0.9131921055516746,0.455178827047348,0.12962962962962962
cf_qwen3,mean,noise_oracle,24,0.4984084308433283,0.4597012342636309,0.5367842637939566,0.9500448498775389,0.4808979630470276,0.1111111111111111
cf_qwen3,mean,noise_oracle,32,0.5090170845334488,0.46947791417259244,0.5477191387843611,0.9702666121486543,0.49308037757873535,0.10185185185185185
cf_qwen3,mean,noise_oracle,48,0.5195761650754848,0.47987893434099343,0.5582020415264168,0.9903938802035493,0.5089452862739563,0.1111111111111111
cf_qwen3,mean,noise_oracle,64,0.535588291906835,0.497831227703693,0.572339521368206,1.0209155120426627,0.529220461845398,0.10185185185185185
cf_qwen3,mean,noise_oracle,96,0.5455524946718548,0.5080559731675126,0.581830831766186,1.0399088495029158,0.5304791331291199,0.09259259259259259
cf_qwen3,mean,noise_oracle,128,0.5530380400326408,0.5158579759030019,0.5896660312853157,1.0541774761521607,0.5418814420700073,0.07407407407407407
cf_qwen3,mean,noise_oracle,192,0.555913282621552,0.5177003611485709,0.5932631483600035,1.0596581406929304,0.5432666540145874,0.07407407407407407
cf_qwen3,mean,noise_oracle,256,0.555615843733044,0.5181822069549064,0.5929321066946259,1.0590911753956094,0.5463294982910156,0.08333333333333333
cf_qwen3,mean,noise_oracle,320,0.5569047455832455,0.5191018043641943,0.5946470515309382,1.0615480250173337,0.5365301966667175,0.08333333333333333
cf_qwen3,mean,noise_oracle,384,0.47893444684596653,0.4359194686618111,0.5210622996400852,0.9129243738615406,0.46821531653404236,0.10416666666666667
cf_qwen3,mean,oracle,1,0.15497970637343433,0.1357296408226062,0.1758769157845994,0.2954156927612201,0.1415000855922699,0.22685185185185186
cf_qwen3,mean,oracle,2,0.24119319499138725,0.21507556668702818,0.2690109681188421,0.4597521601698319,0.22424697875976562,0.18287037037037038
cf_qwen3,mean,oracle,3,0.28736727619523983,0.2577270875608103,0.31913218733629356,0.547767220371205,0.2574266791343689,0.16203703703703703
cf_qwen3,mean,oracle,4,0.3170037575163728,0.2849769777020429,0.3509362148969628,0.6042590144606289,0.29112908244132996,0.14814814814814814
cf_qwen3,mean,oracle,5,0.3349261021110588,0.30206202736262666,0.3692648980707651,0.6384218217612629,0.3172811269760132,0.14814814814814814
cf_qwen3,mean,oracle,6,0.34802167620440316,0.3151152040510678,0.3832522267063541,0.6633840454189169,0.32615894079208374,0.14351851851851852
cf_qwen3,mean,oracle,7,0.3606463044808678,0.3279624138735358,0.3959384884865171,0.6874485722877328,0.3361581861972809,0.14351851851851852
cf_qwen3,mean,oracle,8,0.3698933479243524,0.33706037813604406,0.40501128026905636,0.7050748912992544,0.3393614888191223,0.1412037037037037
cf_qwen3,mean,oracle,9,0.377826705082861,0.3440698148565817,0.4139321374761172,0.7201971176587226,0.347240686416626,0.13657407407407407
cf_qwen3,mean,oracle,10,0.38466862633967014,0.35062948772733493,0.4209260139600213,0.7332388955481951,0.3511480391025543,0.13657407407407407
cf_qwen3,mean,oracle,12,0.3952310117078166,0.36000206154876435,0.43231510806085277,0.7533724631213805,0.363760769367218,0.13425925925925927
cf_qwen3,mean,oracle,16,0.41120761151664836,0.37565030209348216,0.4483829279813119,0.7838263748685241,0.37802189588546753,0.13194444444444445
cf_qwen3,mean,oracle,24,0.4339939082584326,0.3975516387887602,0.47201185674271234,0.8272606398762089,0.40641656517982483,0.13425925925925927
cf_qwen3,mean,oracle,32,0.4481222560535231,0.41095496082274724,0.48614876359416304,0.8541914926254148,0.4169098734855652,0.12731481481481483
cf_qwen3,mean,oracle,48,0.46211592996260614,0.4237097293012697,0.5009929963813962,0.8808656357688102,0.43355971574783325,0.12268518518518519
cf_qwen3,mean,oracle,64,0.4742183883148078,0.43565270079667745,0.5136670573983598,0.9039348246445114,0.44626086950302124,0.11805555555555555
cf_qwen3,mean,oracle,96,0.49990223474898315,0.461081097351844,0.5397389265801782,0.9528922750402574,0.4727659225463867,0.11574074074074074
cf_qwen3,mean,oracle,128,0.5197480187752792,0.4804952427119661,0.5591296506037078,0.9907214603814083,0.5131174325942993,0.10648148148148148
cf_qwen3,mean,oracle,192,0.5319033551962293,0.49340033353043955,0.5707204061807792,1.013891443171853,0.5215193033218384,0.10416666666666667
cf_qwen3,mean,oracle,256,0.5433349209887408,0.5046554801977566,0.5819441228859027,1.0356818053229013,0.5556725263595581,0.09722222222222222
cf_qwen3,mean,oracle,320,0.5537502388529222,0.5159700495946147,0.5915285714241147,1.0555350391054044,0.5724397301673889,0.08796296296296297
cf_qwen3,mean,oracle,384,0.47893444684596653,0.4359194686618111,0.5210622996400852,0.9129243738615406,0.46821531653404236,0.10416666666666667
cf_qwen3,mean,pop,1,0.08748751818924684,0.06835473520038089,0.10806462666135354,0.16676496812789432,0.06502591818571091,0.2800925925925926
cf_qwen3,mean,pop,2,0.15922977781609335,0.13586647765249593,0.18433537049050372,0.30351699730552273,0.13427551090717316,0.25462962962962965
cf_qwen3,mean,pop,3,0.19652944022372362,0.16981874018772383,0.2248764929078392,0.374616019672741,0.17750391364097595,0.23148148148148148
cf_qwen3,mean,pop,4,0.22536779310160776,0.19792162376475117,0.25481808889772933,0.42958645543408397,0.2045382261276245,0.2199074074074074
cf_qwen3,mean,pop,5,0.25231162555513287,0.2243670844904399,0.28172850295253116,0.4809456373305904,0.23610633611679077,0.2152777777777778
cf_qwen3,mean,pop,6,0.2756977578021168,0.2469171756210505,0.305908533678201,0.5255232831424972,0.26438456773757935,0.2037037037037037
cf_qwen3,mean,pop,7,0.2937795631006228,0.2637610738846482,0.32465672062407624,0.559990047621716,0.275895893573761,0.18055555555555555
cf_qwen3,mean,pop,8,0.31292058189610766,0.2809595421790948,0.3474463977564611,0.5964758396001744,0.2887229919433594,0.1712962962962963
cf_qwen3,mean,pop,9,0.32351271132566467,0.2916994818794449,0.3582894405527427,0.6166661040320178,0.29505419731140137,0.17592592592592593
cf_qwen3,mean,pop,10,0.3403816280364037,0.3090292284282228,0.3749082153566762,0.648820912121708,0.3133789002895355,0.16666666666666666
cf_qwen3,mean,pop,12,0.35868486138095607,0.32670866679459243,0.3937012578736876,0.6837097532789012,0.340811550617218,0.14351851851851852
cf_qwen3,mean,pop,16,0.39137917775651787,0.35683652031289853,0.4285771304478968,0.7460302618632216,0.3703174293041229,0.13194444444444445
cf_qwen3,mean,pop,24,0.4333486315995706,0.39833139399959294,0.46859077943956956,0.8260306410869414,0.3987012803554535,0.1087962962962963
cf_qwen3,mean,pop,32,0.45649929246426363,0.4217371298387934,0.4913609232618652,0.870159441413509,0.422873854637146,0.1087962962962963
cf_qwen3,mean,pop,48,0.4799151699737802,0.4452710520082883,0.5150436281290904,0.9147937863736014,0.4537186622619629,0.09953703703703703
cf_qwen3,mean,pop,64,0.4885491563545956,0.4534743520727283,0.524158331513334,0.931251522213116,0.4635990858078003,0.10416666666666667
cf_qwen3,mean,pop,96,0.49962627656832087,0.463880260501498,0.5357006371757826,0.9523662553501888,0.47998642921447754,0.10185185185185185
cf_qwen3,mean,pop,128,0.5051090666235667,0.4691003134513977,0.5408302760471396,0.9628173154298356,0.4879021644592285,0.09953703703703703
cf_qwen3,mean,pop,192,0.5205461475184391,0.48615857258886525,0.5551480059145747,0.9922428192811672,0.503539502620697,0.09027777777777778
cf_qwen3,mean,pop,256,0.5269526500399829,0.49219935563336964,0.5625095715155589,1.004454620586417,0.5136809945106506,0.09027777777777778
cf_qwen3,mean,pop,320,0.5322429314686266,0.496943309947226,0.5677053002207725,1.014538728949475,0.5262259244918823,0.08796296296296297
cf_qwen3,mean,pop,384,0.47893444684596653,0.4359194686618111,0.5210622996400852,0.9129243738615406,0.46821531653404236,0.10416666666666667
cf_qwen3,mean,layerwise,1,0.08586151893443332,0.0663315980220566,0.10645258255258186,0.16366555784037876,0.03878878802061081,0.26851851851851855
cf_qwen3,mean,layerwise,2,0.12815650263474765,0.10758238085831907,0.14977403621747143,0.2442864481655047,0.1146107092499733,0.24305555555555555
cf_qwen3,mean,layerwise,3,0.14128595065499877,0.12049714689340689,0.16296594975207798,0.2693132408549233,0.13008153438568115,0.24305555555555555
cf_qwen3,mean,layerwise,4,0.14397116315563394,0.12305897489348598,0.16553109072062172,0.2744316781629334,0.1326385736465454,0.24768518518518517
cf_qwen3,mean,layerwise,5,0.14730578299910418,0.12652250227421957,0.16902887485019544,0.2807879879934631,0.13861900568008423,0.22685185185185186
cf_qwen3,mean,layerwise,6,0.1502562115816754,0.12939097970801297,0.17213445989743364,0.28641196886204595,0.141455739736557,0.22685185185185186
cf_qwen3,mean,layerwise,7,0.150185156727026,0.1293091553064183,0.17198359261537582,0.286276527134858,0.14141018688678741,0.22916666666666666
cf_qwen3,mean,layerwise,8,0.15530275775885255,0.1339674376125604,0.17822136406361264,0.2960314795055235,0.14199724793434143,0.2222222222222222
cf_qwen3,mean,layerwise,9,0.1892025294961503,0.16189258050519306,0.2196279592864696,0.3606497755815939,0.171188622713089,0.21296296296296297
cf_qwen3,mean,layerwise,10,0.210757760206826,0.1823457623740443,0.2414639142542947,0.4017374351341204,0.19003508985042572,0.18518518518518517
cf_qwen3,mean,layerwise,12,0.23691007487395202,0.20617328805531054,0.2707047710722774,0.4515878596541062,0.20733697712421417,0.1574074074074074
cf_qwen3,mean,layerwise,16,0.24706182906186563,0.2145262018057214,0.2819660883247465,0.4709386996211007,0.21660450100898743,0.1527777777777778
cf_qwen3,mean,layerwise,24,0.34312219652656256,0.31146573599233984,0.3772090621584138,0.6540448666511418,0.30557623505592346,0.1388888888888889
cf_qwen3,mean,layerwise,32,0.39895560737183516,0.3653337755170018,0.4348332362759656,0.7604721281942398,0.3651474118232727,0.12731481481481483
cf_qwen3,mean,layerwise,48,0.44478185179075613,0.40998829964765876,0.4804588101033365,0.8478241567820364,0.40658241510391235,0.12268518518518519
cf_qwen3,mean,layerwise,64,0.46688321315664877,0.43228353671582936,0.5027276358691163,0.8899528272489873,0.4267909526824951,0.11574074074074074
cf_qwen3,mean,layerwise,96,0.4884491845137715,0.45362763945245493,0.5243781070834336,0.9310609601627371,0.4491082727909088,0.1087962962962963
cf_qwen3,mean,layerwise,128,0.5071448731686408,0.47199755546996386,0.5430515636169756,0.9666978828596882,0.4846950173377991,0.10416666666666667
cf_qwen3,mean,layerwise,192,0.5165786438259294,0.4801784771316657,0.5532028799764332,0.9846801333058094,0.507044792175293,0.10185185185185185
cf_qwen3,mean,layerwise,256,0.5155144716168221,0.4787881968311524,0.5525762841636852,0.9826516537214359,0.505250096321106,0.10648148148148148
cf_qwen3,mean,layerwise,320,0.5161490077799313,0.47922153191186956,0.5532296217483257,0.9838611794367272,0.5071147680282593,0.10648148148148148
cf_qwen3,mean,layerwise,384,0.47893444684596653,0.4359194686618111,0.5210622996400852,0.9129243738615406,0.46821531653404236,0.10416666666666667
cf_qwen3,mean,dla,1,0.17021931896335968,0.1503917381486383,0.1921445182379319,0.3244647909690685,0.14990617334842682,0.2199074074074074
cf_qwen3,mean,dla,2,0.26269637402599383,0.2351079968512604,0.29156398731148103,0.5007406010420217,0.24742689728736877,0.18055555555555555
cf_qwen3,mean,dla,3,0.3218140058845995,0.29110968367223283,0.3545457429305616,0.6134281043195888,0.2952842712402344,0.15046296296296297
cf_qwen3,mean,dla,4,0.3603802627759751,0.3281930559253154,0.39433697975651555,0.6869414549599656,0.336823046207428,0.13657407407407407
cf_qwen3,mean,dla,5,0.3867250854004434,0.35308992044057974,0.42175503332246644,0.7371588299208258,0.3525049388408661,0.13194444444444445
cf_qwen3,mean,dla,6,0.4109159555065141,0.3772252150091394,0.4463461478860262,0.7832704326468104,0.3866376578807831,0.12962962962962962
cf_qwen3,mean,dla,7,0.4300520179138126,0.3955758266471789,0.466673366911192,0.8197467769699343,0.4081534147262573,0.12731481481481483
cf_qwen3,mean,dla,8,0.44657144302284324,0.4117003189959186,0.4829835484957316,0.8512353991050314,0.42312610149383545,0.12268518518518519
cf_qwen3,mean,dla,9,0.4597760777606779,0.42422870429646053,0.4973959335670586,0.8764055095021754,0.43412941694259644,0.11342592592592593
cf_qwen3,mean,dla,10,0.4725031543464625,0.43688417392922896,0.5104684021466611,0.9006653189597776,0.45114248991012573,0.1087962962962963
cf_qwen3,mean,dla,12,0.4932891785153571,0.45751065262206014,0.5307305703972991,0.9402867498767356,0.47433722019195557,0.10648148148148148
cf_qwen3,mean,dla,16,0.5216169268741059,0.485160107710968,0.5592410713582927,0.9942838931259356,0.5097087025642395,0.09722222222222222
cf_qwen3,mean,dla,24,0.5597072824704906,0.5231392594365556,0.5974248429953946,1.066890101056886,0.5563348531723022,0.0787037037037037
cf_qwen3,mean,dla,32,0.5776742412721365,0.5414083520967004,0.6150979930893261,1.1011379500521035,0.5854578018188477,0.07407407407407407
cf_qwen3,mean,dla,48,0.5979967530836108,0.5609431998628872,0.635222021431409,1.1398758535229534,0.6138401031494141,0.06481481481481481
cf_qwen3,mean,dla,64,0.6053790213046958,0.5677022063536168,0.6435639624263516,1.153947617702362,0.6224478483200073,0.05555555555555555
cf_qwen3,mean,dla,96,0.6123531372606099,0.5745940650328902,0.6502235127373953,1.167241379477527,0.6405445337295532,0.05324074074074074
cf_qwen3,mean,dla,128,0.613920477045696,0.5762999924771505,0.6516179499896252,1.1702289755908384,0.6429166793823242,0.05092592592592592
cf_qwen3,mean,dla,192,0.615247383356083,0.5774086894519719,0.6530522948316894,1.1727582676903323,0.6380692720413208,0.05092592592592592
cf_qwen3,mean,dla,256,0.6137362273168354,0.5758733053413544,0.6514588470707295,1.1698777666321554,0.6368316411972046,0.05555555555555555
cf_qwen3,mean,dla,320,0.6053748896101846,0.5677565596608616,0.6428024664183489,1.1539397420428654,0.6271756887435913,0.0625
cf_qwen3,mean,dla,384,0.47893444684596653,0.4359194686618111,0.5210622996400852,0.9129243738615406,0.46821531653404236,0.10416666666666667
cf_qwen3,mean,rand,1,0.001159598540052143,-0.00045620810243432545,0.0028775855490008376,0.0022103771780866105,0.0,0.28703703703703703
cf_qwen3,mean,rand,2,0.0026905825645759107,-0.000718323454193054,0.0064852180227772315,0.005128673494387904,0.0,0.28703703703703703
cf_qwen3,mean,rand,3,0.0029388614525849574,-0.0003883071099884883,0.006681300974699533,0.0056019320997594164,-0.001360302441753447,0.2789351851851852
cf_qwen3,mean,rand,4,0.003470533490613338,-0.0002586658932159356,0.0076166553127357045,0.006615382616031957,0.0,0.27662037037037035
cf_qwen3,mean,rand,5,0.0054658527098859,0.0007419371696525804,0.010534702304305824,0.01041877483579048,0.0,0.2638888888888889
cf_qwen3,mean,rand,6,0.008710828263102294,0.0031911468982311593,0.01478617054710321,0.016604208551458974,0.00351756252348423,0.2604166666666667
cf_qwen3,mean,rand,7,0.0084414809328284,0.002766083487684345,0.014722389090197895,0.016090790181866,0.005465781316161156,0.2638888888888889
cf_qwen3,mean,rand,8,0.011197747884784162,0.0035181423265615622,0.01990625159441732,0.021344668448255853,0.003454867284744978,0.26157407407407407
cf_qwen3,mean,rand,9,0.012771695367497907,0.004980159886002982,0.021617566388146745,0.024344859872385178,0.008174985647201538,0.26273148148148145
cf_qwen3,mean,rand,10,0.01725889145426646,0.008431565977661934,0.02703805623912708,0.03289816127904853,0.007387909106910229,0.25925925925925924
cf_qwen3,mean,rand,12,0.023204364363598184,0.013679104444456929,0.03369989123684616,0.04423116764099868,0.012493658810853958,0.25810185185185186
cf_qwen3,mean,rand,16,0.02584000329546049,0.01446571256327003,0.03823112866551844,0.0492551099308907,0.011191926896572113,0.26273148148148145
cf_qwen3,mean,rand,24,0.039125606988432475,0.02626509835303497,0.052312435880757936,0.07457955988986355,0.02453518472611904,0.2708333333333333
cf_qwen3,mean,rand,32,0.04904973810601403,0.03383632690693331,0.06559153341650667,0.09349651448835335,0.031928256154060364,0.26851851851851855
cf_qwen3,mean,rand,48,0.07261722585261125,0.05220066502251647,0.09555883565674021,0.13841985240284563,0.041633039712905884,0.25810185185185186
cf_qwen3,mean,rand,64,0.09350363264386755,0.07127964765799193,0.11718436834273535,0.17823262838439363,0.07694418728351593,0.24537037037037038
cf_qwen3,mean,rand,96,0.13596055535437707,0.10934222345851051,0.16479352720415694,0.2591621999297989,0.11685478687286377,0.23148148148148148
cf_qwen3,mean,rand,128,0.17001069868083693,0.13847366191457225,0.20258850619875873,0.3240671279025442,0.161232590675354,0.21875
cf_qwen3,mean,rand,192,0.24046323056785546,0.20429407543372044,0.27750783527884365,0.4583607331829393,0.22749775648117065,0.19444444444444445
cf_qwen3,mean,rand,256,0.3185500261747674,0.2812608564325598,0.35656999584363847,0.6072064456927797,0.31547489762306213,0.16203703703703703
cf_qwen3,mean,rand,320,0.40112278177125177,0.3589325054376897,0.443926502142606,0.7646031034136366,0.3948950171470642,0.13541666666666666
cf_qwen3,mean,rand,384,0.47893444684596653,0.4359194686618111,0.5210622996400852,0.9129243738615406,0.46821531653404236,0.10416666666666667
cf_qwen3,first,noise_oracle,1,0.17821980108950972,0.1591654994194892,0.19900966933801081,0.3369663750411084,0.15238888561725616,0.25
cf_qwen3,first,noise_oracle,2,0.26737967914438504,0.2407643273413486,0.29684845130091286,0.5055440567778827,0.23589029908180237,0.2037037037037037
cf_qwen3,first,noise_oracle,3,0.32155530011494826,0.29107971809258987,0.3551251008424553,0.6079757871605417,0.29016321897506714,0.16666666666666666
cf_qwen3,first,noise_oracle,4,0.3586885901344395,0.3264314843396563,0.3943662314953843,0.6781849898121243,0.3296341598033905,0.1388888888888889
cf_qwen3,first,noise_oracle,5,0.3831275925833375,0.35111821406769794,0.4187968558583925,0.7243926615437849,0.345625102519989,0.12962962962962962
cf_qwen3,first,noise_oracle,6,0.4076665500524764,0.3741845258996524,0.444609830428381,0.7707893217078859,0.36587685346603394,0.12962962962962962
cf_qwen3,first,noise_oracle,7,0.4212104552951172,0.3864373512367559,0.45951986639285985,0.7963972543035507,0.38789770007133484,0.12962962962962962
cf_qwen3,first,noise_oracle,8,0.4320055974811335,0.39775952184869723,0.4699899396703995,0.8168080050071063,0.4048793911933899,0.12962962962962962
cf_qwen3,first,noise_oracle,9,0.447198760557749,0.41184691283674824,0.4849684244305337,0.8455342467380365,0.41525423526763916,0.12962962962962962
cf_qwen3,first,noise_oracle,10,0.4538457694037683,0.4185542369678689,0.49185709353019275,0.8581019774953184,0.42105263471603394,0.12962962962962962
cf_qwen3,first,noise_oracle,12,0.4688889999500225,0.4335277965478221,0.505949923294533,0.886544736577588,0.4397568702697754,0.1111111111111111
cf_qwen3,first,noise_oracle,16,0.4829826578039882,0.44605383615486327,0.5212925927512219,0.9131921055516746,0.4592379331588745,0.12962962962962962
cf_qwen3,first,noise_oracle,24,0.502473886750962,0.4641365318556877,0.541904908639688,0.9500448498775389,0.4861922264099121,0.1111111111111111
cf_qwen3,first,noise_oracle,32,0.5131690739167375,0.4746119716499578,0.5528979660871275,0.9702666121486543,0.5042372941970825,0.10185185185185185
cf_qwen3,first,noise_oracle,48,0.5238142835723925,0.48456301370122473,0.5636500300400454,0.9903938802035493,0.5216938853263855,0.1111111111111111
cf_qwen3,first,noise_oracle,64,0.5399570193412964,0.5024697493403615,0.577544964966015,1.0209155120426627,0.5379072427749634,0.10185185185185185
cf_qwen3,first,noise_oracle,96,0.550002498875506,0.5128342932222181,0.5873782402725288,1.0399088495029158,0.5550504922866821,0.09259259259259259
cf_qwen3,first,noise_oracle,128,0.5575491029036933,0.5203135856117628,0.5949539357540164,1.0541774761521607,0.5672316551208496,0.07407407407407407
cf_qwen3,first,noise_oracle,192,0.5604477984906792,0.5225188284846577,0.59832427950758,1.0596581406929304,0.5611249208450317,0.07407407407407407
cf_qwen3,first,noise_oracle,256,0.5601479334299565,0.5219517007719855,0.5981077140938843,1.0590911753956094,0.5584628582000732,0.08333333333333333
cf_qwen3,first,noise_oracle,320,0.5614473486930881,0.5232258797444027,0.5989845107762786,1.0615480250173337,0.5768260955810547,0.08333333333333333
cf_qwen3,first,noise_oracle,384,0.46579039432255487,0.4219050707501644,0.5100670646441047,0.8806860951719379,0.4392091631889343,0.10185185185185185
cf_qwen3,first,oracle,1,0.1469838572642311,0.12672902449284523,0.16911082744674208,0.2779074899035053,0.13312995433807373,0.2222222222222222
cf_qwen3,first,oracle,2,0.23349492728272278,0.20509364012646114,0.26440697163011917,0.4414769781806109,0.2094898670911789,0.19444444444444445
cf_qwen3,first,oracle,3,0.28392223499425256,0.2528740170854693,0.31786197908480984,0.5368216423467573,0.25873610377311707,0.1574074074074074
cf_qwen3,first,oracle,4,0.3090609225848368,0.2758144405800145,0.344821099695586,0.5843522331055003,0.2877750098705292,0.1388888888888889
cf_qwen3,first,oracle,5,0.3263531410865111,0.2919908412039946,0.3632336123950585,0.6170472319176775,0.3022000789642334,0.1388888888888889
cf_qwen3,first,oracle,6,0.3385976310660203,0.3043705290006432,0.37582785623620785,0.6401983148916179,0.3149128258228302,0.1388888888888889
cf_qwen3,first,oracle,7,0.3530411314908291,0.3171688010225654,0.3914006594353172,0.6675071433792455,0.3286171555519104,0.14814814814814814
cf_qwen3,first,oracle,8,0.35973811784696885,0.3242458666724024,0.39762942328687234,0.6801693683527477,0.33514493703842163,0.1388888888888889
cf_qwen3,first,oracle,9,0.3708831026038283,0.33407738319926034,0.41018112112458655,0.7012415785698445,0.34008654952049255,0.14814814814814814
cf_qwen3,first,oracle,10,0.3759808086361138,0.33876040899526066,0.41557895525198146,0.7108799886243014,0.3401517868041992,0.1388888888888889
cf_qwen3,first,oracle,12,0.3888750062471888,0.3497924859381374,0.429632721651012,0.7352594964091039,0.35095739364624023,0.1388888888888889
cf_qwen3,first,oracle,16,0.40611724723874254,0.36859703285322515,0.44608363397100154,0.7678600010050608,0.36166274547576904,0.1388888888888889
cf_qwen3,first,oracle,24,0.4236093757808986,0.38505612331521966,0.4637534946541229,0.8009329766821186,0.3915804624557495,0.1388888888888889
cf_qwen3,first,oracle,32,0.4345544504972762,0.3959847313224242,0.4751011649245514,0.8216272100343347,0.40330150723457336,0.1388888888888889
cf_qwen3,first,oracle,48,0.44974761357389176,0.4099573595935834,0.4906495885891377,0.8503534517652649,0.41927337646484375,0.14814814814814814
cf_qwen3,first,oracle,64,0.4666400119946024,0.42608189451023665,0.5077958154576638,0.8822924968476806,0.4454365074634552,0.14814814814814814
cf_qwen3,first,oracle,96,0.49427757509120895,0.45413671160565394,0.5358314926640786,0.9345477984174319,0.47853192687034607,0.1388888888888889
cf_qwen3,first,oracle,128,0.5132190514268579,0.47169000372496744,0.5555246958378024,0.9703611063648744,0.5,0.1388888888888889
cf_qwen3,first,oracle,192,0.5281623269528712,0.4867822562171018,0.5700619559527675,0.9986148770147038,0.5248684883117676,0.12962962962962962
cf_qwen3,first,oracle,256,0.5374081663251536,0.49593675723731173,0.5797768643337996,1.0160963070154343,0.5514976978302002,0.10185185185185185
cf_qwen3,first,oracle,320,0.5476535558998451,0.5069239991691922,0.5882369333953656,1.035467621340568,0.5758068561553955,0.10185185185185185
cf_qwen3,first,oracle,384,0.46579039432255487,0.4219050707501644,0.5100670646441047,0.8806860951719379,0.4392091631889343,0.10185185185185185
cf_qwen3,first,pop,1,0.08831026038282773,0.0681042363482114,0.10967477246063898,0.16697128006103157,0.05857769399881363,0.2777777777777778
cf_qwen3,first,pop,2,0.1581288420210905,0.1341369732413745,0.18419265037778237,0.2989797001206021,0.13091467320919037,0.24074074074074073
cf_qwen3,first,pop,3,0.18946474086661003,0.16384540328517724,0.2160454645076706,0.3582275736906455,0.16393442451953888,0.24074074074074073
cf_qwen3,first,pop,4,0.21380378829526714,0.1863036767871318,0.24210426346567626,0.4042462569898659,0.20859819650650024,0.2222222222222222
cf_qwen3,first,pop,5,0.23924234094657404,0.21066832293321805,0.2689261006802553,0.45234381304592985,0.2182846963405609,0.2222222222222222
cf_qwen3,first,pop,6,0.2642810735169174,0.2340373904531647,0.29542764426223556,0.49968541537223254,0.24828767776489258,0.21296296296296297
cf_qwen3,first,pop,7,0.2822229996501574,0.25051042305621635,0.3143727941595584,0.5336088389952718,0.2660159468650818,0.19444444444444445
cf_qwen3,first,pop,8,0.3002648808036384,0.2676884672149796,0.33441308554592136,0.5677212510507513,0.2631579041481018,0.19444444444444445
cf_qwen3,first,pop,9,0.30931081013543904,0.2768190682160001,0.3431138889936144,0.5848247041866013,0.27123594284057617,0.19444444444444445
cf_qwen3,first,pop,10,0.3244539957019341,0.292103808330559,0.359038187466568,0.6134564517013112,0.29963505268096924,0.17592592592592593
cf_qwen3,first,pop,12,0.34579439252336447,0.31258493618215344,0.38002246737829043,0.6538054820273217,0.3345499038696289,0.16666666666666666
cf_qwen3,first,pop,16,0.38032885201659256,0.3441190486235692,0.4168702670123791,0.7191009854354556,0.3611111044883728,0.1388888888888889
cf_qwen3,first,pop,24,0.42096056774451496,0.38413356765692575,0.4567900661336272,0.7959247832224499,0.39393508434295654,0.12037037037037036
cf_qwen3,first,pop,32,0.44190114448498174,0.40542930998963445,0.47757655737386784,0.835517859818699,0.41841810941696167,0.12037037037037036
cf_qwen3,first,pop,48,0.466590034484482,0.43044142021477155,0.5017445953774794,0.8821980026314604,0.44484996795654297,0.1111111111111111
cf_qwen3,first,pop,64,0.47453645859363286,0.43791503068509824,0.5103533323210574,0.8972225830104668,0.4606962203979492,0.12037037037037036
cf_qwen3,first,pop,96,0.4856814433504923,0.4488379422875289,0.5221113297071807,0.9182947932275635,0.46941637992858887,0.1111111111111111
cf_qwen3,first,pop,128,0.4924783847268729,0.4554057434939512,0.5287933462520228,0.931146006633506,0.47722601890563965,0.10185185185185185
cf_qwen3,first,pop,192,0.507171772702284,0.47092259024415967,0.5432138277894804,0.9589273062022344,0.47722601890563965,0.09259259259259259
cf_qwen3,first,pop,256,0.5123694337548104,0.47511164411514417,0.5491061506522451,0.9687547046891316,0.47654253244400024,0.09259259259259259
cf_qwen3,first,pop,320,0.5182168024389024,0.48058340423108314,0.5556146245793275,0.979810527986891,0.490761399269104,0.10185185185185185
cf_qwen3,first,pop,384,0.46579039432255487,0.4219050707501644,0.5100670646441047,0.8806860951719379,0.4392091631889343,0.10185185185185185
cf_qwen3,first,layerwise,1,0.0875106202209006,0.06722731558681211,0.10888456648809479,0.16545937260150892,0.04562423378229141,0.26851851851851855
cf_qwen3,first,layerwise,2,0.1274426508071368,0.10539873618483894,0.15124944651688677,0.24096025136142077,0.11012881994247437,0.23148148148148148
cf_qwen3,first,layerwise,3,0.14223599380278876,0.12063615256688628,0.16517187180123893,0.2689305393625896,0.11319731920957565,0.2222222222222222
cf_qwen3,first,layerwise,4,0.14518466689989504,0.12275032505604787,0.16859580217111453,0.2745056981195793,0.12320126593112946,0.24074074074074073
cf_qwen3,first,layerwise,5,0.14903293517916938,0.12736439644993747,0.1718841406210826,0.28178175276853207,0.12610939145088196,0.21296296296296297
cf_qwen3,first,layerwise,6,0.15128192313458944,0.1292684322672958,0.17472622980946745,0.28603399249843947,0.13310734927654266,0.21296296296296297
cf_qwen3,first,layerwise,7,0.1501324404018192,0.12846304840185288,0.17359826014428315,0.28386062552537566,0.1278911530971527,0.2222222222222222
cf_qwen3,first,layerwise,8,0.15498025888350242,0.13110774287205879,0.18219719579650723,0.29302656449873166,0.13250300288200378,0.21296296296296297
cf_qwen3,first,layerwise,9,0.18296766455095206,0.15604226485818554,0.21354490402173487,0.34594332558202406,0.14962686598300934,0.21296296296296297
cf_qwen3,first,layerwise,10,0.20375830876105752,0.1749066704534668,0.23451844530514618,0.3852529195296127,0.18054640293121338,0.19444444444444445
cf_qwen3,first,layerwise,12,0.22994652406417113,0.19784489879774259,0.264150968074374,0.43476788882897915,0.19854015111923218,0.16666666666666666
cf_qwen3,first,layerwise,16,0.24274076665500524,0.2088377571480296,0.27858654944485367,0.4589584081813414,0.2217777818441391,0.14814814814814814
cf_qwen3,first,layerwise,24,0.3350992053575891,0.3016854735380437,0.3702250005320512,0.6335837197562063,0.3006666898727417,0.1388888888888889
cf_qwen3,first,layerwise,32,0.3902243990204408,0.354959363869968,0.42659479000484246,0.7378108402470483,0.3521462678909302,0.1388888888888889
cf_qwen3,first,layerwise,48,0.433404967764506,0.3967154257841058,0.4704577896919724,0.8194538430612709,0.40682119131088257,0.14814814814814814
cf_qwen3,first,layerwise,64,0.4561447348693088,0.41965868523991234,0.4932427630505952,0.862448711441446,0.4236874282360077,0.1388888888888889
cf_qwen3,first,layerwise,96,0.4772852216502574,0.4400804283121153,0.5151912145081988,0.9024197649025758,0.43810194730758667,0.12962962962962962
cf_qwen3,first,layerwise,128,0.4937777999900045,0.45655076305358905,0.5320954277422127,0.9336028562552302,0.4683449864387512,0.12037037037037036
cf_qwen3,first,layerwise,192,0.5043230546254186,0.46498023495006074,0.5434333228990295,0.9535411358776851,0.4815315306186676,0.12037037037037036
cf_qwen3,first,layerwise,256,0.5017242240991554,0.46232587154684923,0.5410339640516255,0.9486274366342364,0.47815313935279846,0.12037037037037036
cf_qwen3,first,layerwise,320,0.5028737068319257,0.46314966039060707,0.5419522728664076,0.9508008036073002,0.4773648679256439,0.12037037037037036
cf_qwen3,first,layerwise,384,0.46579039432255487,0.4219050707501644,0.5100670646441047,0.8806860951719379,0.4392091631889343,0.10185185185185185
cf_qwen3,first,dla,1,0.15577989904542955,0.1359220346971665,0.17745432889319185,0.29453847195825433,0.1408730149269104,0.23148148148148148
cf_qwen3,first,dla,2,0.25258633614873305,0.22480317315842088,0.28295835934005004,0.4775737687767139,0.22861841320991516,0.18518518518518517
cf_qwen3,first,dla,3,0.31475835873856767,0.28362815618813786,0.3480663128594283,0.5951245737545992,0.27461540699005127,0.14814814814814814
cf_qwen3,first,dla,4,0.35663951221950124,0.32483171750114953,0.39229562262986917,0.6743107269470975,0.3251558542251587,0.1388888888888889
cf_qwen3,first,dla,5,0.3791293917737018,0.34614482776324634,0.41530200324030647,0.7168331242461717,0.35087719559669495,0.1388888888888889
cf_qwen3,first,dla,6,0.4045179669148883,0.3722481111878074,0.4399885124122124,0.7648361860860156,0.3611575663089752,0.12962962962962962
cf_qwen3,first,dla,7,0.421860162926683,0.38839558872040625,0.4582586385312009,0.7976256791144128,0.38476327061653137,0.12962962962962962
cf_qwen3,first,dla,8,0.4391523814283572,0.40458670782259054,0.47662780558051443,0.8303206779265899,0.40760618448257446,0.12037037037037036
cf_qwen3,first,dla,9,0.4503473436953371,0.41473509134220554,0.4884405206569347,0.8514873823599068,0.41569119691848755,0.1111111111111111
cf_qwen3,first,dla,10,0.4632915188165326,0.4281088825645054,0.5013467070702764,0.8759613843609296,0.42997199296951294,0.1111111111111111
cf_qwen3,first,dla,12,0.4817332200509771,0.44665520152735827,0.5189486736595146,0.9108297501461705,0.45362406969070435,0.10185185185185185
cf_qwen3,first,dla,16,0.5133190064470988,0.47751879134921144,0.550817071357604,0.9705500947973148,0.4836021363735199,0.10185185185185185
cf_qwen3,first,dla,24,0.5518516667499626,0.5144062261781639,0.5898133522429484,1.043405135503062,0.5285947918891907,0.09259259259259259
cf_qwen3,first,dla,32,0.5704932780248888,0.5330750977717387,0.6086844446416653,1.0786514781531835,0.5676470994949341,0.08333333333333333
cf_qwen3,first,dla,48,0.5903343495427058,0.5528571514338048,0.6288099140752355,1.116165681992589,0.5905364751815796,0.07407407407407407
cf_qwen3,first,dla,64,0.5953820780648708,0.5572944202170859,0.6343750127098086,1.1257095978308256,0.5905364751815796,0.06481481481481481
cf_qwen3,first,dla,96,0.6045779399270328,0.5659226579144574,0.6443427981868903,1.143096533615336,0.6005317568778992,0.06481481481481481
cf_qwen3,first,dla,128,0.6065770403318507,0.5674969666580013,0.6454707525793735,1.1468763022641426,0.6064701676368713,0.06481481481481481
cf_qwen3,first,dla,192,0.6054275575990804,0.5666903479002483,0.6441817663130319,1.144702935291079,0.6088342666625977,0.07407407407407407
cf_qwen3,first,dla,256,0.6049277824978759,0.5663272307874927,0.6438734439617073,1.1437579931288773,0.6072002649307251,0.07407407407407407
cf_qwen3,first,dla,320,0.5943325503523414,0.5556849783732034,0.6326106301553942,1.1237252192902023,0.5905364751815796,0.07407407407407407
cf_qwen3,first,dla,384,0.46579039432255487,0.4219050707501644,0.5100670646441047,0.8806860951719379,0.4392091631889343,0.10185185185185185
cf_qwen3,first,rand,1,0.0015742915687940427,-0.00021443351147569197,0.003495352202415268,0.0029765678109351977,0.0,0.2824074074074074
cf_qwen3,first,rand,2,0.0035234144634914287,-0.00022706004940119408,0.007847927053644184,0.006661842243521633,0.0,0.28703703703703703
cf_qwen3,first,rand,3,0.0035983807286720975,-0.00016366897740638074,0.008104110617285479,0.00680358356785188,0.0,0.2824074074074074
cf_qwen3,first,rand,4,0.003548403218551652,-0.0006362460719012026,0.008218640721216667,0.006709089351631716,0.0,0.27314814814814814
cf_qwen3,first,rand,5,0.005722424908791044,0.0010536428624277276,0.010879125641243808,0.010819587757208893,0.0,0.26851851851851855
cf_qwen3,first,rand,6,0.008721075516017793,0.002862956964827238,0.015173626235190854,0.016489240730418794,0.0012626262614503503,0.2638888888888889
cf_qwen3,first,rand,7,0.009395771902643811,0.003500672509339087,0.015735263672523758,0.01776491264939102,0.0019292929209768772,0.26851851851851855
cf_qwen3,first,rand,8,0.011694737368184317,0.0037323377398535106,0.02123700333033203,0.022111646595518612,0.002967171836644411,0.25
cf_qwen3,first,rand,9,0.012719276325653455,0.004765035658203317,0.021959908510021137,0.024048778028031993,0.006849315017461777,0.2638888888888889
cf_qwen3,first,rand,10,0.016817432155530013,0.007816208532694803,0.027246938930504977,0.031797303758085524,0.008418222889304161,0.2638888888888889
cf_qwen3,first,rand,12,0.024239092408416214,0.013501301807175362,0.03652446699954656,0.04582969486678003,0.013638220727443695,0.25462962962962965
cf_qwen3,first,rand,16,0.027212754260582738,0.014777934954074578,0.040719120332888,0.05145210073187984,0.01879699155688286,0.25925925925925924
cf_qwen3,first,rand,24,0.04248088360237893,0.02836125191987827,0.057370912081814114,0.08032008378714026,0.03001200407743454,0.26851851851851855
cf_qwen3,first,rand,32,0.05382577839972012,0.03690128099357426,0.07212438708266782,0.1017702708691177,0.038523390889167786,0.2638888888888889
cf_qwen3,first,rand,48,0.07769003948223299,0.05642889699447416,0.10059753475586329,0.1468912591142465,0.057839859277009964,0.25462962962962965
cf_qwen3,first,rand,64,0.09808086361137489,0.07473462853048486,0.12204335543893016,0.1854448993320738,0.07992170751094818,0.24074074074074073
cf_qwen3,first,rand,96,0.13881253435953822,0.11202019337493344,0.16661897900917394,0.2624576855515083,0.11853399872779846,0.22685185185185186
cf_qwen3,first,rand,128,0.17152281473336997,0.14012040670670672,0.20467005454518816,0.32430415006760627,0.16000093519687653,0.2222222222222222
cf_qwen3,first,rand,192,0.2387675546004298,0.20160565826389965,0.27702356482920937,0.4514461179918383,0.23853066563606262,0.2037037037037037
cf_qwen3,first,rand,256,0.31575790894097655,0.276511952079607,0.35543726808586396,0.5970144580790024,0.3160579800605774,0.17592592592592593
cf_qwen3,first,rand,320,0.3957719026438103,0.3526136732327482,0.4392508844037991,0.7482996982474867,0.38915807008743286,0.1574074074074074
cf_qwen3,first,rand,384,0.46579039432255487,0.4219050707501644,0.5100670646441047,0.8806860951719379,0.4392091631889343,0.10185185185185185
cf_mixtral,mean,noise_oracle,1,0.12466626179412833,0.11196347030816209,0.13827530096765978,0.29419648035204893,0.10955256223678589,0.32075471698113206
cf_mixtral,mean,noise_oracle,2,0.20694417728580705,0.18687069303955423,0.22861818775187825,0.48836186880597043,0.1813124269247055,0.3018867924528302
cf_mixtral,mean,noise_oracle,3,0.26377999853378614,0.24007673341128086,0.28821156319680385,0.6224871592288616,0.24744459986686707,0.3018867924528302
cf_mixtral,mean,noise_oracle,4,0.2998532535864603,0.2750469235675417,0.3254170553485058,0.7076154410800011,0.28038012981414795,0.29245283018867924
cf_mixtral,mean,noise_oracle,5,0.32865733885522025,0.30185857737147104,0.35573274360010637,0.775589409207989,0.32254767417907715,0.2641509433962264
cf_mixtral,mean,noise_oracle,6,0.3505102805181123,0.3206843289570731,0.380898894829946,0.8271595648382134,0.33873024582862854,0.24528301886792453
cf_mixtral,mean,noise_oracle,7,0.36445800004099765,0.3338241377783956,0.396491582255018,0.8600744042945104,0.35533595085144043,0.22641509433962265
cf_mixtral,mean,noise_oracle,8,0.37717904716284745,0.3456519036671222,0.4096338595013861,0.8900944533100256,0.37819600105285645,0.22641509433962265
cf_mixtral,mean,noise_oracle,9,0.3842664877021638,0.3533561166349602,0.416672394705415,0.9068199091900984,0.37819600105285645,0.22641509433962265
cf_mixtral,mean,noise_oracle,10,0.39271689757596406,0.3609432382187504,0.42523114468395895,0.926761798893262,0.3867226541042328,0.20754716981132076
cf_mixtral,mean,noise_oracle,12,0.4053925123866644,0.37303714471956045,0.4380300157549256,0.9566746334480075,0.4012356996536255,0.19811320754716982
cf_mixtral,mean,noise_oracle,16,0.4252918646701295,0.3929607006903793,0.45781251474461276,1.0036345672651348,0.4197830259799957,0.1792452830188679
cf_mixtral,mean,noise_oracle,24,0.4419655228619827,0.4093638388078543,0.4748189135240439,1.0429822743676136,0.4336075186729431,0.16981132075471697
cf_mixtral,mean,noise_oracle,32,0.4543685438057863,0.42122241166253044,0.4874961477184803,1.072251822157741,0.4543469548225403,0.1509433962264151
cf_mixtral,mean,noise_oracle,48,0.4585028841203875,0.4243414102768277,0.4927287605656509,1.0820083380877834,0.4530791640281677,0.12264150943396226
cf_mixtral,mean,noise_oracle,64,0.3660178421108905,0.33013158015833605,0.4028224860333834,0.8637554326678913,0.354607492685318,0.1834862385321101
cf_mixtral,mean,oracle,1,0.06280638405651379,0.051001439756164946,0.07539866132872186,0.14821505728292933,0.050235480070114136,0.3623853211009174
cf_mixtral,mean,oracle,2,0.11239499438097247,0.09686878269232095,0.12861673182895325,0.2652378540929973,0.09493860602378845,0.3463302752293578
cf_mixtral,mean,oracle,3,0.15398751815570172,0.13521328561212775,0.17290494148371546,0.36339090630925125,0.12600597739219666,0.3440366972477064
cf_mixtral,mean,oracle,4,0.1886538854138267,0.16690914941061485,0.21064306703985358,0.44519911237204207,0.16136717796325684,0.3302752293577982
cf_mixtral,mean,oracle,5,0.22148175962750793,0.19801563165690664,0.2450332320120983,0.5226687092951743,0.1906622052192688,0.3256880733944954
cf_mixtral,mean,oracle,6,0.24652783546550597,0.22138866953872852,0.27177916102929545,0.5817742543891443,0.20733678340911865,0.30275229357798167
cf_mixtral,mean,oracle,7,0.2675592091966798,0.2414446107623506,0.29390554439825267,0.6314056144671225,0.22951440513134003,0.30275229357798167
cf_mixtral,mean,oracle,8,0.2830652581312376,0.2554928250591432,0.31107254955442654,0.667997912616295,0.2493392825126648,0.28440366972477066
cf_mixtral,mean,oracle,9,0.2957370859406859,0.26717127371679905,0.3246672506764206,0.6979018103310052,0.2633697986602783,0.2798165137614679
cf_mixtral,mean,oracle,10,0.3098680506782451,0.28094780447959306,0.3391005283817341,0.7312490851264434,0.28056609630584717,0.27293577981651373
cf_mixtral,mean,oracle,12,0.335024676720139,0.30377056559734333,0.36617954212358833,0.79061551460421,0.3141576051712036,0.2591743119266055
cf_mixtral,mean,oracle,16,0.3611891453599464,0.3288299789034862,0.39296167327323844,0.8523603240926375,0.341783732175827,0.24311926605504589
cf_mixtral,mean,oracle,24,0.3943645746731117,0.36433619203381606,0.42457017583374673,0.9306501067302132,0.35951119661331177,0.22247706422018348
cf_mixtral,mean,oracle,32,0.4104468583709245,0.3809947970533286,0.4402099468615653,0.9686022454390238,0.38272950053215027,0.20412844036697247
cf_mixtral,mean,oracle,48,0.43237097732516544,0.4032682933541422,0.4622947480861077,1.0203403704002805,0.4061472415924072,0.16972477064220184
cf_mixtral,mean,oracle,64,0.3660178421108905,0.33013158015833605,0.4028224860333834,0.8637554326678913,0.354607492685318,0.1834862385321101
cf_mixtral,mean,pop,1,0.05833205855994976,0.04631613874097941,0.07173878729530005,0.1376562196784752,0.04529137909412384,0.35091743119266056
cf_mixtral,mean,pop,2,0.1108162220464865,0.09474203631321987,0.1277306438254847,0.26151215270917005,0.09097583591938019,0.3532110091743119
cf_mixtral,mean,pop,3,0.1509836849015457,0.13325899959494797,0.1700162749348711,0.35630224287923284,0.13622954487800598,0.35091743119266056
cf_mixtral,mean,pop,4,0.2019746402622514,0.17854033942921746,0.22628941859292268,0.47663439514735034,0.17840240895748138,0.3463302752293578
cf_mixtral,mean,pop,5,0.23379618806473337,0.20824144870112912,0.2596873742261601,0.5517291900671224,0.20878204703330994,0.3302752293577982
cf_mixtral,mean,pop,6,0.25636317466205627,0.2304209006429524,0.2832489779238834,0.6049844006873621,0.23186048865318298,0.3119266055045872
cf_mixtral,mean,pop,7,0.2751600352140416,0.24807581215942748,0.3025916409551998,0.6493425946083,0.25169694423675537,0.3073394495412844
cf_mixtral,mean,pop,8,0.2916383352432458,0.26394544007210036,0.3202258152036847,0.6882292813590635,0.27507421374320984,0.2981651376146789
cf_mixtral,mean,pop,9,0.3021778744096001,0.2736546155363128,0.33124515539372834,0.7131012497862105,0.28233668208122253,0.286697247706422
cf_mixtral,mean,pop,10,0.3153895902838915,0.2879389753634534,0.3432787441597867,0.7442792144872495,0.2937960624694824,0.2775229357798165
cf_mixtral,mean,pop,12,0.3412632916568216,0.3110528538573762,0.37190840148402493,0.8053378503045828,0.32717522978782654,0.26605504587155965
cf_mixtral,mean,pop,16,0.3719694749716654,0.34203928696680946,0.4026834830118877,0.8778005272651694,0.33537453413009644,0.21100917431192662
cf_mixtral,mean,pop,24,0.40154136831791876,0.3711344447840364,0.43266420228085634,0.9475864245449072,0.3676166534423828,0.1720183486238532
cf_mixtral,mean,pop,32,0.42103031320406603,0.38993814528149223,0.4518686359631185,0.9935778492396488,0.38858750462532043,0.1559633027522936
cf_mixtral,mean,pop,48,0.43547324389378217,0.4045248633469154,0.4668493132528575,1.027661323900178,0.40355733036994934,0.14908256880733944
cf_mixtral,mean,pop,64,0.3660178421108905,0.33013158015833605,0.4028224860333834,0.8637554326678913,0.354607492685318,0.1834862385321101
cf_mixtral,mean,layerwise,1,0.046413649000967894,0.0350769706912724,0.058793266227544126,0.10953029295872631,0.03705020248889923,0.35091743119266056
cf_mixtral,mean,layerwise,2,0.061918182167870935,0.04964602151776708,0.07556316445042222,0.14611901408952482,0.05090644955635071,0.3532110091743119
cf_mixtral,mean,layerwise,3,0.09986097706359527,0.08336868336130535,0.11748445485854474,0.23565917156593627,0.08624541759490967,0.3532110091743119
cf_mixtral,mean,layerwise,4,0.12771855554497605,0.10669672906701855,0.15009482305688668,0.3013995043745615,0.10943567752838135,0.3486238532110092
cf_mixtral,mean,layerwise,5,0.18673058548434274,0.1636745221029942,0.21050840328716316,0.44066036979829004,0.1644672453403473,0.3440366972477064
cf_mixtral,mean,layerwise,6,0.2114692355071646,0.1871990581250396,0.23665765945776523,0.4990404291714837,0.1905035674571991,0.33256880733944955
cf_mixtral,mean,layerwise,7,0.2558051135560395,0.22874235380108604,0.28382296471066243,0.6036674476412957,0.23968063294887543,0.3165137614678899
cf_mixtral,mean,layerwise,8,0.27261279573427144,0.24542785142675339,0.30069672156810173,0.6433314342608462,0.2595267593860626,0.31422018348623854
cf_mixtral,mean,layerwise,9,0.29291876822695184,0.26362313516401326,0.3225027858175597,0.6912509399193808,0.27869999408721924,0.30275229357798167
cf_mixtral,mean,layerwise,10,0.30137069287390233,0.27159139722535297,0.33132248951273463,0.7111964042940148,0.2944166660308838,0.2958715596330275
cf_mixtral,mean,layerwise,12,0.31873946383865553,0.28816917924567004,0.3484412214370023,0.7521844888995317,0.31250739097595215,0.2981651376146789
cf_mixtral,mean,layerwise,16,0.3730356216295193,0.34153249697016774,0.40485235348638215,0.8803164974223375,0.3599943518638611,0.23394495412844038
cf_mixtral,mean,layerwise,24,0.4206941135123043,0.388583962447867,0.45268096380479395,0.9927844608393845,0.4173922538757324,0.1536697247706422
cf_mixtral,mean,layerwise,32,0.4334106187721922,0.4009355768434007,0.46549568759359394,1.0227937916398493,0.42599910497665405,0.14908256880733944
cf_mixtral,mean,layerwise,48,0.44109019448028486,0.409756279788754,0.47327288736597367,1.0409166110089656,0.41188281774520874,0.1444954128440367
cf_mixtral,mean,layerwise,64,0.3660178421108905,0.33013158015833605,0.4028224860333834,0.8637554326678913,0.354607492685318,0.1834862385321101
cf_mixtral,mean,dla,1,0.10029258397483357,0.0880235389641611,0.11343653320270716,0.23667770883780548,0.09033891558647156,0.36009174311926606
cf_mixtral,mean,dla,2,0.1720559486865425,0.1538972268120265,0.1914320908731825,0.4060300982699203,0.1625547707080841,0.3463302752293578
cf_mixtral,mean,dla,3,0.22813380699361155,0.20682305930520709,0.25021871558971176,0.5383666928079436,0.22396987676620483,0.3394495412844037
cf_mixtral,mean,dla,4,0.2717041511428382,0.24912025293975193,0.2951249595315671,0.6411871488957164,0.2548515498638153,0.3165137614678899
cf_mixtral,mean,dla,5,0.30718375835091377,0.28298306495827946,0.33151629047171915,0.7249144975357688,0.29194316267967224,0.286697247706422
cf_mixtral,mean,dla,6,0.33616654209667357,0.31100898031691565,0.3615837606332847,0.7933101712817886,0.32176312804222107,0.2775229357798165
cf_mixtral,mean,dla,7,0.35800661190110145,0.33201545326963827,0.3842071913329839,0.8448499509674611,0.34111666679382324,0.26605504587155965
cf_mixtral,mean,dla,8,0.37791656541534313,0.3522400700280559,0.40436455011571937,0.8918349023373489,0.35783320665359497,0.24770642201834864
cf_mixtral,mean,dla,9,0.39395417086115514,0.3671691985738828,0.42071658886792007,0.9296816060688228,0.37586480379104614,0.231651376146789
cf_mixtral,mean,dla,10,0.4052759014911071,0.3780115548968686,0.4324372437461108,0.9563994466047515,0.38695651292800903,0.21330275229357798
cf_mixtral,mean,dla,12,0.4262792601140157,0.3978720632672891,0.45464089879815206,1.0059646945997194,0.4066959619522095,0.19954128440366972
cf_mixtral,mean,dla,16,0.4521703769838046,0.42489219669826045,0.4803927435304085,1.0670644287688096,0.4370555877685547,0.16743119266055045
cf_mixtral,mean,dla,24,0.47374088078598264,0.4456245178293708,0.5017253344660741,1.1179680670643164,0.45425474643707275,0.14678899082568808
cf_mixtral,mean,dla,32,0.4818217760946722,0.45325463272601335,0.5098288081802308,1.1370379495144358,0.4618298411369324,0.13990825688073394
cf_mixtral,mean,dla,48,0.4844417040589962,0.45597912038192157,0.5122775622682526,1.1432206454161777,0.4656776487827301,0.1353211009174312
cf_mixtral,mean,dla,64,0.3660178421108905,0.33013158015833605,0.4028224860333834,0.8637554326678913,0.354607492685318,0.1834862385321101
cf_mixtral,mean,rand,1,0.005297786053893257,0.0015590219445870193,0.008842097134445776,0.012502099511794092,0.0030203673522919416,0.3658256880733945
cf_mixtral,mean,rand,2,0.009519204993185182,0.004816808833458889,0.01419598113290562,0.02246410989181222,0.00721387192606926,0.36353211009174313
cf_mixtral,mean,rand,3,0.016145507620099267,0.009678179406559935,0.022860433615095713,0.03810133910307165,0.012771738693118095,0.36926605504587157
cf_mixtral,mean,rand,4,0.02696748415262327,0.018502219304771805,0.03580125722630212,0.06363982369787473,0.022176098078489304,0.36009174311926606
cf_mixtral,mean,rand,5,0.03194686534161416,0.022368066256117917,0.04171075626397099,0.07539052833159075,0.026238471269607544,0.35894495412844035
cf_mixtral,mean,rand,6,0.03881963806411234,0.028218129258315107,0.049325708067992066,0.09160939553848221,0.036450862884521484,0.36009174311926606
cf_mixtral,mean,rand,7,0.04293504846006444,0.031750405713390974,0.05409645503920714,0.10132123927446217,0.04171455651521683,0.36353211009174313
cf_mixtral,mean,rand,8,0.04937886452756692,0.037005856158996916,0.062342908281960416,0.11652782347625538,0.043661925941705704,0.36009174311926606
cf_mixtral,mean,rand,9,0.053644958467595025,0.04049577869373034,0.0673457385846242,0.12659526116104033,0.04847116395831108,0.3669724770642202
cf_mixtral,mean,rand,10,0.058943501665361,0.04448571609600702,0.07386284250368759,0.1390991474358228,0.05350193381309509,0.36353211009174313
cf_mixtral,mean,rand,12,0.07694794807849129,0.06088613876831062,0.09416017171176978,0.18158734503797053,0.07044174522161484,0.36009174311926606
cf_mixtral,mean,rand,16,0.10086238118068548,0.0815531107841684,0.12056900239154114,0.2380223575828917,0.09997954964637756,0.3555045871559633
cf_mixtral,mean,rand,24,0.140327536834736,0.1171762315862286,0.16377665407825515,0.3311550923170158,0.13661019504070282,0.3532110091743119
cf_mixtral,mean,rand,32,0.19617482502320488,0.1685656994391616,0.224060018693297,0.4629475707775189,0.17863401770591736,0.3211009174311927
cf_mixtral,mean,rand,48,0.2852850044869975,0.2516498031066403,0.3185201408987304,0.6732362309531139,0.26967287063598633,0.2809633027522936
cf_mixtral,mean,rand,64,0.3660178421108905,0.33013158015833605,0.4028224860333834,0.8637554326678913,0.354607492685318,0.1834862385321101
cf_mixtral,first,noise_oracle,1,0.12488621882395777,0.11229794924515268,0.13780512240073708,0.29419648035204893,0.11238040775060654,0.32075471698113206
cf_mixtral,first,noise_oracle,2,0.2073093027489532,0.18816899377636595,0.2275261763122366,0.48836186880597043,0.1830090582370758,0.3018867924528302
cf_mixtral,first,noise_oracle,3,0.2642454032404879,0.24184252169739193,0.2871203662085764,0.6224871592288616,0.24198904633522034,0.3018867924528302
cf_mixtral,first,noise_oracle,4,0.3003823047515019,0.2774608324339303,0.3243574042655566,0.7076154410800011,0.27822816371917725,0.29245283018867924
cf_mixtral,first,noise_oracle,5,0.3292372109958129,0.3038535305182691,0.35455369127923864,0.775589409207989,0.31530100107192993,0.2641509433962264
cf_mixtral,first,noise_oracle,6,0.351128709266339,0.32289043114435445,0.38038015886476706,0.8271595648382134,0.3347701132297516,0.24528301886792453
cf_mixtral,first,noise_oracle,7,0.3651010376843255,0.3359339018871416,0.3956413919640883,0.8600744042945104,0.3459872305393219,0.22641509433962265
cf_mixtral,first,noise_oracle,8,0.3778445294010559,0.3473609571920875,0.4088784236121011,0.8900944533100256,0.3583959937095642,0.22641509433962265
cf_mixtral,first,noise_oracle,9,0.3849444747860914,0.35520576922136055,0.4158085562447733,0.9068199091900984,0.36365413665771484,0.22641509433962265
cf_mixtral,first,noise_oracle,10,0.3934097942836337,0.36292823205703206,0.42448141538512757,0.926761798893262,0.3684210479259491,0.20754716981132076
cf_mixtral,first,noise_oracle,12,0.4061077735299472,0.3749569614503686,0.4374595181260385,0.9566746334480075,0.39753085374832153,0.19811320754716982
cf_mixtral,first,noise_oracle,16,0.4260422355725469,0.39488928623132835,0.45690460610591943,1.0036345672651348,0.4148375988006592,0.1792452830188679
cf_mixtral,first,noise_oracle,24,0.4427453122155471,0.41211430783947156,0.4739211699962981,1.0429822743676136,0.4394069314002991,0.16981132075471697
cf_mixtral,first,noise_oracle,32,0.4551702166393592,0.4232660444168946,0.48674492631527405,1.072251822157741,0.4607692360877991,0.1509433962264151
cf_mixtral,first,noise_oracle,48,0.4593118514472966,0.42713633242971166,0.4916142969271617,1.0820083380877834,0.45663052797317505,0.12264150943396226
cf_mixtral,first,noise_oracle,64,0.3583651920626252,0.3174938740392772,0.39822946700572487,0.8442066641005952,0.33192092180252075,0.16981132075471697
cf_mixtral,first,oracle,1,0.057755324959038776,0.04334726602129929,0.07264337007919017,0.13605515071674565,0.04427899792790413,0.330188679245283
cf_mixtral,first,oracle,2,0.10112870926633898,0.08342252900081565,0.12001487702161245,0.23823053183026702,0.08830409497022629,0.32075471698113206
cf_mixtral,first,oracle,3,0.1489623156744948,0.125979686977716,0.17194965448529745,0.3509129300992187,0.13069358468055725,0.330188679245283
cf_mixtral,first,oracle,4,0.185463316948844,0.15981396830371952,0.21187897829679692,0.43689892763651583,0.1607954502105713,0.32075471698113206
cf_mixtral,first,oracle,5,0.22437647915528855,0.193085177349461,0.2569421135776683,0.5285672915946069,0.19306418299674988,0.3018867924528302
cf_mixtral,first,oracle,6,0.24786091389040596,0.21501431219299505,0.28236036685930027,0.5838899533517706,0.22530247271060944,0.2830188679245283
cf_mixtral,first,oracle,7,0.2701620243946841,0.23482676498128166,0.305811884028562,0.6364250391289221,0.255265474319458,0.27358490566037735
cf_mixtral,first,oracle,8,0.2825414163480794,0.24817763858507796,0.31712914568750283,0.6655873724582798,0.25660979747772217,0.27358490566037735
cf_mixtral,first,oracle,9,0.2938285090114691,0.2585034478320695,0.33031395633235006,0.6921765587291647,0.26540881395339966,0.2641509433962264
cf_mixtral,first,oracle,10,0.3056617513198616,0.2696414374842567,0.3425984848021102,0.720052318529286,0.2865697145462036,0.25471698113207547
cf_mixtral,first,oracle,12,0.3293737484070635,0.29243002314079747,0.366585913176573,0.7759110525902981,0.31190478801727295,0.25471698113207547
cf_mixtral,first,oracle,16,0.3546786819588567,0.3169974189439248,0.3913773832832924,0.8355222927782497,0.33843880891799927,0.22641509433962265
cf_mixtral,first,oracle,24,0.3824412889131622,0.34629395366358234,0.41841183953357136,0.900923113847765,0.35692310333251953,0.2169811320754717
cf_mixtral,first,oracle,32,0.3953213180411433,0.35910077465093343,0.43183925776809234,0.9312648062455893,0.3790297508239746,0.2169811320754717
cf_mixtral,first,oracle,48,0.4227653377025305,0.3876842770225548,0.45833390664026025,0.9959151260897167,0.40281954407691956,0.16981132075471697
cf_mixtral,first,oracle,64,0.3583651920626252,0.3174938740392772,0.39822946700572487,0.8442066641005952,0.33192092180252075,0.16981132075471697
cf_mixtral,first,pop,1,0.05866557436737666,0.04504078617943256,0.07348215825450183,0.1381994399321396,0.04428104683756828,0.3113207547169811
cf_mixtral,first,pop,2,0.11487347533224103,0.09619711117763655,0.1347690940947096,0.2706092989827156,0.09473775327205658,0.330188679245283
cf_mixtral,first,pop,3,0.15510649918077554,0.13376888585160485,0.17813038022817504,0.3653868823031278,0.13108566403388977,0.32075471698113206
cf_mixtral,first,pop,4,0.206535590751866,0.17871627862925543,0.23518280409405082,0.4865392229728856,0.18021978437900543,0.32075471698113206
cf_mixtral,first,pop,5,0.23161296195157474,0.20256651828835343,0.2608145644760739,0.5456143908569887,0.20558607578277588,0.3018867924528302
cf_mixtral,first,pop,6,0.2566448206808666,0.22635483347629934,0.28622679087511105,0.6045823442803221,0.226843923330307,0.29245283018867924
cf_mixtral,first,pop,7,0.2751683961405425,0.24476479957881211,0.3059638995983066,0.6482186298135889,0.2481379210948944,0.2830188679245283
cf_mixtral,first,pop,8,0.2884580375022756,0.2566116562040864,0.32103389393284204,0.6795252523583404,0.2636660933494568,0.29245283018867924
cf_mixtral,first,pop,9,0.2998361551064992,0.26719380331918274,0.3329233299060321,0.7063288675507647,0.2803308963775635,0.27358490566037735
cf_mixtral,first,pop,10,0.3137174585836519,0.283169048523498,0.3449495228592846,0.7390292780855223,0.29150328040122986,0.2641509433962264
cf_mixtral,first,pop,12,0.3369743309666849,0.3039528065170178,0.37070148477173365,0.7938158675388376,0.3213675320148468,0.25471698113207547
cf_mixtral,first,pop,16,0.3676042235572547,0.33563672995295496,0.4013921859943371,0.8659711996368438,0.33578431606292725,0.1792452830188679
cf_mixtral,first,pop,24,0.3960950300382305,0.3635836328177745,0.4303536493587954,0.9330874520786742,0.36707958579063416,0.14150943396226415
cf_mixtral,first,pop,32,0.4127525942108138,0.38012881326997844,0.4463195190004227,0.9723279447203833,0.3849133849143982,0.12264150943396226
cf_mixtral,first,pop,48,0.4257691607500455,0.39306438681464706,0.45894071369561595,1.0029912805005166,0.40818119049072266,0.11320754716981132
cf_mixtral,first,pop,64,0.3583651920626252,0.3174938740392772,0.39822946700572487,0.8442066641005952,0.33192092180252075,0.16981132075471697
cf_mixtral,first,layerwise,1,0.04624066994356454,0.033641580019831877,0.0602626907645422,0.10892989214201229,0.03672506660223007,0.32075471698113206
cf_mixtral,first,layerwise,2,0.05925723648279629,0.04478810387735391,0.07468765071153663,0.13959322792214565,0.0492815226316452,0.32075471698113206
cf_mixtral,first,layerwise,3,0.09325505188421628,0.07478973619570171,0.11260714664334862,0.21968243011710942,0.08220720291137695,0.32075471698113206
cf_mixtral,first,layerwise,4,0.12242854542144548,0.09995759991018359,0.14635779670749716,0.2884068994704853,0.10667814314365387,0.32075471698113206
cf_mixtral,first,layerwise,5,0.1789095212088112,0.15254226138081106,0.20642314872883008,0.42146004528567943,0.15675248205661774,0.32075471698113206
cf_mixtral,first,layerwise,6,0.20398689240851994,0.17639053061702487,0.23219973337178265,0.48053521316978254,0.18276460468769073,0.3113207547169811
cf_mixtral,first,layerwise,7,0.2470416894229019,0.21624581808647897,0.27830226075204606,0.5819600930579161,0.229511559009552,0.29245283018867924
cf_mixtral,first,layerwise,8,0.2612870926633898,0.2301373774492106,0.293435456646475,0.6155182192788312,0.24818840622901917,0.29245283018867924
cf_mixtral,first,layerwise,9,0.2841343528126707,0.2505897620901766,0.3181346132286432,0.6693398785852192,0.26338860392570496,0.29245283018867924
cf_mixtral,first,layerwise,10,0.2919169852539596,0.25792133928696154,0.32639366601605463,0.6876735513768374,0.27404481172561646,0.29245283018867924
cf_mixtral,first,layerwise,12,0.3095758237757145,0.27601843798990805,0.343242204036433,0.7292727621554799,0.2904103398323059,0.2830188679245283
cf_mixtral,first,layerwise,16,0.367467686146004,0.33324093108486047,0.4027572562071756,0.8656495562545347,0.34811240434646606,0.22641509433962265
cf_mixtral,first,layerwise,24,0.4073366102312033,0.37435260290215633,0.44185180142197,0.9595694238887893,0.4018169045448303,0.1320754716981132
cf_mixtral,first,layerwise,32,0.4212179137083561,0.3877254555356748,0.45531081926330236,0.992269834423547,0.4193757176399231,0.12264150943396226
cf_mixtral,first,layerwise,48,0.4315037320225742,0.3981367008048287,0.4656316230003131,1.0165003025574986,0.41514286398887634,0.11320754716981132
cf_mixtral,first,layerwise,64,0.3583651920626252,0.3174938740392772,0.39822946700572487,0.8442066641005952,0.33192092180252075,0.16981132075471697
cf_mixtral,first,dla,1,0.0969870744584016,0.08256692063531412,0.11106445122595646,0.2284740159002246,0.08151429146528244,0.32075471698113206
cf_mixtral,first,dla,2,0.17558711086837794,0.15194358685807435,0.2004849099454688,0.41363338964949153,0.17214222252368927,0.3113207547169811
cf_mixtral,first,dla,3,0.2312033497178227,0.20502129566071764,0.25712298595403643,0.5446494607100615,0.20912876725196838,0.3113207547169811
cf_mixtral,first,dla,4,0.2763972328417987,0.24946201164841467,0.303629580313278,0.6511134202543707,0.2539535462856293,0.29245283018867924
cf_mixtral,first,dla,5,0.3121245221190606,0.283796486502411,0.3407115994750331,0.7352767719585829,0.28731387853622437,0.2641509433962264
cf_mixtral,first,dla,6,0.3394775168396141,0.3103204317461186,0.36940579861379047,0.7997126628811709,0.32458436489105225,0.2641509433962264
cf_mixtral,first,dla,7,0.3579100673584562,0.3281844868324492,0.3879099747787124,0.8431345194928982,0.3434290289878845,0.24528301886792453
cf_mixtral,first,dla,8,0.3781176042235573,0.3481857538405203,0.40848668228562746,0.8907377400746438,0.3690490126609802,0.24528301886792453
cf_mixtral,first,dla,9,0.3933642818132168,0.36337091685506473,0.4231658608351085,0.9266545844324923,0.3692595362663269,0.24528301886792453
cf_mixtral,first,dla,10,0.4029674130711815,0.37239899714977853,0.4333141172094889,0.9492768356548984,0.39173561334609985,0.19811320754716982
cf_mixtral,first,dla,12,0.4227653377025305,0.39221148379239584,0.4536611832198771,0.9959151260897167,0.41619980335235596,0.16037735849056603
cf_mixtral,first,dla,16,0.4449754232659749,0.4138686017071464,0.4756958985336327,1.0482357829453288,0.4297632575035095,0.14150943396226415
cf_mixtral,first,dla,24,0.4658656471873293,0.4350077174869551,0.4975725539571285,1.0974472204386199,0.45468616485595703,0.11320754716981132
cf_mixtral,first,dla,32,0.4765610777352995,0.4449304138353925,0.5085230365512818,1.1226426187194987,0.4637376666069031,0.12264150943396226
cf_mixtral,first,dla,48,0.4772892772619698,0.4455576934454611,0.5091034718477194,1.1243580500918138,0.46390143036842346,0.11320754716981132
cf_mixtral,first,dla,64,0.3583651920626252,0.3174938740392772,0.39822946700572487,0.8442066641005952,0.33192092180252075,0.16981132075471697
cf_mixtral,first,rand,1,0.006121427271072274,0.0018230719978368673,0.010364719928531966,0.014420344973524265,0.0012254902394488454,0.33962264150943394
cf_mixtral,first,rand,2,0.00914800655379574,0.004039488498425156,0.014172666117216301,0.021550106614709123,0.005505142267793417,0.33490566037735847
cf_mixtral,first,rand,3,0.01633897687966503,0.009842831471632356,0.023305358549693397,0.03848999141632127,0.009456317871809006,0.33490566037735847
cf_mixtral,first,rand,4,0.0275805570726379,0.019085578491351538,0.03645866545151596,0.06497196322643646,0.019380971789360046,0.33490566037735847
cf_mixtral,first,rand,5,0.029833424358274168,0.019771425106635678,0.040323058029767676,0.07027907903453647,0.02353174239397049,0.330188679245283
cf_mixtral,first,rand,6,0.035226652102676136,0.024391739280105358,0.046641666770463525,0.08298399263574557,0.02905014529824257,0.330188679245283
cf_mixtral,first,rand,7,0.04171217913708356,0.029790459182815757,0.053736536765828215,0.09826205329542742,0.041224636137485504,0.33490566037735847
cf_mixtral,first,rand,8,0.04510285818314218,0.031953800511147226,0.059358529105530786,0.10624953062276986,0.03698386624455452,0.33490566037735847
cf_mixtral,first,rand,9,0.04944929910795558,0.035484758736469085,0.0643716204797771,0.11648851162627594,0.046068429946899414,0.3490566037735849
cf_mixtral,first,rand,10,0.05557072637902785,0.04049164170373336,0.07161412009565514,0.1309088565998002,0.04764543101191521,0.35377358490566035
cf_mixtral,first,rand,12,0.07347988348807573,0.055768152705481355,0.09288400068255348,0.17309774691267601,0.06488161534070969,0.3443396226415094
cf_mixtral,first,rand,16,0.09678226834152558,0.07578853959191682,0.11786179718824018,0.22799155082676095,0.0887368768453598,0.330188679245283
cf_mixtral,first,rand,24,0.1354906244310941,0.11065830059513408,0.1609537785348034,0.31917744971138834,0.12907400727272034,0.330188679245283
cf_mixtral,first,rand,32,0.1916530129255416,0.1599097324923575,0.22397802506674294,0.4514800943011946,0.17530864477157593,0.30660377358490565
cf_mixtral,first,rand,48,0.2785135627161842,0.24010569500959855,0.31696928638750366,0.6560988926801616,0.25173065066337585,0.27358490566037735
cf_mixtral,first,rand,64,0.3583651920626252,0.3174938740392772,0.39822946700572487,0.8442066641005952,0.33192092180252075,0.16981132075471697
wino_qwen3,mean,noise_oracle,1,0.20381031515223455,0.18710527077998454,0.2206509648114442,0.24292586304470853,0.1970149278640747,0.34375
wino_qwen3,mean,noise_oracle,2,0.31153184165232356,0.29071556009275634,0.33130909554175964,0.37132144878324846,0.3005496859550476,0.28125
wino_qwen3,mean,noise_oracle,3,0.38661048133420384,0.36126159800179214,0.4109383201023903,0.46080928126768533,0.3779761791229248,0.234375
wino_qwen3,mean,noise_oracle,4,0.43693987773755116,0.40654570777920945,0.4667695558086402,0.5207979626485568,0.4318181872367859,0.2265625
wino_qwen3,mean,noise_oracle,5,0.47124458424832333,0.43684226568372864,0.5047559679366057,0.5616864742501415,0.46291208267211914,0.234375
wino_qwen3,mean,noise_oracle,6,0.4951035669772687,0.46255834795917816,0.5272814470071855,0.5901245048104131,0.5,0.234375
wino_qwen3,mean,noise_oracle,7,0.5156389103210873,0.481407085184613,0.5502051140427957,0.6146010186757216,0.5212061405181885,0.203125
wino_qwen3,mean,noise_oracle,8,0.5352246424120126,0.49857925937194225,0.5710009285070301,0.6379456706281834,0.5454545617103577,0.203125
wino_qwen3,mean,noise_oracle,9,0.5434150394682177,0.5095402416004684,0.5769602207094958,0.6477079796264855,0.5579831600189209,0.1953125
wino_qwen3,mean,noise_oracle,10,0.5622292124161671,0.5277640284873226,0.5961595457994311,0.6701329937747594,0.5714285969734192,0.1953125
wino_qwen3,mean,noise_oracle,12,0.576948186836014,0.5419208388880573,0.6118351360109766,0.6876768534238823,0.5888319611549377,0.1875
wino_qwen3,mean,noise_oracle,16,0.6069202920054603,0.5722596844057352,0.6406011804444796,0.7234012450481041,0.6082589626312256,0.15625
wino_qwen3,mean,noise_oracle,24,0.6369517478782124,0.6002146740483191,0.6715073054861143,0.7591963780418789,0.6476934552192688,0.0859375
wino_qwen3,mean,noise_oracle,32,0.6557065701228559,0.624097544174986,0.687475105255745,0.7815506508205999,0.6716517806053162,0.09375
wino_qwen3,mean,noise_oracle,48,0.6890616653807348,0.6571337071664805,0.7197550554909973,0.8213073005093379,0.6936115026473999,0.0546875
wino_qwen3,mean,noise_oracle,64,0.7043147961303341,0.6718790111896473,0.7362163604588978,0.8394878324844369,0.7202941179275513,0.0390625
wino_qwen3,mean,noise_oracle,96,0.7350584604427562,0.7023414063155901,0.7673497490849802,0.8761318619128466,0.7467334270477295,0.0234375
wino_qwen3,mean,noise_oracle,128,0.7575523769956674,0.7258700978785629,0.7883030264653207,0.9029428409734013,0.75,0.015625
wino_qwen3,mean,noise_oracle,192,0.7809959048014719,0.751298427950197,0.8093222476318919,0.9308856819468024,0.7745967507362366,0.0078125
wino_qwen3,mean,noise_oracle,256,0.8014718974419847,0.775773437317912,0.8266047567435856,0.955291454442558,0.8014084696769714,0.0078125
wino_qwen3,mean,noise_oracle,320,0.8198112647634874,0.7963026771317266,0.8428355615929986,0.9771505376344086,0.8119103908538818,0.0
wino_qwen3,mean,noise_oracle,384,0.8211120064464141,0.8020834116620249,0.8394646158324902,0.9739804587935429,0.8248081803321838,0.015625
wino_qwen3,mean,oracle,1,0.14722296833497478,0.13018123367641193,0.16547520292551177,0.17463183234211271,0.1603427231311798,0.34765625
wino_qwen3,mean,oracle,2,0.2253857402930731,0.2043447539251151,0.2476914919211124,0.26734636080430474,0.23145604133605957,0.32421875
wino_qwen3,mean,oracle,3,0.2880592115080431,0.26453808608080615,0.31169428872195704,0.34168790710846786,0.28679654002189636,0.30859375
wino_qwen3,mean,oracle,4,0.32939385799982096,0.30447794449956983,0.3536642190643282,0.3907179269328802,0.3403995633125305,0.2734375
wino_qwen3,mean,oracle,5,0.3556570268899036,0.33058413597725134,0.38077672999823015,0.4218705749079581,0.3641711473464966,0.25390625
wino_qwen3,mean,oracle,6,0.38368102187602593,0.35694081109409365,0.4104570774217308,0.4551118663268196,0.37946873903274536,0.2578125
wino_qwen3,mean,oracle,7,0.4036469991345092,0.3762516220147666,0.43056085072705913,0.47879495893514584,0.403367280960083,0.23046875
wino_qwen3,mean,oracle,8,0.41668905004924345,0.388848924053771,0.443564774800452,0.49426508071367886,0.4285714328289032,0.25
wino_qwen3,mean,oracle,9,0.4323275733428836,0.4057310260791573,0.45852266816012055,0.5128150665533843,0.4403179883956909,0.21875
wino_qwen3,mean,oracle,10,0.44551884680812964,0.4199712851811614,0.4711048204263053,0.5284621920135939,0.44246530532836914,0.203125
wino_qwen3,mean,oracle,12,0.4685588086071567,0.4426160066439975,0.4946973296623491,0.5557915604644577,0.46963363885879517,0.19140625
wino_qwen3,mean,oracle,16,0.5061628913361387,0.48077350759125004,0.5319847534256241,0.6003964882469556,0.5096189975738525,0.16015625
wino_qwen3,mean,oracle,24,0.5546602202524845,0.529773503923716,0.580512084033369,0.6579226847918437,0.5477821230888367,0.12890625
wino_qwen3,mean,oracle,32,0.5805055660011341,0.5541231018776795,0.607119328800141,0.6885797224582272,0.5725995302200317,0.10546875
wino_qwen3,mean,oracle,48,0.6247052854627392,0.5990688537995291,0.6500120883254945,0.7410082129708297,0.6145105361938477,0.08203125
wino_qwen3,mean,oracle,64,0.6647566180201152,0.6405146805409568,0.6890457065052316,0.7885160011328236,0.659670352935791,0.05859375
wino_qwen3,mean,oracle,96,0.7172829558002806,0.6925265542826611,0.7428825348046251,0.8508212970829794,0.7160493731498718,0.0390625
wino_qwen3,mean,oracle,128,0.7671232876712328,0.7423138609761757,0.7933621453942302,0.9099405267629567,0.7538607716560364,0.01953125
wino_qwen3,mean,oracle,192,0.811740830274271,0.7883097182520892,0.8348132177505673,0.9628646275842537,0.800000011920929,0.0078125
wino_qwen3,mean,oracle,256,0.82875220103262,0.8073906423209491,0.8499616159100892,0.9830430472953837,0.8330187201499939,0.0078125
wino_qwen3,mean,oracle,320,0.8373474199421016,0.8194427428587902,0.8540799544112467,0.9932384593599547,0.8389977216720581,0.00390625
wino_qwen3,mean,oracle,384,0.8211120064464141,0.8020834116620249,0.8394646158324902,0.9739804587935429,0.8248081803321838,0.015625
wino_qwen3,mean,pop,1,0.12236249141970335,0.104371013223315,0.14134612287083848,0.14514301897479467,0.11320754885673523,0.37109375
wino_qwen3,mean,pop,2,0.20177873280210104,0.17697233821908429,0.2261187383179288,0.23934437836306996,0.2171090692281723,0.34375
wino_qwen3,mean,pop,3,0.2617065090876533,0.2335377087924134,0.2896981888118534,0.31042905692438405,0.27195632457733154,0.3125
wino_qwen3,mean,pop,4,0.29337153430626434,0.2666253442850315,0.31953102445245396,0.34798923817615407,0.3076923191547394,0.31640625
wino_qwen3,mean,pop,5,0.32303697734801684,0.29455510619127695,0.3504425579904849,0.38317757009345793,0.3347701132297516,0.28125
wino_qwen3,mean,pop,6,0.35756707553645506,0.3253846528226134,0.38867933434215973,0.4241362220334183,0.3588992953300476,0.265625
wino_qwen3,mean,pop,7,0.3759512937595129,0.34435585118217854,0.4052750175526604,0.4459430756159728,0.3838915228843689,0.26171875
wino_qwen3,mean,pop,8,0.39994627988181575,0.3690452988625268,0.4285063916493746,0.4744052676295667,0.4142138361930847,0.25
wino_qwen3,mean,pop,9,0.4224788850091026,0.39160446271737137,0.4515384085056932,0.5011328235627301,0.43095237016677856,0.23046875
wino_qwen3,mean,pop,10,0.4432506640403498,0.4110835157092891,0.47310652438304956,0.5257717360521099,0.453125,0.21484375
wino_qwen3,mean,pop,12,0.4727071955113857,0.44113653623657784,0.502623558213757,0.5607122628150666,0.48181217908859253,0.19921875
wino_qwen3,mean,pop,16,0.5305160115796699,0.4987165076672301,0.5615744821741866,0.6292834890965732,0.5273088216781616,0.15234375
wino_qwen3,mean,pop,24,0.6027397260273972,0.5698500795278574,0.6338354560108302,0.7149532710280374,0.6058970093727112,0.12109375
wino_qwen3,mean,pop,32,0.6498045184588295,0.6172565830923368,0.6812432324248987,0.7707802322288304,0.6729021072387695,0.0703125
wino_qwen3,mean,pop,48,0.6967200883397499,0.667215963552783,0.7254846946116733,0.8264301897479468,0.7244472503662109,0.0546875
wino_qwen3,mean,pop,64,0.7211328976034859,0.6913271992459544,0.7494747782500683,0.8553879920702351,0.736984372138977,0.046875
wino_qwen3,mean,pop,96,0.7529173008625063,0.727492472895031,0.7775168464126033,0.8930897762673463,0.7839080691337585,0.0234375
wino_qwen3,mean,pop,128,0.7764049303130689,0.7530650334779974,0.7989759699693243,0.9209501557632399,0.800000011920929,0.01953125
wino_qwen3,mean,pop,192,0.8031754558748918,0.7827736360993036,0.8224502813152091,0.9527046162560181,0.8145833015441895,0.01171875
wino_qwen3,mean,pop,256,0.8092040469155699,0.7889643680301365,0.8279611402371763,0.9598555649957519,0.8202564120292664,0.01171875
wino_qwen3,mean,pop,320,0.8176201987644373,0.7990333529582005,0.8351858785982776,0.969838572642311,0.8277472257614136,0.00390625
wino_qwen3,mean,pop,384,0.8211120064464141,0.8020834116620249,0.8394646158324902,0.9739804587935429,0.8248081803321838,0.015625
wino_qwen3,mean,layerwise,1,0.13316620407676008,0.11695828521146125,0.1505564780931267,0.157958085528179,0.12012986838817596,0.36328125
wino_qwen3,mean,layerwise,2,0.16360760438117408,0.14580637584839007,0.18168783389404655,0.19406683659020108,0.16064515709877014,0.33984375
wino_qwen3,mean,layerwise,3,0.19357149252395023,0.173582707910687,0.2142165423785123,0.2296091758708581,0.18068116903305054,0.34375
wino_qwen3,mean,layerwise,4,0.19918226042319515,0.18002387739484388,0.2191705029267547,0.2362645143018975,0.18663734197616577,0.33984375
wino_qwen3,mean,layerwise,5,0.2101650401408661,0.18996907547946454,0.23107948301948428,0.2492919852732937,0.1942371428012848,0.34375
wino_qwen3,mean,layerwise,6,0.21380607037335483,0.19434034293467195,0.2344243161630349,0.2536108751062022,0.20521390438079834,0.33984375
wino_qwen3,mean,layerwise,7,0.21598471961082757,0.1965192731378578,0.23633780315100017,0.2561951288586803,0.20442326366901398,0.34375
wino_qwen3,mean,layerwise,8,0.2188199480705524,0.20003364626043665,0.23857504525281603,0.25955819881053527,0.21176470816135406,0.3359375
wino_qwen3,mean,layerwise,9,0.28740263228579105,0.2632367074860247,0.31137060054940474,0.3409090909090909,0.2832080125808716,0.30859375
wino_qwen3,mean,layerwise,10,0.3183513892619453,0.2953135452893237,0.3412739075165541,0.37761965448881335,0.3158073425292969,0.3125
wino_qwen3,mean,layerwise,12,0.3424060644044528,0.3205671278675158,0.3641615649073124,0.4061526479750779,0.3437729477882385,0.30078125
wino_qwen3,mean,layerwise,16,0.3576864535768645,0.3360643669441095,0.3793141878295477,0.42427782497875954,0.36164653301239014,0.296875
wino_qwen3,mean,layerwise,24,0.4684095860566449,0.44460570344009964,0.492363988319739,0.555614556782781,0.4669913351535797,0.23828125
wino_qwen3,mean,layerwise,32,0.5249350881905274,0.501859783551883,0.547836040437095,0.6226635514018691,0.5313725471496582,0.15625
wino_qwen3,mean,layerwise,48,0.622258035634345,0.6028116557766401,0.6417488328299358,0.7381053525913339,0.6201633214950562,0.08984375
wino_qwen3,mean,layerwise,64,0.6777389799146447,0.6598271897434309,0.6964193015345818,0.8039153214386859,0.6800000071525574,0.02734375
wino_qwen3,mean,layerwise,96,0.7423523442862685,0.7207754688005563,0.7639202231380264,0.8805579156046446,0.7430607676506042,0.0078125
wino_qwen3,mean,layerwise,128,0.7790312472020772,0.7578586750209414,0.7998164154485254,0.9240654205607477,0.7850140333175659,0.01171875
wino_qwen3,mean,layerwise,192,0.7998925597636315,0.7809345292234929,0.8182766640462007,0.9488105352591334,0.8036001324653625,0.0078125
wino_qwen3,mean,layerwise,256,0.8063986629659474,0.7877837491632166,0.8243376875333004,0.9565278957802322,0.815255343914032,0.0078125
wino_qwen3,mean,layerwise,320,0.8141582355925627,0.7957151368128208,0.8320177136910756,0.9657320872274143,0.8189269304275513,0.0078125
wino_qwen3,mean,layerwise,384,0.8211120064464141,0.8020834116620249,0.8394646158324902,0.9739804587935429,0.8248081803321838,0.015625
wino_qwen3,mean,dla,1,0.17817172531112901,0.16605987262700114,0.1916612583377331,0.21134239592183518,0.17192119359970093,0.33203125
wino_qwen3,mean,dla,2,0.28746232130599575,0.273014356734658,0.3027605076004303,0.3409798923817615,0.2879526913166046,0.30078125
wino_qwen3,mean,dla,3,0.37022114781985854,0.3539987601864494,0.38787972266584875,0.4391461342395922,0.35483869910240173,0.265625
wino_qwen3,mean,dla,4,0.4293729668427493,0.41140157877941597,0.4491895906125937,0.509310393656188,0.4110105633735657,0.234375
wino_qwen3,mean,dla,5,0.4697525890112514,0.4509442947911546,0.49061487552300165,0.5572075899178703,0.4545454680919647,0.23046875
wino_qwen3,mean,dla,6,0.5079237174321783,0.4882104914340095,0.5299012722961399,0.6024851316907391,0.5,0.1953125
wino_qwen3,mean,dla,7,0.5398274987316083,0.5199236683996543,0.5614665562877815,0.6403285188331918,0.5316579341888428,0.16796875
wino_qwen3,mean,dla,8,0.5635837287730922,0.5436230991423143,0.5853132748313615,0.6685075049561031,0.5581002831459045,0.16015625
wino_qwen3,mean,dla,9,0.5913689676783955,0.571432868062348,0.6130826469327414,0.701465590484282,0.5766718983650208,0.1484375
wino_qwen3,mean,dla,10,0.6076640701942878,0.5872619585404626,0.6294438775455325,0.7207943925233645,0.5959492921829224,0.1328125
wino_qwen3,mean,dla,12,0.6416569672008834,0.6217797304952652,0.6630358405635237,0.7611158312092892,0.6273555755615234,0.1015625
wino_qwen3,mean,dla,16,0.6957053749962694,0.6752169773799741,0.7176734945916399,0.8252265647125461,0.6818181872367859,0.0546875
wino_qwen3,mean,dla,24,0.7606171844689169,0.7392795794422011,0.782905862689673,0.9022231662418578,0.7552417516708374,0.01953125
wino_qwen3,mean,dla,32,0.7957441728594025,0.7750066695067694,0.8176689324424449,0.9438898329085245,0.800000011920929,0.01171875
wino_qwen3,mean,dla,48,0.8341242128510461,0.8132836598610729,0.855481376387175,0.9894151798357406,0.8388950824737549,0.0078125
wino_qwen3,mean,dla,64,0.8534336108872773,0.8324746178127643,0.8750233544129011,1.01231945624469,0.8579832315444946,0.0078125
wino_qwen3,mean,dla,96,0.8708628047870595,0.8507828131921351,0.8907854555107487,1.0329934862645143,0.8799536824226379,0.0078125
wino_qwen3,mean,dla,128,0.8754290148327215,0.8560909547520342,0.8951278145368443,1.0384097989238177,0.8793103694915771,0.0078125
wino_qwen3,mean,dla,192,0.8782940878025487,0.8585808741589223,0.8980782328876342,1.041808269612008,0.8852459192276001,0.0078125
wino_qwen3,mean,dla,256,0.8779359536813203,0.8586972921872069,0.8974387544177848,1.0413834607759842,0.883695662021637,0.0078125
wino_qwen3,mean,dla,320,0.8739069448175009,0.8554567875717262,0.8925333007107599,1.0366043613707165,0.8781694173812866,0.00390625
wino_qwen3,mean,dla,384,0.8211120064464141,0.8020834116620249,0.8394646158324902,0.9739804587935429,0.8248081803321838,0.015625
wino_qwen3,mean,rand,1,0.0017459038409884501,-0.0012655055195934593,0.004591581432398719,0.0020709430756159727,0.0,0.376953125
wino_qwen3,mean,rand,2,0.003387351896618617,-0.0006095298618140584,0.007259564120461037,0.00401798357405834,0.0,0.384765625
wino_qwen3,mean,rand,3,0.0050735667174023336,0.0006767282220221954,0.009287976675863063,0.006018125177003682,0.005917367059737444,0.388671875
wino_qwen3,mean,rand,4,0.0086847524397887,0.0030638669204790165,0.014218988526108733,0.010301614273576891,0.006780123338103294,0.38671875
wino_qwen3,mean,rand,5,0.011385680604052885,0.0052328226130713236,0.017554547544631132,0.013505380911922969,0.008931418880820274,0.3828125
wino_qwen3,mean,rand,6,0.011564747664667084,0.0049258204101561434,0.018470620347536517,0.013717785329934862,0.009259259328246117,0.388671875
wino_qwen3,mean,rand,7,0.016101113200226818,0.008437350831265825,0.023799774818445106,0.01909869725290286,0.011428944766521454,0.39453125
wino_qwen3,mean,rand,8,0.017712716745754618,0.009297835656262547,0.026234577049752676,0.021010337015009914,0.011561079882085323,0.390625
wino_qwen3,mean,rand,9,0.020279344614558152,0.010615195013473504,0.029819497754464394,0.02405480033984707,0.013712686486542225,0.380859375
wino_qwen3,mean,rand,10,0.02711373742800012,0.01651694891679532,0.037820921354759396,0.03216156896063438,0.019237883388996124,0.384765625
wino_qwen3,mean,rand,12,0.034574864953591786,0.023394763114957615,0.045623966850207906,0.04101175304446333,0.024795081466436386,0.384765625
wino_qwen3,mean,rand,16,0.04328946190348285,0.03190721639066396,0.05473726607431192,0.05134876805437553,0.026969697326421738,0.3984375
wino_qwen3,mean,rand,24,0.06574745575551377,0.05195001491883394,0.07893921220436748,0.07798782214670065,0.05594678968191147,0.40234375
wino_qwen3,mean,rand,32,0.08971259736771421,0.07411363084969229,0.10522123418690127,0.10641461342395922,0.07537879049777985,0.39453125
wino_qwen3,mean,rand,48,0.13846360461993015,0.11980226131962302,0.15661061576716634,0.16424171622769754,0.1171875,0.3828125
wino_qwen3,mean,rand,64,0.17661981078580596,0.15599553837497065,0.19722085037781953,0.20950155763239875,0.15558978915214539,0.37109375
wino_qwen3,mean,rand,96,0.26469096009789,0.24269194958225102,0.2866323971370335,0.3139691305579156,0.25,0.322265625
wino_qwen3,mean,rand,128,0.33925746858865313,0.31701884381987827,0.36178837538386804,0.40241787029170206,0.3284648060798645,0.263671875
wino_qwen3,mean,rand,192,0.49782135076252726,0.47206454225017724,0.5243579555992107,0.5905019824412348,0.47241246700286865,0.1640625
wino_qwen3,mean,rand,256,0.6309726325842361,0.6065102628182828,0.6555433489487155,0.7484423676012462,0.6311740875244141,0.103515625
wino_qwen3,mean,rand,320,0.7441131703823082,0.7206736829016064,0.7667901736078098,0.8826465590484283,0.7469004392623901,0.052734375
wino_qwen3,mean,rand,384,0.8211120064464141,0.8020834116620249,0.8394646158324902,0.9739804587935429,0.8248081803321838,0.015625
wino_qwen3,first,noise_oracle,1,0.20381031515223455,0.18710527077998454,0.2206509648114442,0.24292586304470853,0.1970149278640747,0.34375
wino_qwen3,first,noise_oracle,2,0.31153184165232356,0.29071556009275634,0.33130909554175964,0.37132144878324846,0.3005496859550476,0.28125
wino_qwen3,first,noise_oracle,3,0.38661048133420384,0.36126159800179214,0.4109383201023903,0.46080928126768533,0.3779761791229248,0.234375
wino_qwen3,first,noise_oracle,4,0.43693987773755116,0.40654570777920945,0.4667695558086402,0.5207979626485568,0.4318181872367859,0.2265625
wino_qwen3,first,noise_oracle,5,0.47124458424832333,0.43684226568372864,0.5047559679366057,0.5616864742501415,0.46291208267211914,0.234375
wino_qwen3,first,noise_oracle,6,0.4951035669772687,0.46255834795917816,0.5272814470071855,0.5901245048104131,0.5,0.234375
wino_qwen3,first,noise_oracle,7,0.5156389103210873,0.481407085184613,0.5502051140427957,0.6146010186757216,0.5212061405181885,0.203125
wino_qwen3,first,noise_oracle,8,0.5352246424120126,0.49857925937194225,0.5710009285070301,0.6379456706281834,0.5454545617103577,0.203125
wino_qwen3,first,noise_oracle,9,0.5434150394682177,0.5095402416004684,0.5769602207094958,0.6477079796264855,0.5579831600189209,0.1953125
wino_qwen3,first,noise_oracle,10,0.5622292124161671,0.5277640284873226,0.5961595457994311,0.6701329937747594,0.5714285969734192,0.1953125
wino_qwen3,first,noise_oracle,12,0.576948186836014,0.5419208388880573,0.6118351360109766,0.6876768534238823,0.5888319611549377,0.1875
wino_qwen3,first,noise_oracle,16,0.6069202920054603,0.5722596844057352,0.6406011804444796,0.7234012450481041,0.6082589626312256,0.15625
wino_qwen3,first,noise_oracle,24,0.6369517478782124,0.6002146740483191,0.6715073054861143,0.7591963780418789,0.6476934552192688,0.0859375
wino_qwen3,first,noise_oracle,32,0.6557065701228559,0.624097544174986,0.687475105255745,0.7815506508205999,0.6716517806053162,0.09375
wino_qwen3,first,noise_oracle,48,0.6890616653807348,0.6571337071664805,0.7197550554909973,0.8213073005093379,0.6936115026473999,0.0546875
wino_qwen3,first,noise_oracle,64,0.7043147961303341,0.6718790111896473,0.7362163604588978,0.8394878324844369,0.7202941179275513,0.0390625
wino_qwen3,first,noise_oracle,96,0.7350584604427562,0.7023414063155901,0.7673497490849802,0.8761318619128466,0.7467334270477295,0.0234375
wino_qwen3,first,noise_oracle,128,0.7575523769956674,0.7258700978785629,0.7883030264653207,0.9029428409734013,0.75,0.015625
wino_qwen3,first,noise_oracle,192,0.7809959048014719,0.751298427950197,0.8093222476318919,0.9308856819468024,0.7745967507362366,0.0078125
wino_qwen3,first,noise_oracle,256,0.8014718974419847,0.775773437317912,0.8266047567435856,0.955291454442558,0.8014084696769714,0.0078125
wino_qwen3,first,noise_oracle,320,0.8198112647634874,0.7963026771317266,0.8428355615929986,0.9771505376344086,0.8119103908538818,0.0
wino_qwen3,first,noise_oracle,384,0.8211120064464141,0.8020834116620249,0.8394646158324902,0.9739804587935429,0.8248081803321838,0.015625
wino_qwen3,first,oracle,1,0.14722296833497478,0.13018123367641193,0.16547520292551177,0.17463183234211271,0.1603427231311798,0.34765625
wino_qwen3,first,oracle,2,0.2253857402930731,0.2043447539251151,0.2476914919211124,0.26734636080430474,0.23145604133605957,0.32421875
wino_qwen3,first,oracle,3,0.2880592115080431,0.26453808608080615,0.31169428872195704,0.34168790710846786,0.28679654002189636,0.30859375
wino_qwen3,first,oracle,4,0.32939385799982096,0.30447794449956983,0.3536642190643282,0.3907179269328802,0.3403995633125305,0.2734375
wino_qwen3,first,oracle,5,0.3556570268899036,0.33058413597725134,0.38077672999823015,0.4218705749079581,0.3641711473464966,0.25390625
wino_qwen3,first,oracle,6,0.38368102187602593,0.35694081109409365,0.4104570774217308,0.4551118663268196,0.37946873903274536,0.2578125
wino_qwen3,first,oracle,7,0.4036469991345092,0.3762516220147666,0.43056085072705913,0.47879495893514584,0.403367280960083,0.23046875
wino_qwen3,first,oracle,8,0.41668905004924345,0.388848924053771,0.443564774800452,0.49426508071367886,0.4285714328289032,0.25
wino_qwen3,first,oracle,9,0.4323275733428836,0.4057310260791573,0.45852266816012055,0.5128150665533843,0.4403179883956909,0.21875
wino_qwen3,first,oracle,10,0.44551884680812964,0.4199712851811614,0.4711048204263053,0.5284621920135939,0.44246530532836914,0.203125
wino_qwen3,first,oracle,12,0.4685588086071567,0.4426160066439975,0.4946973296623491,0.5557915604644577,0.46963363885879517,0.19140625
wino_qwen3,first,oracle,16,0.5061628913361387,0.48077350759125004,0.5319847534256241,0.6003964882469556,0.5096189975738525,0.16015625
wino_qwen3,first,oracle,24,0.5546602202524845,0.529773503923716,0.580512084033369,0.6579226847918437,0.5477821230888367,0.12890625
wino_qwen3,first,oracle,32,0.5805055660011341,0.5541231018776795,0.607119328800141,0.6885797224582272,0.5725995302200317,0.10546875
wino_qwen3,first,oracle,48,0.6247052854627392,0.5990688537995291,0.6500120883254945,0.7410082129708297,0.6145105361938477,0.08203125
wino_qwen3,first,oracle,64,0.6647566180201152,0.6405146805409568,0.6890457065052316,0.7885160011328236,0.659670352935791,0.05859375
wino_qwen3,first,oracle,96,0.7172829558002806,0.6925265542826611,0.7428825348046251,0.8508212970829794,0.7160493731498718,0.0390625
wino_qwen3,first,oracle,128,0.7671232876712328,0.7423138609761757,0.7933621453942302,0.9099405267629567,0.7538607716560364,0.01953125
wino_qwen3,first,oracle,192,0.811740830274271,0.7883097182520892,0.8348132177505673,0.9628646275842537,0.800000011920929,0.0078125
wino_qwen3,first,oracle,256,0.82875220103262,0.8073906423209491,0.8499616159100892,0.9830430472953837,0.8330187201499939,0.0078125
wino_qwen3,first,oracle,320,0.8373474199421016,0.8194427428587902,0.8540799544112467,0.9932384593599547,0.8389977216720581,0.00390625
wino_qwen3,first,oracle,384,0.8211120064464141,0.8020834116620249,0.8394646158324902,0.9739804587935429,0.8248081803321838,0.015625
wino_qwen3,first,pop,1,0.12236249141970335,0.104371013223315,0.14134612287083848,0.14514301897479467,0.11320754885673523,0.37109375
wino_qwen3,first,pop,2,0.20177873280210104,0.17697233821908429,0.2261187383179288,0.23934437836306996,0.2171090692281723,0.34375
wino_qwen3,first,pop,3,0.2617065090876533,0.2335377087924134,0.2896981888118534,0.31042905692438405,0.27195632457733154,0.3125
wino_qwen3,first,pop,4,0.29337153430626434,0.2666253442850315,0.31953102445245396,0.34798923817615407,0.3076923191547394,0.31640625
wino_qwen3,first,pop,5,0.32303697734801684,0.29455510619127695,0.3504425579904849,0.38317757009345793,0.3347701132297516,0.28125
wino_qwen3,first,pop,6,0.35756707553645506,0.3253846528226134,0.38867933434215973,0.4241362220334183,0.3588992953300476,0.265625
wino_qwen3,first,pop,7,0.3759512937595129,0.34435585118217854,0.4052750175526604,0.4459430756159728,0.3838915228843689,0.26171875
wino_qwen3,first,pop,8,0.39994627988181575,0.3690452988625268,0.4285063916493746,0.4744052676295667,0.4142138361930847,0.25
wino_qwen3,first,pop,9,0.4224788850091026,0.39160446271737137,0.4515384085056932,0.5011328235627301,0.43095237016677856,0.23046875
wino_qwen3,first,pop,10,0.4432506640403498,0.4110835157092891,0.47310652438304956,0.5257717360521099,0.453125,0.21484375
wino_qwen3,first,pop,12,0.4727071955113857,0.44113653623657784,0.502623558213757,0.5607122628150666,0.48181217908859253,0.19921875
wino_qwen3,first,pop,16,0.5305160115796699,0.4987165076672301,0.5615744821741866,0.6292834890965732,0.5273088216781616,0.15234375
wino_qwen3,first,pop,24,0.6027397260273972,0.5698500795278574,0.6338354560108302,0.7149532710280374,0.6058970093727112,0.12109375
wino_qwen3,first,pop,32,0.6498045184588295,0.6172565830923368,0.6812432324248987,0.7707802322288304,0.6729021072387695,0.0703125
wino_qwen3,first,pop,48,0.6967200883397499,0.667215963552783,0.7254846946116733,0.8264301897479468,0.7244472503662109,0.0546875
wino_qwen3,first,pop,64,0.7211328976034859,0.6913271992459544,0.7494747782500683,0.8553879920702351,0.736984372138977,0.046875
wino_qwen3,first,pop,96,0.7529173008625063,0.727492472895031,0.7775168464126033,0.8930897762673463,0.7839080691337585,0.0234375
wino_qwen3,first,pop,128,0.7764049303130689,0.7530650334779974,0.7989759699693243,0.9209501557632399,0.800000011920929,0.01953125
wino_qwen3,first,pop,192,0.8031754558748918,0.7827736360993036,0.8224502813152091,0.9527046162560181,0.8145833015441895,0.01171875
wino_qwen3,first,pop,256,0.8092040469155699,0.7889643680301365,0.8279611402371763,0.9598555649957519,0.8202564120292664,0.01171875
wino_qwen3,first,pop,320,0.8176201987644373,0.7990333529582005,0.8351858785982776,0.969838572642311,0.8277472257614136,0.00390625
wino_qwen3,first,pop,384,0.8211120064464141,0.8020834116620249,0.8394646158324902,0.9739804587935429,0.8248081803321838,0.015625
wino_qwen3,first,layerwise,1,0.13316620407676008,0.11695828521146125,0.1505564780931267,0.157958085528179,0.12012986838817596,0.36328125
wino_qwen3,first,layerwise,2,0.16360760438117408,0.14580637584839007,0.18168783389404655,0.19406683659020108,0.16064515709877014,0.33984375
wino_qwen3,first,layerwise,3,0.19357149252395023,0.173582707910687,0.2142165423785123,0.2296091758708581,0.18068116903305054,0.34375
wino_qwen3,first,layerwise,4,0.19918226042319515,0.18002387739484388,0.2191705029267547,0.2362645143018975,0.18663734197616577,0.33984375
wino_qwen3,first,layerwise,5,0.2101650401408661,0.18996907547946454,0.23107948301948428,0.2492919852732937,0.1942371428012848,0.34375
wino_qwen3,first,layerwise,6,0.21380607037335483,0.19434034293467195,0.2344243161630349,0.2536108751062022,0.20521390438079834,0.33984375
wino_qwen3,first,layerwise,7,0.21598471961082757,0.1965192731378578,0.23633780315100017,0.2561951288586803,0.20442326366901398,0.34375
wino_qwen3,first,layerwise,8,0.2188199480705524,0.20003364626043665,0.23857504525281603,0.25955819881053527,0.21176470816135406,0.3359375
wino_qwen3,first,layerwise,9,0.28740263228579105,0.2632367074860247,0.31137060054940474,0.3409090909090909,0.2832080125808716,0.30859375
wino_qwen3,first,layerwise,10,0.3183513892619453,0.2953135452893237,0.3412739075165541,0.37761965448881335,0.3158073425292969,0.3125
wino_qwen3,first,layerwise,12,0.3424060644044528,0.3205671278675158,0.3641615649073124,0.4061526479750779,0.3437729477882385,0.30078125
wino_qwen3,first,layerwise,16,0.3576864535768645,0.3360643669441095,0.3793141878295477,0.42427782497875954,0.36164653301239014,0.296875
wino_qwen3,first,layerwise,24,0.4684095860566449,0.44460570344009964,0.492363988319739,0.555614556782781,0.4669913351535797,0.23828125
wino_qwen3,first,layerwise,32,0.5249350881905274,0.501859783551883,0.547836040437095,0.6226635514018691,0.5313725471496582,0.15625
wino_qwen3,first,layerwise,48,0.622258035634345,0.6028116557766401,0.6417488328299358,0.7381053525913339,0.6201633214950562,0.08984375
wino_qwen3,first,layerwise,64,0.6777389799146447,0.6598271897434309,0.6964193015345818,0.8039153214386859,0.6800000071525574,0.02734375
wino_qwen3,first,layerwise,96,0.7423523442862685,0.7207754688005563,0.7639202231380264,0.8805579156046446,0.7430607676506042,0.0078125
wino_qwen3,first,layerwise,128,0.7790312472020772,0.7578586750209414,0.7998164154485254,0.9240654205607477,0.7850140333175659,0.01171875
wino_qwen3,first,layerwise,192,0.7998925597636315,0.7809345292234929,0.8182766640462007,0.9488105352591334,0.8036001324653625,0.0078125
wino_qwen3,first,layerwise,256,0.8063986629659474,0.7877837491632166,0.8243376875333004,0.9565278957802322,0.815255343914032,0.0078125
wino_qwen3,first,layerwise,320,0.8141582355925627,0.7957151368128208,0.8320177136910756,0.9657320872274143,0.8189269304275513,0.0078125
wino_qwen3,first,layerwise,384,0.8211120064464141,0.8020834116620249,0.8394646158324902,0.9739804587935429,0.8248081803321838,0.015625
wino_qwen3,first,dla,1,0.17817172531112901,0.16605987262700114,0.1916612583377331,0.21134239592183518,0.17192119359970093,0.33203125
wino_qwen3,first,dla,2,0.28746232130599575,0.273014356734658,0.3027605076004303,0.3409798923817615,0.2879526913166046,0.30078125
wino_qwen3,first,dla,3,0.37022114781985854,0.3539987601864494,0.38787972266584875,0.4391461342395922,0.35483869910240173,0.265625
wino_qwen3,first,dla,4,0.4293729668427493,0.41140157877941597,0.4491895906125937,0.509310393656188,0.4110105633735657,0.234375
wino_qwen3,first,dla,5,0.4697525890112514,0.4509442947911546,0.49061487552300165,0.5572075899178703,0.4545454680919647,0.23046875
wino_qwen3,first,dla,6,0.5079237174321783,0.4882104914340095,0.5299012722961399,0.6024851316907391,0.5,0.1953125
wino_qwen3,first,dla,7,0.5398274987316083,0.5199236683996543,0.5614665562877815,0.6403285188331918,0.5316579341888428,0.16796875
wino_qwen3,first,dla,8,0.5635837287730922,0.5436230991423143,0.5853132748313615,0.6685075049561031,0.5581002831459045,0.16015625
wino_qwen3,first,dla,9,0.5913689676783955,0.571432868062348,0.6130826469327414,0.701465590484282,0.5766718983650208,0.1484375
wino_qwen3,first,dla,10,0.6076640701942878,0.5872619585404626,0.6294438775455325,0.7207943925233645,0.5959492921829224,0.1328125
wino_qwen3,first,dla,12,0.6416569672008834,0.6217797304952652,0.6630358405635237,0.7611158312092892,0.6273555755615234,0.1015625
wino_qwen3,first,dla,16,0.6957053749962694,0.6752169773799741,0.7176734945916399,0.8252265647125461,0.6818181872367859,0.0546875
wino_qwen3,first,dla,24,0.7606171844689169,0.7392795794422011,0.782905862689673,0.9022231662418578,0.7552417516708374,0.01953125
wino_qwen3,first,dla,32,0.7957441728594025,0.7750066695067694,0.8176689324424449,0.9438898329085245,0.800000011920929,0.01171875
wino_qwen3,first,dla,48,0.8341242128510461,0.8132836598610729,0.855481376387175,0.9894151798357406,0.8388950824737549,0.0078125
wino_qwen3,first,dla,64,0.8534336108872773,0.8324746178127643,0.8750233544129011,1.01231945624469,0.8579832315444946,0.0078125
wino_qwen3,first,dla,96,0.8708628047870595,0.8507828131921351,0.8907854555107487,1.0329934862645143,0.8799536824226379,0.0078125
wino_qwen3,first,dla,128,0.8754290148327215,0.8560909547520342,0.8951278145368443,1.0384097989238177,0.8793103694915771,0.0078125
wino_qwen3,first,dla,192,0.8782940878025487,0.8585808741589223,0.8980782328876342,1.041808269612008,0.8852459192276001,0.0078125
wino_qwen3,first,dla,256,0.8779359536813203,0.8586972921872069,0.8974387544177848,1.0413834607759842,0.883695662021637,0.0078125
wino_qwen3,first,dla,320,0.8739069448175009,0.8554567875717262,0.8925333007107599,1.0366043613707165,0.8781694173812866,0.00390625
wino_qwen3,first,dla,384,0.8211120064464141,0.8020834116620249,0.8394646158324902,0.9739804587935429,0.8248081803321838,0.015625
wino_qwen3,first,rand,1,0.0017459038409884501,-0.0012655055195934593,0.004591581432398719,0.0020709430756159727,0.0,0.376953125
wino_qwen3,first,rand,2,0.003387351896618617,-0.0006095298618140584,0.007259564120461037,0.00401798357405834,0.0,0.384765625
wino_qwen3,first,rand,3,0.0050735667174023336,0.0006767282220221954,0.009287976675863063,0.006018125177003682,0.005917367059737444,0.388671875
wino_qwen3,first,rand,4,0.0086847524397887,0.0030638669204790165,0.014218988526108733,0.010301614273576891,0.006780123338103294,0.38671875
wino_qwen3,first,rand,5,0.011385680604052885,0.0052328226130713236,0.017554547544631132,0.013505380911922969,0.008931418880820274,0.3828125
wino_qwen3,first,rand,6,0.011564747664667084,0.0049258204101561434,0.018470620347536517,0.013717785329934862,0.009259259328246117,0.388671875
wino_qwen3,first,rand,7,0.016101113200226818,0.008437350831265825,0.023799774818445106,0.01909869725290286,0.011428944766521454,0.39453125
wino_qwen3,first,rand,8,0.017712716745754618,0.009297835656262547,0.026234577049752676,0.021010337015009914,0.011561079882085323,0.390625
wino_qwen3,first,rand,9,0.020279344614558152,0.010615195013473504,0.029819497754464394,0.02405480033984707,0.013712686486542225,0.380859375
wino_qwen3,first,rand,10,0.02711373742800012,0.01651694891679532,0.037820921354759396,0.03216156896063438,0.019237883388996124,0.384765625
wino_qwen3,first,rand,12,0.034574864953591786,0.023394763114957615,0.045623966850207906,0.04101175304446333,0.024795081466436386,0.384765625
wino_qwen3,first,rand,16,0.04328946190348285,0.03190721639066396,0.05473726607431192,0.05134876805437553,0.026969697326421738,0.3984375
wino_qwen3,first,rand,24,0.06574745575551377,0.05195001491883394,0.07893921220436748,0.07798782214670065,0.05594678968191147,0.40234375
wino_qwen3,first,rand,32,0.08971259736771421,0.07411363084969229,0.10522123418690127,0.10641461342395922,0.07537879049777985,0.39453125
wino_qwen3,first,rand,48,0.13846360461993015,0.11980226131962302,0.15661061576716634,0.16424171622769754,0.1171875,0.3828125
wino_qwen3,first,rand,64,0.17661981078580596,0.15599553837497065,0.19722085037781953,0.20950155763239875,0.15558978915214539,0.37109375
wino_qwen3,first,rand,96,0.26469096009789,0.24269194958225102,0.2866323971370335,0.3139691305579156,0.25,0.322265625
wino_qwen3,first,rand,128,0.33925746858865313,0.31701884381987827,0.36178837538386804,0.40241787029170206,0.3284648060798645,0.263671875
wino_qwen3,first,rand,192,0.49782135076252726,0.47206454225017724,0.5243579555992107,0.5905019824412348,0.47241246700286865,0.1640625
wino_qwen3,first,rand,256,0.6309726325842361,0.6065102628182828,0.6555433489487155,0.7484423676012462,0.6311740875244141,0.103515625
wino_qwen3,first,rand,320,0.7441131703823082,0.7206736829016064,0.7667901736078098,0.8826465590484283,0.7469004392623901,0.052734375
wino_qwen3,first,rand,384,0.8211120064464141,0.8020834116620249,0.8394646158324902,0.9739804587935429,0.8248081803321838,0.015625
wino_mixtral,mean,noise_oracle,1,0.18688524590163935,0.17625724910599927,0.19743043390662854,0.23765234124438742,0.18697033822536469,0.4765625
wino_mixtral,mean,noise_oracle,2,0.31324085750315256,0.2972566627173292,0.32889991998485174,0.3983322642719692,0.31594398617744446,0.3984375
wino_mixtral,mean,noise_oracle,3,0.40844892812105926,0.38852130821884134,0.42789970869963895,0.5194034637588197,0.4166666567325592,0.28125
wino_mixtral,mean,noise_oracle,4,0.47162673392181587,0.450496251330274,0.49268336234578375,0.5997434252726106,0.4752747416496277,0.25
wino_mixtral,mean,noise_oracle,5,0.5234552332912988,0.5023942538449923,0.5445989865982215,0.6656510583707504,0.5384615659713745,0.1875
wino_mixtral,mean,noise_oracle,6,0.5649432534678437,0.5433543811976029,0.5870614733379299,0.718409236690186,0.5833333134651184,0.140625
wino_mixtral,mean,noise_oracle,7,0.5944514501891551,0.5712778255190455,0.6175825701554276,0.7559332905708788,0.6111111044883728,0.125
wino_mixtral,mean,noise_oracle,8,0.6204287515762925,0.5979106578591756,0.6434431489616783,0.7889672867222579,0.6405128240585327,0.09375
wino_mixtral,mean,noise_oracle,9,0.6438839848675915,0.6205713834685854,0.6669940162453875,0.8187940987812701,0.6642156839370728,0.0859375
wino_mixtral,mean,noise_oracle,10,0.662547288776797,0.6388160522476011,0.6861706192292419,0.8425272610647851,0.6810860633850098,0.0625
wino_mixtral,mean,noise_oracle,12,0.6900378310214376,0.6668462561311782,0.713088923520434,0.8774855676715844,0.7111111283302307,0.0625
wino_mixtral,mean,noise_oracle,16,0.728625472887768,0.7066860476727597,0.7503720582736519,0.926555484284798,0.7540664672851562,0.0390625
wino_mixtral,mean,noise_oracle,24,0.7626733921815889,0.7410255139955413,0.7837068718707748,0.9698524695317511,0.7817765474319458,0.03125
wino_mixtral,mean,noise_oracle,32,0.7802017654476671,0.7601217566224313,0.8000500371568358,0.992142398973701,0.797039270401001,0.03125
wino_mixtral,mean,noise_oracle,48,0.8013871374527112,0.7822784361398313,0.8203619784961659,1.019082745349583,0.8202564120292664,0.015625
wino_mixtral,mean,noise_oracle,64,0.7669110878329048,0.7430454309154056,0.7890023589399565,0.973565441650548,0.7916666865348816,0.05078125
wino_mixtral,mean,oracle,1,0.15087451988699488,0.14211629241605775,0.16010750446617633,0.19152965828497742,0.1527777761220932,0.47265625
wino_mixtral,mean,oracle,2,0.28356029584484016,0.27098978677427155,0.2963045796580294,0.35996937459703415,0.28474903106689453,0.44140625
wino_mixtral,mean,oracle,3,0.3763768529981272,0.36092023680903224,0.39240848173970894,0.47779658284977433,0.37627550959587097,0.33984375
wino_mixtral,mean,oracle,4,0.4510998952480716,0.4343033959287788,0.4674198349611345,0.5726547388781431,0.4517672061920166,0.28515625
wino_mixtral,mean,oracle,5,0.5070945624226264,0.4895820257095515,0.524625731473503,0.6437379110251451,0.5114166736602783,0.203125
wino_mixtral,mean,oracle,6,0.5505824842078533,0.5325329971720583,0.5679533823941086,0.6989442295293359,0.5571895837783813,0.14453125
wino_mixtral,mean,oracle,7,0.5838491572231216,0.5652811113318774,0.6016617381675012,0.7411750483558994,0.6000000238418579,0.109375
wino_mixtral,mean,oracle,8,0.6135606132749262,0.5945469590745268,0.6323560698346811,0.7788926499032882,0.6268926858901978,0.08984375
wino_mixtral,mean,oracle,9,0.6364790654858268,0.6175081714234639,0.6553250707579862,0.8079867827208252,0.6535897254943848,0.078125
wino_mixtral,mean,oracle,10,0.6567311049741295,0.6377436286903658,0.6757275668116827,0.8336960025789814,0.6666666865348816,0.06640625
wino_mixtral,mean,oracle,12,0.6871409072151858,0.6681857897757838,0.706168678583839,0.8723001289490652,0.706222653388977,0.0546875
wino_mixtral,mean,oracle,16,0.7252325175380122,0.7070883106862792,0.7435069716168673,0.9206560283687943,0.7389823198318481,0.03515625
wino_mixtral,mean,oracle,24,0.7602133130178078,0.743396516020986,0.7771266436863571,0.9650628626692457,0.7748239040374756,0.03125
wino_mixtral,mean,oracle,32,0.7790686601276069,0.7623957389578652,0.7958811554726589,0.9889990328820116,0.7931034564971924,0.02734375
wino_mixtral,mean,oracle,48,0.7981144652890201,0.7817361073118138,0.8140419580361031,1.0131769825918762,0.8104053735733032,0.01171875
wino_mixtral,mean,oracle,64,0.7669110878329048,0.7430454309154056,0.7890023589399565,0.973565441650548,0.7916666865348816,0.05078125
wino_mixtral,mean,pop,1,0.14671618576008635,0.13687001651323602,0.15701420380994965,0.186250805931657,0.14809481799602509,0.50390625
wino_mixtral,mean,pop,2,0.27321207504047235,0.259186037027241,0.28745007832293645,0.34683268858800775,0.2771867513656616,0.46484375
wino_mixtral,mean,pop,3,0.34393549820652003,0.32922936478020004,0.3590683533888298,0.436613475177305,0.3499999940395355,0.40234375
wino_mixtral,mean,pop,4,0.3933276195917849,0.37801028831198197,0.408154963737344,0.49931495809155385,0.4025316536426544,0.3359375
wino_mixtral,mean,pop,5,0.4283719010887852,0.41161364801168154,0.4441577886956732,0.5438023855577047,0.4451388716697693,0.265625
wino_mixtral,mean,pop,6,0.4747801796654287,0.45792350283044064,0.491114796978458,0.6027159896840748,0.4885832965373993,0.2265625
wino_mixtral,mean,pop,7,0.5196647938291591,0.5004339435929829,0.5383482824428053,0.6596953578336557,0.5341085195541382,0.1875
wino_mixtral,mean,pop,8,0.5500745960702156,0.5306835072104621,0.568900678736046,0.6982994842037396,0.5684046745300293,0.125
wino_mixtral,mean,pop,9,0.5772466114338317,0.5564923049715712,0.5973764574199002,0.7327933591231464,0.5979886651039124,0.11328125
wino_mixtral,mean,pop,10,0.5995302034726852,0.5785765114831855,0.6200009747610823,0.7610815602836879,0.6193829774856567,0.11328125
wino_mixtral,mean,pop,12,0.6341935688664572,0.6137275395011598,0.6544420537821437,0.8050854287556415,0.6645021438598633,0.08984375
wino_mixtral,mean,pop,16,0.6964098657270736,0.6764476814194715,0.7152728851260245,0.8840667311411993,0.7215842008590698,0.046875
wino_mixtral,mean,pop,24,0.7668158588070977,0.7487336562858992,0.7840799346522999,0.9734445519019987,0.783644437789917,0.03125
wino_mixtral,mean,pop,32,0.7894168809319747,0.7730974190789305,0.8054374963232646,1.002135718891038,0.8050364255905151,0.01171875
wino_mixtral,mean,pop,48,0.7974161190997683,0.7814920263031914,0.8127917925193351,1.0122904577691811,0.8130296468734741,0.01171875
wino_mixtral,mean,pop,64,0.7669110878329048,0.7430454309154056,0.7890023589399565,0.973565441650548,0.7916666865348816,0.05078125
wino_mixtral,mean,layerwise,1,0.14690664381170046,0.13707808000903404,0.1572200804924445,0.18649258542875563,0.14809481799602509,0.50390625
wino_mixtral,mean,layerwise,2,0.16668253817096784,0.15661556360379306,0.17715876859463273,0.21159735654416506,0.1666666716337204,0.48828125
wino_mixtral,mean,layerwise,3,0.2468653779005174,0.23461136363361834,0.2593742376304864,0.313386524822695,0.24444444477558136,0.48046875
wino_mixtral,mean,layerwise,4,0.3056534298320795,0.2888063383102767,0.32285989345060534,0.3880157962604771,0.2970861494541168,0.421875
wino_mixtral,mean,layerwise,5,0.41313525695965464,0.39620179176542464,0.4303458875068415,0.524460025789813,0.4158805012702942,0.3203125
wino_mixtral,mean,layerwise,6,0.42691172269307687,0.41055476901876803,0.4435580547454206,0.5419487427466151,0.4285714328289032,0.3125
wino_mixtral,mean,layerwise,7,0.46849506396216234,0.45381472209565055,0.48278249483708646,0.5947372662798195,0.47065404057502747,0.26171875
wino_mixtral,mean,layerwise,8,0.48696949496873315,0.4729955795567031,0.5008162164415149,0.6181898774983882,0.4874922037124634,0.2421875
wino_mixtral,mean,layerwise,9,0.5248071612227407,0.5102873587213765,0.539073601058897,0.6662234042553191,0.5279338359832764,0.171875
wino_mixtral,mean,layerwise,10,0.5394089451798242,0.524751740931808,0.5535037299663956,0.6847598323662153,0.5464396476745605,0.1484375
wino_mixtral,mean,layerwise,12,0.5962289305780402,0.5808673885031305,0.610921798975212,0.7568907156673114,0.6056618690490723,0.109375
wino_mixtral,mean,layerwise,16,0.6661270355204266,0.6494512644054264,0.6827382147528744,0.8456237911025145,0.686887264251709,0.0625
wino_mixtral,mean,layerwise,24,0.7491667460241882,0.7330177371839698,0.7653291700013307,0.9510396518375241,0.7731560468673706,0.02734375
wino_mixtral,mean,layerwise,32,0.7928451258610291,0.7766822948920293,0.8079762666777535,1.0064877498388136,0.8055555820465088,0.01171875
wino_mixtral,mean,layerwise,48,0.799892073770752,0.783813575657494,0.8153343344875321,1.0154335912314636,0.8092563152313232,0.01171875
wino_mixtral,mean,layerwise,64,0.7669110878329048,0.7430454309154056,0.7890023589399565,0.973565441650548,0.7916666865348816,0.05078125
wino_mixtral,mean,dla,1,0.147668476018157,0.13916809107830178,0.1565724601011014,0.18745970341715024,0.13724106550216675,0.46875
wino_mixtral,mean,dla,2,0.26168936291781736,0.2500391328291379,0.27387964257784464,0.33220502901353965,0.2514367699623108,0.4375
wino_mixtral,mean,dla,3,0.34803034631622387,0.3346867847629388,0.36178742247368345,0.4418117343649259,0.33578431606292725,0.38671875
wino_mixtral,mean,dla,4,0.4130400279338476,0.39849902335972787,0.42874896006654467,0.5243391360412637,0.41025641560554504,0.33984375
wino_mixtral,mean,dla,5,0.47068533155572484,0.4547948137549051,0.48704980538318304,0.5975177304964538,0.4696938991546631,0.26171875
wino_mixtral,mean,dla,6,0.5174745262355966,0.5012207195933887,0.534001293516834,0.6569148936170213,0.5208695530891418,0.21484375
wino_mixtral,mean,dla,7,0.556899342919722,0.5408168714064702,0.5729531735015706,0.706963249516441,0.5634273886680603,0.1640625
wino_mixtral,mean,dla,8,0.5878170332984161,0.5716695670729335,0.6042165500925178,0.7462121212121212,0.6000000238418579,0.13671875
wino_mixtral,mean,dla,9,0.6154334507824651,0.5995328498540636,0.6318248575736808,0.7812701482914249,0.6216216087341309,0.1015625
wino_mixtral,mean,dla,10,0.6407643716471447,0.6245336203686276,0.6570319997192405,0.8134268214055448,0.6503968238830566,0.0859375
wino_mixtral,mean,dla,12,0.6797447862108371,0.6633323825480607,0.6960452810553158,0.8629110251450677,0.6902821063995361,0.0703125
wino_mixtral,mean,dla,16,0.7342157889724789,0.7182025781806345,0.7500414017798057,0.9320599613152805,0.751288652420044,0.03125
wino_mixtral,mean,dla,24,0.785068088753452,0.7692246463825015,0.8003760060364774,0.996615087040619,0.800000011920929,0.01953125
wino_mixtral,mean,dla,32,0.7991619845728978,0.7829655281305252,0.8146104369997288,1.0145067698259187,0.8162092566490173,0.01953125
wino_mixtral,mean,dla,48,0.8049074691299242,0.7888982697929151,0.8203010978054263,1.0218004513217278,0.8205128312110901,0.015625
wino_mixtral,mean,dla,64,0.7669110878329048,0.7430454309154056,0.7890023589399565,0.973565441650548,0.7916666865348816,0.05078125
wino_mixtral,mean,rand,1,0.013046376535568041,0.008596937376188246,0.017530799041018764,0.016561895551257252,0.008547632955014706,0.50390625
wino_mixtral,mean,rand,2,0.02890200933244453,0.02189620539960371,0.0362093097175897,0.03669003868471954,0.022649573162198067,0.50390625
wino_mixtral,mean,rand,3,0.04620194902072818,0.03767482598465098,0.05533296296133421,0.05865167633784655,0.036149825900793076,0.494140625
wino_mixtral,mean,rand,4,0.06256546995524236,0.05276783822700921,0.0731415579016297,0.07942456479690523,0.05000000074505806,0.5
wino_mixtral,mean,rand,5,0.07911944894137066,0.06879749383041377,0.08982447183124857,0.10043923275306255,0.06981012225151062,0.501953125
wino_mixtral,mean,rand,6,0.09207059645113164,0.08059512790126556,0.10383564329948587,0.11688023855577047,0.07868936657905579,0.48828125
wino_mixtral,mean,rand,7,0.11102117258673777,0.09830890990753571,0.12368541997339401,0.14093729851708575,0.10000000149011612,0.482421875
wino_mixtral,mean,rand,8,0.12694029140081897,0.11320420770352459,0.14049254540913034,0.1611460348162476,0.11746156960725784,0.47265625
wino_mixtral,mean,rand,9,0.14630352664825572,0.131199176608314,0.16142788830389865,0.18572695035460993,0.1320754736661911,0.47265625
wino_mixtral,mean,rand,10,0.15865155699457195,0.14331115419948728,0.17413814483232898,0.20140232108317216,0.1552777886390686,0.46484375
wino_mixtral,mean,rand,12,0.18756943783131766,0.1695393250639606,0.20555026620447456,0.23811250805931658,0.1909814327955246,0.4375
wino_mixtral,mean,rand,16,0.25467415801669685,0.23602605813660688,0.2733306074439948,0.3232994842037395,0.2558831572532654,0.404296875
wino_mixtral,mean,rand,24,0.37291686506047045,0.35058518108937087,0.3947740327854427,0.4734042553191489,0.3816502094268799,0.310546875
wino_mixtral,mean,rand,32,0.48268418880741515,0.459918690875632,0.5050118811718358,0.6127498388136686,0.5,0.220703125
wino_mixtral,mean,rand,48,0.6542551503031457,0.630192675738443,0.6774520193567515,0.8305528691166989,0.6849623918533325,0.103515625
wino_mixtral,mean,rand,64,0.7669110878329048,0.7430454309154056,0.7890023589399565,0.973565441650548,0.7916666865348816,0.05078125
wino_mixtral,first,noise_oracle,1,0.18688524590163935,0.17625724910599927,0.19743043390662854,0.23765234124438742,0.18697033822536469,0.4765625
wino_mixtral,first,noise_oracle,2,0.31324085750315256,0.2972566627173292,0.32889991998485174,0.3983322642719692,0.31594398617744446,0.3984375
wino_mixtral,first,noise_oracle,3,0.40844892812105926,0.38852130821884134,0.42789970869963895,0.5194034637588197,0.4166666567325592,0.28125
wino_mixtral,first,noise_oracle,4,0.47162673392181587,0.450496251330274,0.49268336234578375,0.5997434252726106,0.4752747416496277,0.25
wino_mixtral,first,noise_oracle,5,0.5234552332912988,0.5023942538449923,0.5445989865982215,0.6656510583707504,0.5384615659713745,0.1875
wino_mixtral,first,noise_oracle,6,0.5649432534678437,0.5433543811976029,0.5870614733379299,0.718409236690186,0.5833333134651184,0.140625
wino_mixtral,first,noise_oracle,7,0.5944514501891551,0.5712778255190455,0.6175825701554276,0.7559332905708788,0.6111111044883728,0.125
wino_mixtral,first,noise_oracle,8,0.6204287515762925,0.5979106578591756,0.6434431489616783,0.7889672867222579,0.6405128240585327,0.09375
wino_mixtral,first,noise_oracle,9,0.6438839848675915,0.6205713834685854,0.6669940162453875,0.8187940987812701,0.6642156839370728,0.0859375
wino_mixtral,first,noise_oracle,10,0.662547288776797,0.6388160522476011,0.6861706192292419,0.8425272610647851,0.6810860633850098,0.0625
wino_mixtral,first,noise_oracle,12,0.6900378310214376,0.6668462561311782,0.713088923520434,0.8774855676715844,0.7111111283302307,0.0625
wino_mixtral,first,noise_oracle,16,0.728625472887768,0.7066860476727597,0.7503720582736519,0.926555484284798,0.7540664672851562,0.0390625
wino_mixtral,first,noise_oracle,24,0.7626733921815889,0.7410255139955413,0.7837068718707748,0.9698524695317511,0.7817765474319458,0.03125
wino_mixtral,first,noise_oracle,32,0.7802017654476671,0.7601217566224313,0.8000500371568358,0.992142398973701,0.797039270401001,0.03125
wino_mixtral,first,noise_oracle,48,0.8013871374527112,0.7822784361398313,0.8203619784961659,1.019082745349583,0.8202564120292664,0.015625
wino_mixtral,first,noise_oracle,64,0.7669110878329048,0.7430454309154056,0.7890023589399565,0.973565441650548,0.7916666865348816,0.05078125
wino_mixtral,first,oracle,1,0.15087451988699488,0.14211629241605775,0.16010750446617633,0.19152965828497742,0.1527777761220932,0.47265625
wino_mixtral,first,oracle,2,0.28356029584484016,0.27098978677427155,0.2963045796580294,0.35996937459703415,0.28474903106689453,0.44140625
wino_mixtral,first,oracle,3,0.3763768529981272,0.36092023680903224,0.39240848173970894,0.47779658284977433,0.37627550959587097,0.33984375
wino_mixtral,first,oracle,4,0.4510998952480716,0.4343033959287788,0.4674198349611345,0.5726547388781431,0.4517672061920166,0.28515625
wino_mixtral,first,oracle,5,0.5070945624226264,0.4895820257095515,0.524625731473503,0.6437379110251451,0.5114166736602783,0.203125
wino_mixtral,first,oracle,6,0.5505824842078533,0.5325329971720583,0.5679533823941086,0.6989442295293359,0.5571895837783813,0.14453125
wino_mixtral,first,oracle,7,0.5838491572231216,0.5652811113318774,0.6016617381675012,0.7411750483558994,0.6000000238418579,0.109375
wino_mixtral,first,oracle,8,0.6135606132749262,0.5945469590745268,0.6323560698346811,0.7788926499032882,0.6268926858901978,0.08984375
wino_mixtral,first,oracle,9,0.6364790654858268,0.6175081714234639,0.6553250707579862,0.8079867827208252,0.6535897254943848,0.078125
wino_mixtral,first,oracle,10,0.6567311049741295,0.6377436286903658,0.6757275668116827,0.8336960025789814,0.6666666865348816,0.06640625
wino_mixtral,first,oracle,12,0.6871409072151858,0.6681857897757838,0.706168678583839,0.8723001289490652,0.706222653388977,0.0546875
wino_mixtral,first,oracle,16,0.7252325175380122,0.7070883106862792,0.7435069716168673,0.9206560283687943,0.7389823198318481,0.03515625
wino_mixtral,first,oracle,24,0.7602133130178078,0.743396516020986,0.7771266436863571,0.9650628626692457,0.7748239040374756,0.03125
wino_mixtral,first,oracle,32,0.7790686601276069,0.7623957389578652,0.7958811554726589,0.9889990328820116,0.7931034564971924,0.02734375
wino_mixtral,first,oracle,48,0.7981144652890201,0.7817361073118138,0.8140419580361031,1.0131769825918762,0.8104053735733032,0.01171875
wino_mixtral,first,oracle,64,0.7669110878329048,0.7430454309154056,0.7890023589399565,0.973565441650548,0.7916666865348816,0.05078125
wino_mixtral,first,pop,1,0.14671618576008635,0.13687001651323602,0.15701420380994965,0.186250805931657,0.14809481799602509,0.50390625
wino_mixtral,first,pop,2,0.27321207504047235,0.259186037027241,0.28745007832293645,0.34683268858800775,0.2771867513656616,0.46484375
wino_mixtral,first,pop,3,0.34393549820652003,0.32922936478020004,0.3590683533888298,0.436613475177305,0.3499999940395355,0.40234375
wino_mixtral,first,pop,4,0.3933276195917849,0.37801028831198197,0.408154963737344,0.49931495809155385,0.4025316536426544,0.3359375
wino_mixtral,first,pop,5,0.4283719010887852,0.41161364801168154,0.4441577886956732,0.5438023855577047,0.4451388716697693,0.265625
wino_mixtral,first,pop,6,0.4747801796654287,0.45792350283044064,0.491114796978458,0.6027159896840748,0.4885832965373993,0.2265625
wino_mixtral,first,pop,7,0.5196647938291591,0.5004339435929829,0.5383482824428053,0.6596953578336557,0.5341085195541382,0.1875
wino_mixtral,first,pop,8,0.5500745960702156,0.5306835072104621,0.568900678736046,0.6982994842037396,0.5684046745300293,0.125
wino_mixtral,first,pop,9,0.5772466114338317,0.5564923049715712,0.5973764574199002,0.7327933591231464,0.5979886651039124,0.11328125
wino_mixtral,first,pop,10,0.5995302034726852,0.5785765114831855,0.6200009747610823,0.7610815602836879,0.6193829774856567,0.11328125
wino_mixtral,first,pop,12,0.6341935688664572,0.6137275395011598,0.6544420537821437,0.8050854287556415,0.6645021438598633,0.08984375
wino_mixtral,first,pop,16,0.6964098657270736,0.6764476814194715,0.7152728851260245,0.8840667311411993,0.7215842008590698,0.046875
wino_mixtral,first,pop,24,0.7668158588070977,0.7487336562858992,0.7840799346522999,0.9734445519019987,0.783644437789917,0.03125
wino_mixtral,first,pop,32,0.7894168809319747,0.7730974190789305,0.8054374963232646,1.002135718891038,0.8050364255905151,0.01171875
wino_mixtral,first,pop,48,0.7974161190997683,0.7814920263031914,0.8127917925193351,1.0122904577691811,0.8130296468734741,0.01171875
wino_mixtral,first,pop,64,0.7669110878329048,0.7430454309154056,0.7890023589399565,0.973565441650548,0.7916666865348816,0.05078125
wino_mixtral,first,layerwise,1,0.14690664381170046,0.13707808000903404,0.1572200804924445,0.18649258542875563,0.14809481799602509,0.50390625
wino_mixtral,first,layerwise,2,0.16668253817096784,0.15661556360379306,0.17715876859463273,0.21159735654416506,0.1666666716337204,0.48828125
wino_mixtral,first,layerwise,3,0.2468653779005174,0.23461136363361834,0.2593742376304864,0.313386524822695,0.24444444477558136,0.48046875
wino_mixtral,first,layerwise,4,0.3056534298320795,0.2888063383102767,0.32285989345060534,0.3880157962604771,0.2970861494541168,0.421875
wino_mixtral,first,layerwise,5,0.41313525695965464,0.39620179176542464,0.4303458875068415,0.524460025789813,0.4158805012702942,0.3203125
wino_mixtral,first,layerwise,6,0.42691172269307687,0.41055476901876803,0.4435580547454206,0.5419487427466151,0.4285714328289032,0.3125
wino_mixtral,first,layerwise,7,0.46849506396216234,0.45381472209565055,0.48278249483708646,0.5947372662798195,0.47065404057502747,0.26171875
wino_mixtral,first,layerwise,8,0.48696949496873315,0.4729955795567031,0.5008162164415149,0.6181898774983882,0.4874922037124634,0.2421875
wino_mixtral,first,layerwise,9,0.5248071612227407,0.5102873587213765,0.539073601058897,0.6662234042553191,0.5279338359832764,0.171875
wino_mixtral,first,layerwise,10,0.5394089451798242,0.524751740931808,0.5535037299663956,0.6847598323662153,0.5464396476745605,0.1484375
wino_mixtral,first,layerwise,12,0.5962289305780402,0.5808673885031305,0.610921798975212,0.7568907156673114,0.6056618690490723,0.109375
wino_mixtral,first,layerwise,16,0.6661270355204266,0.6494512644054264,0.6827382147528744,0.8456237911025145,0.686887264251709,0.0625
wino_mixtral,first,layerwise,24,0.7491667460241882,0.7330177371839698,0.7653291700013307,0.9510396518375241,0.7731560468673706,0.02734375
wino_mixtral,first,layerwise,32,0.7928451258610291,0.7766822948920293,0.8079762666777535,1.0064877498388136,0.8055555820465088,0.01171875
wino_mixtral,first,layerwise,48,0.799892073770752,0.783813575657494,0.8153343344875321,1.0154335912314636,0.8092563152313232,0.01171875
wino_mixtral,first,layerwise,64,0.7669110878329048,0.7430454309154056,0.7890023589399565,0.973565441650548,0.7916666865348816,0.05078125
wino_mixtral,first,dla,1,0.147668476018157,0.13916809107830178,0.1565724601011014,0.18745970341715024,0.13724106550216675,0.46875
wino_mixtral,first,dla,2,0.26168936291781736,0.2500391328291379,0.27387964257784464,0.33220502901353965,0.2514367699623108,0.4375
wino_mixtral,first,dla,3,0.34803034631622387,0.3346867847629388,0.36178742247368345,0.4418117343649259,0.33578431606292725,0.38671875
wino_mixtral,first,dla,4,0.4130400279338476,0.39849902335972787,0.42874896006654467,0.5243391360412637,0.41025641560554504,0.33984375
wino_mixtral,first,dla,5,0.47068533155572484,0.4547948137549051,0.48704980538318304,0.5975177304964538,0.4696938991546631,0.26171875
wino_mixtral,first,dla,6,0.5174745262355966,0.5012207195933887,0.534001293516834,0.6569148936170213,0.5208695530891418,0.21484375
wino_mixtral,first,dla,7,0.556899342919722,0.5408168714064702,0.5729531735015706,0.706963249516441,0.5634273886680603,0.1640625
wino_mixtral,first,dla,8,0.5878170332984161,0.5716695670729335,0.6042165500925178,0.7462121212121212,0.6000000238418579,0.13671875
wino_mixtral,first,dla,9,0.6154334507824651,0.5995328498540636,0.6318248575736808,0.7812701482914249,0.6216216087341309,0.1015625
wino_mixtral,first,dla,10,0.6407643716471447,0.6245336203686276,0.6570319997192405,0.8134268214055448,0.6503968238830566,0.0859375
wino_mixtral,first,dla,12,0.6797447862108371,0.6633323825480607,0.6960452810553158,0.8629110251450677,0.6902821063995361,0.0703125
wino_mixtral,first,dla,16,0.7342157889724789,0.7182025781806345,0.7500414017798057,0.9320599613152805,0.751288652420044,0.03125
wino_mixtral,first,dla,24,0.785068088753452,0.7692246463825015,0.8003760060364774,0.996615087040619,0.800000011920929,0.01953125
wino_mixtral,first,dla,32,0.7991619845728978,0.7829655281305252,0.8146104369997288,1.0145067698259187,0.8162092566490173,0.01953125
wino_mixtral,first,dla,48,0.8049074691299242,0.7888982697929151,0.8203010978054263,1.0218004513217278,0.8205128312110901,0.015625
wino_mixtral,first,dla,64,0.7669110878329048,0.7430454309154056,0.7890023589399565,0.973565441650548,0.7916666865348816,0.05078125
wino_mixtral,first,rand,1,0.013046376535568041,0.008596937376188246,0.017530799041018764,0.016561895551257252,0.008547632955014706,0.50390625
wino_mixtral,first,rand,2,0.02890200933244453,0.02189620539960371,0.0362093097175897,0.03669003868471954,0.022649573162198067,0.50390625
wino_mixtral,first,rand,3,0.04620194902072818,0.03767482598465098,0.05533296296133421,0.05865167633784655,0.036149825900793076,0.494140625
wino_mixtral,first,rand,4,0.06256546995524236,0.05276783822700921,0.0731415579016297,0.07942456479690523,0.05000000074505806,0.5
wino_mixtral,first,rand,5,0.07911944894137066,0.06879749383041377,0.08982447183124857,0.10043923275306255,0.06981012225151062,0.501953125
wino_mixtral,first,rand,6,0.09207059645113164,0.08059512790126556,0.10383564329948587,0.11688023855577047,0.07868936657905579,0.48828125
wino_mixtral,first,rand,7,0.11102117258673777,0.09830890990753571,0.12368541997339401,0.14093729851708575,0.10000000149011612,0.482421875
wino_mixtral,first,rand,8,0.12694029140081897,0.11320420770352459,0.14049254540913034,0.1611460348162476,0.11746156960725784,0.47265625
wino_mixtral,first,rand,9,0.14630352664825572,0.131199176608314,0.16142788830389865,0.18572695035460993,0.1320754736661911,0.47265625
wino_mixtral,first,rand,10,0.15865155699457195,0.14331115419948728,0.17413814483232898,0.20140232108317216,0.1552777886390686,0.46484375
wino_mixtral,first,rand,12,0.18756943783131766,0.1695393250639606,0.20555026620447456,0.23811250805931658,0.1909814327955246,0.4375
wino_mixtral,first,rand,16,0.25467415801669685,0.23602605813660688,0.2733306074439948,0.3232994842037395,0.2558831572532654,0.404296875
wino_mixtral,first,rand,24,0.37291686506047045,0.35058518108937087,0.3947740327854427,0.4734042553191489,0.3816502094268799,0.310546875
wino_mixtral,first,rand,32,0.48268418880741515,0.459918690875632,0.5050118811718358,0.6127498388136686,0.5,0.220703125
wino_mixtral,first,rand,48,0.6542551503031457,0.630192675738443,0.6774520193567515,0.8305528691166989,0.6849623918533325,0.103515625
wino_mixtral,first,rand,64,0.7669110878329048,0.7430454309154056,0.7890023589399565,0.973565441650548,0.7916666865348816,0.05078125
